-- MySQL dump 10.13  Distrib 5.6.19, for Linux (x86_64)
--
-- Host: 127.0.0.1    Database: cenfo_ps1
-- ------------------------------------------------------
-- Server version	5.6.25

/*!40101 SET @OLD_CHARACTER_SET_CLIENT=@@CHARACTER_SET_CLIENT */;
/*!40101 SET @OLD_CHARACTER_SET_RESULTS=@@CHARACTER_SET_RESULTS */;
/*!40101 SET @OLD_COLLATION_CONNECTION=@@COLLATION_CONNECTION */;
/*!40101 SET NAMES utf8 */;
/*!40103 SET @OLD_TIME_ZONE=@@TIME_ZONE */;
/*!40103 SET TIME_ZONE='+00:00' */;
/*!40014 SET @OLD_UNIQUE_CHECKS=@@UNIQUE_CHECKS, UNIQUE_CHECKS=0 */;
/*!40014 SET @OLD_FOREIGN_KEY_CHECKS=@@FOREIGN_KEY_CHECKS, FOREIGN_KEY_CHECKS=0 */;
/*!40101 SET @OLD_SQL_MODE=@@SQL_MODE, SQL_MODE='NO_AUTO_VALUE_ON_ZERO' */;
/*!40111 SET @OLD_SQL_NOTES=@@SQL_NOTES, SQL_NOTES=0 */;

--
-- Table structure for table `BITACORA`
--

DROP TABLE IF EXISTS `BITACORA`;
/*!40101 SET @saved_cs_client     = @@character_set_client */;
/*!40101 SET character_set_client = utf8 */;
CREATE TABLE `BITACORA` (
  `id_bitacora` int(11) NOT NULL AUTO_INCREMENT,
  `fecha_hora` datetime NOT NULL,
  `accion` varchar(20) NOT NULL,
  `id_usuario` int(11) NOT NULL,
  `id_plato` int(11) DEFAULT NULL,
  `id_puesto` int(11) DEFAULT NULL,
  `usuario_alterado` int(11) DEFAULT NULL,
  `id_mesa` int(11) DEFAULT NULL,
  `id_factura` int(11) DEFAULT NULL,
  `id_orden` int(11) DEFAULT NULL,
  `id_reservacion` int(11) DEFAULT NULL,
  `id_metodo` int(11) DEFAULT NULL,
  PRIMARY KEY (`id_bitacora`),
  KEY `mesas_bitacora_fk` (`id_mesa`),
  KEY `ordenes_bitacora_fk` (`id_orden`),
  KEY `platos_bitacora_fk` (`id_plato`),
  KEY `puestos_bitacora_fk` (`id_puesto`),
  KEY `reservaciones_bitacora_fk` (`id_reservacion`),
  KEY `usuarios_bitacora_fk` (`id_usuario`),
  KEY `usuarios_bitacora_fk1` (`usuario_alterado`),
  KEY `metodos_pago_bitacora_fk` (`id_metodo`),
  KEY `facturas_bitacora_fk` (`id_factura`),
  CONSTRAINT `facturas_bitacora_fk` FOREIGN KEY (`id_factura`) REFERENCES `FACTURAS` (`id_factura`) ON DELETE NO ACTION ON UPDATE NO ACTION,
  CONSTRAINT `mesas_bitacora_fk` FOREIGN KEY (`id_mesa`) REFERENCES `MESAS` (`id_mesa`) ON DELETE NO ACTION ON UPDATE NO ACTION,
  CONSTRAINT `metodos_pago_bitacora_fk` FOREIGN KEY (`id_metodo`) REFERENCES `METODOS_PAGO` (`id_metodo`) ON DELETE NO ACTION ON UPDATE NO ACTION,
  CONSTRAINT `ordenes_bitacora_fk` FOREIGN KEY (`id_orden`) REFERENCES `ORDENES` (`id_orden`) ON DELETE NO ACTION ON UPDATE NO ACTION,
  CONSTRAINT `platos_bitacora_fk` FOREIGN KEY (`id_plato`) REFERENCES `PLATOS` (`id_plato`) ON DELETE NO ACTION ON UPDATE NO ACTION,
  CONSTRAINT `puestos_bitacora_fk` FOREIGN KEY (`id_puesto`) REFERENCES `PUESTOS` (`id_puesto`) ON DELETE NO ACTION ON UPDATE NO ACTION,
  CONSTRAINT `reservaciones_bitacora_fk` FOREIGN KEY (`id_reservacion`) REFERENCES `RESERVACIONES` (`id_reservacion`) ON DELETE NO ACTION ON UPDATE NO ACTION,
  CONSTRAINT `usuarios_bitacora_fk` FOREIGN KEY (`id_usuario`) REFERENCES `USUARIOS` (`id_usuario`) ON DELETE NO ACTION ON UPDATE NO ACTION,
  CONSTRAINT `usuarios_bitacora_fk1` FOREIGN KEY (`usuario_alterado`) REFERENCES `USUARIOS` (`id_usuario`) ON DELETE NO ACTION ON UPDATE NO ACTION
) ENGINE=InnoDB AUTO_INCREMENT=61 DEFAULT CHARSET=utf8;
/*!40101 SET character_set_client = @saved_cs_client */;

--
-- Dumping data for table `BITACORA`
--

LOCK TABLES `BITACORA` WRITE;
/*!40000 ALTER TABLE `BITACORA` DISABLE KEYS */;
INSERT INTO `BITACORA` VALUES (1,'2015-08-17 12:11:22','Borrar',2,NULL,1,NULL,NULL,NULL,NULL,NULL,NULL),(2,'2015-08-17 12:18:52','Borrar',2,NULL,NULL,1,NULL,NULL,NULL,NULL,NULL),(3,'2015-08-17 14:46:38','Borrar',3,NULL,NULL,NULL,NULL,NULL,NULL,NULL,3),(4,'2015-08-17 14:49:19','Borrar',3,NULL,NULL,NULL,NULL,NULL,NULL,NULL,4),(5,'2015-08-17 15:24:32','Ingresar',3,NULL,NULL,NULL,NULL,NULL,NULL,NULL,5),(6,'2015-08-17 15:36:24','Ingresar',3,NULL,NULL,NULL,NULL,NULL,NULL,NULL,6),(7,'2015-08-17 15:37:01','Borrar',3,NULL,NULL,NULL,NULL,NULL,NULL,NULL,5),(8,'2015-08-17 15:37:02','Borrar',3,NULL,NULL,NULL,NULL,NULL,NULL,NULL,6),(9,'2015-08-17 15:52:18','Ingresar',3,NULL,NULL,NULL,NULL,NULL,NULL,NULL,7),(10,'2015-08-17 16:28:59','Ingresar',3,NULL,NULL,10,NULL,NULL,NULL,NULL,NULL),(11,'2015-08-18 00:37:56','Ingresar',3,NULL,NULL,NULL,NULL,NULL,NULL,NULL,8),(12,'2015-08-18 00:38:25','Modificar',3,NULL,NULL,NULL,NULL,NULL,NULL,NULL,8),(13,'2015-08-18 01:32:09','Modificar',3,NULL,NULL,1,NULL,NULL,NULL,NULL,NULL),(14,'2015-08-22 13:57:39','Borrar',3,NULL,NULL,NULL,NULL,NULL,NULL,NULL,7),(15,'2015-08-22 13:58:01','Modificar',3,NULL,NULL,NULL,NULL,NULL,NULL,NULL,8),(16,'2015-08-22 14:01:51','Modificar',3,NULL,NULL,NULL,NULL,NULL,NULL,NULL,8),(17,'2015-08-22 14:35:15','Modificar',3,NULL,NULL,NULL,NULL,NULL,NULL,NULL,8),(18,'2015-08-22 17:33:41','Modificar',3,NULL,NULL,3,NULL,NULL,NULL,NULL,NULL),(19,'2015-08-22 18:07:14','Modificar',11,NULL,NULL,11,NULL,NULL,NULL,NULL,NULL),(20,'2015-08-23 15:57:20','Modificar',10,NULL,NULL,10,NULL,NULL,NULL,NULL,NULL),(21,'2015-08-23 23:19:50','Modificar',10,NULL,NULL,9,NULL,NULL,NULL,NULL,NULL),(22,'2015-08-24 14:36:07','Modificar',10,NULL,NULL,3,NULL,NULL,NULL,NULL,NULL),(23,'2015-08-24 14:46:29','Modificar',3,NULL,NULL,1,NULL,NULL,NULL,NULL,NULL),(24,'2015-08-24 14:49:42','Modificar',3,NULL,NULL,2,NULL,NULL,NULL,NULL,NULL),(25,'2015-08-24 15:01:47','Modificar',3,NULL,NULL,4,NULL,NULL,NULL,NULL,NULL),(26,'2015-08-24 15:03:02','Modificar',3,NULL,NULL,5,NULL,NULL,NULL,NULL,NULL),(27,'2015-08-24 15:03:50','Modificar',3,NULL,NULL,3,NULL,NULL,NULL,NULL,NULL),(28,'2015-08-24 15:07:39','Modificar',3,NULL,NULL,5,NULL,NULL,NULL,NULL,NULL),(29,'2015-08-24 15:25:23','Modificar',3,NULL,NULL,9,NULL,NULL,NULL,NULL,NULL),(30,'2015-08-24 15:30:13','Modificar',3,NULL,NULL,6,NULL,NULL,NULL,NULL,NULL),(31,'2015-08-24 15:33:11','Modificar',3,NULL,NULL,7,NULL,NULL,NULL,NULL,NULL),(32,'2015-08-24 15:33:37','Modificar',3,NULL,NULL,1,NULL,NULL,NULL,NULL,NULL),(33,'2015-08-24 15:37:52','Modificar',3,NULL,NULL,8,NULL,NULL,NULL,NULL,NULL),(34,'2015-08-24 15:40:13','Modificar',3,NULL,NULL,10,NULL,NULL,NULL,NULL,NULL),(35,'2015-08-24 15:40:29','Modificar',3,NULL,NULL,1,NULL,NULL,NULL,NULL,NULL),(36,'2015-08-24 15:40:45','Modificar',3,NULL,NULL,3,NULL,NULL,NULL,NULL,NULL),(37,'2015-08-24 15:40:54','Modificar',3,NULL,NULL,4,NULL,NULL,NULL,NULL,NULL),(38,'2015-08-24 15:41:04','Modificar',3,NULL,NULL,5,NULL,NULL,NULL,NULL,NULL),(39,'2015-08-24 15:41:43','Modificar',3,NULL,NULL,11,NULL,NULL,NULL,NULL,NULL),(40,'2015-08-24 15:43:51','Modificar',3,NULL,NULL,NULL,NULL,NULL,NULL,NULL,8),(41,'2015-08-24 15:48:34','Modificar',8,NULL,NULL,8,NULL,NULL,NULL,NULL,NULL),(42,'2015-08-24 16:06:25','Ingresar',12,NULL,NULL,NULL,NULL,NULL,NULL,NULL,9),(43,'2015-08-24 16:57:49','Modificar',8,NULL,NULL,8,NULL,NULL,NULL,NULL,NULL),(44,'2015-08-24 16:58:00','Modificar',8,NULL,NULL,11,NULL,NULL,NULL,NULL,NULL),(45,'2015-08-24 16:58:09','Modificar',8,NULL,NULL,1,NULL,NULL,NULL,NULL,NULL),(46,'2015-08-24 16:58:27','Modificar',8,NULL,NULL,3,NULL,NULL,NULL,NULL,NULL),(47,'2015-08-24 16:58:52','Modificar',8,NULL,NULL,6,NULL,NULL,NULL,NULL,NULL),(48,'2015-08-24 16:59:02','Modificar',8,NULL,NULL,7,NULL,NULL,NULL,NULL,NULL),(49,'2015-08-24 16:59:11','Modificar',8,NULL,NULL,10,NULL,NULL,NULL,NULL,NULL),(50,'2015-08-24 17:03:15','Modificar',8,NULL,NULL,2,NULL,NULL,NULL,NULL,NULL),(51,'2015-08-24 17:03:29','Modificar',8,NULL,NULL,10,NULL,NULL,NULL,NULL,NULL),(52,'2015-08-24 17:05:45','Modificar',8,NULL,NULL,2,NULL,NULL,NULL,NULL,NULL),(53,'2015-08-24 17:52:20','Ingresar',13,NULL,NULL,NULL,NULL,NULL,NULL,NULL,10),(54,'2015-08-24 17:52:26','Borrar',13,NULL,NULL,NULL,NULL,NULL,NULL,NULL,10),(55,'2015-08-24 18:16:46','Modificar',14,NULL,NULL,14,NULL,NULL,NULL,NULL,NULL),(56,'2015-08-24 18:17:40','Ingresar',14,NULL,NULL,NULL,NULL,NULL,NULL,NULL,11),(57,'2015-08-24 18:24:37','Modificar',3,NULL,NULL,3,NULL,NULL,NULL,NULL,NULL),(58,'2015-08-24 18:34:19','Modificar',8,NULL,NULL,15,NULL,NULL,NULL,NULL,NULL),(59,'2015-08-25 00:13:42','Ingresar',8,NULL,NULL,NULL,16,NULL,NULL,NULL,NULL),(60,'2015-08-26 22:40:29','Ingresar',10,36,NULL,NULL,NULL,NULL,NULL,NULL,NULL);
/*!40000 ALTER TABLE `BITACORA` ENABLE KEYS */;
UNLOCK TABLES;

--
-- Table structure for table `FACTURAS`
--

DROP TABLE IF EXISTS `FACTURAS`;
/*!40101 SET @saved_cs_client     = @@character_set_client */;
/*!40101 SET character_set_client = utf8 */;
CREATE TABLE `FACTURAS` (
  `id_factura` int(11) NOT NULL AUTO_INCREMENT,
  `id_orden` int(11) NOT NULL,
  `id_cajero` int(11) NOT NULL,
  `id_cliente` int(11) NOT NULL,
  `fecha_hora` datetime NOT NULL,
  `descuento` decimal(10,0) NOT NULL,
  `total` decimal(10,0) NOT NULL,
  `estado` varchar(45) NOT NULL,
  PRIMARY KEY (`id_factura`),
  KEY `ordenes_facturas_fk` (`id_orden`),
  KEY `usuarios_facturas_fk` (`id_cajero`),
  KEY `usuarios_facturas_fk1` (`id_cliente`),
  CONSTRAINT `ordenes_facturas_fk` FOREIGN KEY (`id_orden`) REFERENCES `ORDENES` (`id_orden`) ON DELETE NO ACTION ON UPDATE NO ACTION,
  CONSTRAINT `usuarios_facturas_fk` FOREIGN KEY (`id_cajero`) REFERENCES `USUARIOS` (`id_usuario`) ON DELETE NO ACTION ON UPDATE NO ACTION,
  CONSTRAINT `usuarios_facturas_fk1` FOREIGN KEY (`id_cliente`) REFERENCES `USUARIOS` (`id_usuario`) ON DELETE NO ACTION ON UPDATE NO ACTION
) ENGINE=InnoDB AUTO_INCREMENT=30 DEFAULT CHARSET=utf8;
/*!40101 SET character_set_client = @saved_cs_client */;

--
-- Dumping data for table `FACTURAS`
--

LOCK TABLES `FACTURAS` WRITE;
/*!40000 ALTER TABLE `FACTURAS` DISABLE KEYS */;
INSERT INTO `FACTURAS` VALUES (1,1,1,2,'2015-08-23 19:27:08',0,0,'Anulada'),(2,4,2,1,'2015-08-23 23:10:19',0,9600,'Facturada'),(3,7,2,9,'2015-08-24 03:17:20',0,25600,'Facturada'),(8,8,2,1,'2015-08-24 17:34:22',0,14720,'Facturada'),(9,10,2,1,'2015-08-24 17:35:43',0,19840,'Facturada'),(10,10,2,1,'2015-08-24 17:35:53',0,19840,'Facturada'),(11,11,2,1,'2015-08-24 17:37:15',0,27520,'Facturada'),(12,11,2,1,'2015-08-24 17:37:17',0,27520,'Facturada'),(13,11,2,1,'2015-08-24 17:37:17',0,27520,'Facturada'),(14,14,2,1,'2015-08-24 17:40:53',0,18304,'Facturada'),(15,14,2,1,'2015-08-24 17:40:54',0,18304,'Facturada'),(16,15,2,1,'2015-08-24 17:44:05',0,19456,'Facturada'),(17,16,2,12,'2015-08-24 17:45:41',0,5120,'Facturada'),(18,17,2,13,'2015-08-24 17:55:27',0,17920,'Facturada'),(19,17,2,13,'2015-08-24 17:55:33',0,17920,'Facturada'),(20,17,2,13,'2015-08-24 17:55:33',0,17920,'Facturada'),(21,17,2,13,'2015-08-24 17:55:34',0,17920,'Facturada'),(22,17,2,13,'2015-08-24 17:55:34',0,17920,'Facturada'),(23,17,2,13,'2015-08-24 17:55:35',0,17920,'Facturada'),(24,17,2,13,'2015-08-24 17:55:35',0,17920,'Anulada'),(25,17,2,13,'2015-08-24 17:55:35',0,17920,'Anulada'),(26,18,2,13,'2015-08-24 18:20:44',0,21120,'Facturada'),(27,19,2,1,'2015-08-25 02:18:20',0,19840,'Facturada'),(28,20,2,1,'2015-08-25 02:19:40',0,15104,'Anulada'),(29,21,2,1,'2015-08-27 01:40:24',0,37120,'Facturada');
/*!40000 ALTER TABLE `FACTURAS` ENABLE KEYS */;
UNLOCK TABLES;

--
-- Table structure for table `GENERAL`
--

DROP TABLE IF EXISTS `GENERAL`;
/*!40101 SET @saved_cs_client     = @@character_set_client */;
/*!40101 SET character_set_client = utf8 */;
CREATE TABLE `GENERAL` (
  `id` int(11) NOT NULL,
  `nombre_negocio` varchar(50) NOT NULL,
  `direccion` varchar(300) NOT NULL,
  `cedula_juridica` varchar(15) NOT NULL,
  `telefono` varchar(10) NOT NULL,
  `impuesto_ventas` decimal(10,0) NOT NULL,
  `impuesto_servicio` decimal(10,0) NOT NULL,
  `hora_previa_reserva` int(11) NOT NULL DEFAULT '2',
  `duracion_reserva` int(11) NOT NULL DEFAULT '1',
  `costo_express` decimal(10,0) NOT NULL,
  `consecutivo_facturas` int(11) NOT NULL DEFAULT '1',
  PRIMARY KEY (`id`)
) ENGINE=InnoDB DEFAULT CHARSET=utf8;
/*!40101 SET character_set_client = @saved_cs_client */;

--
-- Dumping data for table `GENERAL`
--

LOCK TABLES `GENERAL` WRITE;
/*!40000 ALTER TABLE `GENERAL` DISABLE KEYS */;
INSERT INTO `GENERAL` VALUES (0,'La Ruta Astral','Sarapiquí de heredia','1-016-8963-014','22702367',13,15,2,1,15,1);
/*!40000 ALTER TABLE `GENERAL` ENABLE KEYS */;
UNLOCK TABLES;

--
-- Table structure for table `MESAS`
--

DROP TABLE IF EXISTS `MESAS`;
/*!40101 SET @saved_cs_client     = @@character_set_client */;
/*!40101 SET character_set_client = utf8 */;
CREATE TABLE `MESAS` (
  `id_mesa` int(11) NOT NULL AUTO_INCREMENT,
  `nombre_mesa` varchar(50) NOT NULL,
  `capacidad_mesa` int(11) NOT NULL,
  `preferencial` tinyint(1) NOT NULL,
  `id_mesero` int(11) NOT NULL,
  `estado` varchar(10) NOT NULL,
  `activo` tinyint(1) NOT NULL,
  PRIMARY KEY (`id_mesa`),
  KEY `usuarios_mesas_fk` (`id_mesero`),
  CONSTRAINT `usuarios_mesas_fk` FOREIGN KEY (`id_mesero`) REFERENCES `USUARIOS` (`id_usuario`) ON DELETE NO ACTION ON UPDATE NO ACTION
) ENGINE=InnoDB AUTO_INCREMENT=17 DEFAULT CHARSET=utf8;
/*!40101 SET character_set_client = @saved_cs_client */;

--
-- Dumping data for table `MESAS`
--

LOCK TABLES `MESAS` WRITE;
/*!40000 ALTER TABLE `MESAS` DISABLE KEYS */;
INSERT INTO `MESAS` VALUES (1,'Abraxas',4,0,1,'Ocupada',1),(2,'Arcanas',6,0,1,'Ocupada',1),(3,'Chakra',8,0,1,'Ocupada',1),(4,'Antares',10,1,2,'Libre',1),(5,'Virgo',6,1,1,'Libre',1),(6,'Médium',4,1,1,'Ocupada',1),(7,'Tantra',8,1,1,'Ocupada',1),(8,'Amanecer',10,1,1,'Libre',1),(9,'Tarot',6,1,1,'Libre',1),(10,'Acuario',7,1,1,'Libre',1),(11,'Mesa11',5,1,1,'Libre',1),(12,'Mesa12',5,1,1,'Libre',0),(13,'Mesa13',5,1,1,'Libre',0),(14,'Mesa14',5,1,1,'Ocupada',0),(15,'Mesa15',5,1,1,'Libre',0),(16,'Odin',5,1,1,'Libre',1);
/*!40000 ALTER TABLE `MESAS` ENABLE KEYS */;
UNLOCK TABLES;

--
-- Table structure for table `METODOS_PAGO`
--

DROP TABLE IF EXISTS `METODOS_PAGO`;
/*!40101 SET @saved_cs_client     = @@character_set_client */;
/*!40101 SET character_set_client = utf8 */;
CREATE TABLE `METODOS_PAGO` (
  `id_metodo` int(11) NOT NULL AUTO_INCREMENT,
  `id_usuario` int(11) NOT NULL,
  `nombre_tarjeta` varchar(30) NOT NULL,
  `numero_tarjeta` varchar(30) NOT NULL,
  `pid_tarjeta` varchar(10) NOT NULL,
  `anio_vencimiento` int(11) NOT NULL,
  `mes_vencimiento` int(11) NOT NULL,
  `estado` tinyint(1) NOT NULL,
  PRIMARY KEY (`id_metodo`),
  KEY `usuarios_metodos_pago_fk` (`id_usuario`),
  CONSTRAINT `usuarios_metodos_pago_fk` FOREIGN KEY (`id_usuario`) REFERENCES `USUARIOS` (`id_usuario`) ON DELETE NO ACTION ON UPDATE NO ACTION
) ENGINE=InnoDB AUTO_INCREMENT=12 DEFAULT CHARSET=utf8;
/*!40101 SET character_set_client = @saved_cs_client */;

--
-- Dumping data for table `METODOS_PAGO`
--

LOCK TABLES `METODOS_PAGO` WRITE;
/*!40000 ALTER TABLE `METODOS_PAGO` DISABLE KEYS */;
INSERT INTO `METODOS_PAGO` VALUES (1,1,'Leo','32165321','321',2015,10,0),(2,1,'Leonardo Cruz Monge','32165321','321',2016,12,1),(3,3,'Leonardo','1221215','1212',2022,2,0),(4,3,'Alexander','123212','21332',2017,3,0),(5,3,'Alfredo','32165498764321','654',2019,3,0),(6,3,'Alfredo','32165498764321','654',2019,3,0),(7,3,'asdf','321','321',2016,2,0),(8,3,'Michael','123456','654654',2019,4,1),(9,12,'Sharon','69741201651','6310',2020,11,1),(10,13,'Krystall','8999963301788888888888888','1206',2022,12,0),(11,14,'Alvaro Cordero','1234567899876','4444',2022,12,1);
/*!40000 ALTER TABLE `METODOS_PAGO` ENABLE KEYS */;
UNLOCK TABLES;

--
-- Table structure for table `ORDENES`
--

DROP TABLE IF EXISTS `ORDENES`;
/*!40101 SET @saved_cs_client     = @@character_set_client */;
/*!40101 SET character_set_client = utf8 */;
CREATE TABLE `ORDENES` (
  `id_orden` int(11) NOT NULL AUTO_INCREMENT,
  `id_mesa` int(11) DEFAULT NULL,
  `tipo_orden` int(11) NOT NULL,
  PRIMARY KEY (`id_orden`),
  KEY `mesas_ordenes_fk` (`id_mesa`),
  CONSTRAINT `mesas_ordenes_fk` FOREIGN KEY (`id_mesa`) REFERENCES `MESAS` (`id_mesa`) ON DELETE NO ACTION ON UPDATE NO ACTION
) ENGINE=InnoDB AUTO_INCREMENT=22 DEFAULT CHARSET=utf8;
/*!40101 SET character_set_client = @saved_cs_client */;

--
-- Dumping data for table `ORDENES`
--

LOCK TABLES `ORDENES` WRITE;
/*!40000 ALTER TABLE `ORDENES` DISABLE KEYS */;
INSERT INTO `ORDENES` VALUES (1,1,0),(2,3,0),(3,2,0),(4,1,3),(5,2,0),(6,14,0),(7,2,3),(8,1,3),(9,6,0),(10,1,3),(11,1,3),(12,2,0),(13,2,0),(14,2,3),(15,2,3),(16,3,3),(17,1,3),(18,2,3),(19,1,3),(20,3,3),(21,7,3);
/*!40000 ALTER TABLE `ORDENES` ENABLE KEYS */;
UNLOCK TABLES;

--
-- Table structure for table `PLATOS`
--

DROP TABLE IF EXISTS `PLATOS`;
/*!40101 SET @saved_cs_client     = @@character_set_client */;
/*!40101 SET character_set_client = utf8 */;
CREATE TABLE `PLATOS` (
  `id_plato` int(11) NOT NULL AUTO_INCREMENT,
  `nombre_plato` varchar(50) NOT NULL,
  `ingredientes` varchar(200) NOT NULL,
  `id_tipo` int(11) NOT NULL,
  `descripcion` varchar(450) NOT NULL,
  `precio_plato` decimal(10,0) NOT NULL,
  `calorias` decimal(10,0) NOT NULL,
  `url_imagen` longtext NOT NULL,
  `activo` tinyint(1) NOT NULL,
  PRIMARY KEY (`id_plato`),
  KEY `tipo_plato_platos_fk` (`id_tipo`),
  CONSTRAINT `tipo_plato_platos_fk` FOREIGN KEY (`id_tipo`) REFERENCES `TIPO_PLATO` (`id_tipo`) ON DELETE NO ACTION ON UPDATE NO ACTION
) ENGINE=InnoDB AUTO_INCREMENT=37 DEFAULT CHARSET=utf8;
/*!40101 SET character_set_client = @saved_cs_client */;

--
-- Dumping data for table `PLATOS`
--

LOCK TABLES `PLATOS` WRITE;
/*!40000 ALTER TABLE `PLATOS` DISABLE KEYS */;
INSERT INTO `PLATOS` VALUES (1,'Watermelon Martini','skyy vodka, sandía, sirope de caña de azúcar',2,'Diferentes cockteles para el disfrute de los clien',1700,2500,'data:image/png;base64,iVBORw0KGgoAAAANSUhEUgAAAFAAAABQCAIAAAABc2X6AAAAGXRFWHRTb2Z0d2FyZQBBZG9iZSBJbWFnZVJlYWR5ccllPAAAAyZpVFh0WE1MOmNvbS5hZG9iZS54bXAAAAAAADw/eHBhY2tldCBiZWdpbj0i77u/IiBpZD0iVzVNME1wQ2VoaUh6cmVTek5UY3prYzlkIj8+IDx4OnhtcG1ldGEgeG1sbnM6eD0iYWRvYmU6bnM6bWV0YS8iIHg6eG1wdGs9IkFkb2JlIFhNUCBDb3JlIDUuNi1jMDE0IDc5LjE1Njc5NywgMjAxNC8wOC8yMC0wOTo1MzowMiAgICAgICAgIj4gPHJkZjpSREYgeG1sbnM6cmRmPSJodHRwOi8vd3d3LnczLm9yZy8xOTk5LzAyLzIyLXJkZi1zeW50YXgtbnMjIj4gPHJkZjpEZXNjcmlwdGlvbiByZGY6YWJvdXQ9IiIgeG1sbnM6eG1wPSJodHRwOi8vbnMuYWRvYmUuY29tL3hhcC8xLjAvIiB4bWxuczp4bXBNTT0iaHR0cDovL25zLmFkb2JlLmNvbS94YXAvMS4wL21tLyIgeG1sbnM6c3RSZWY9Imh0dHA6Ly9ucy5hZG9iZS5jb20veGFwLzEuMC9zVHlwZS9SZXNvdXJjZVJlZiMiIHhtcDpDcmVhdG9yVG9vbD0iQWRvYmUgUGhvdG9zaG9wIENDIDIwMTQgKFdpbmRvd3MpIiB4bXBNTTpJbnN0YW5jZUlEPSJ4bXAuaWlkOkIxMkUxQjVGMjkyNTExRTU4MzVGOUU0MzREODQ3MDk1IiB4bXBNTTpEb2N1bWVudElEPSJ4bXAuZGlkOkIxMkUxQjYwMjkyNTExRTU4MzVGOUU0MzREODQ3MDk1Ij4gPHhtcE1NOkRlcml2ZWRGcm9tIHN0UmVmOmluc3RhbmNlSUQ9InhtcC5paWQ6QjEyRTFCNUQyOTI1MTFFNTgzNUY5RTQzNEQ4NDcwOTUiIHN0UmVmOmRvY3VtZW50SUQ9InhtcC5kaWQ6QjEyRTFCNUUyOTI1MTFFNTgzNUY5RTQzNEQ4NDcwOTUiLz4gPC9yZGY6RGVzY3JpcHRpb24+IDwvcmRmOlJERj4gPC94OnhtcG1ldGE+IDw/eHBhY2tldCBlbmQ9InIiPz7lKWq0AAAdB0lEQVR42tR8aYwl13XeXavqbb3NTM/SM0NqRhJFaiGthQoDK5DhIBIUOImSPzFg2AngIAaC/HAAw/njIMiiOAvgKAiSAIINOE6CxEZgJw4gyZZlyzAtkpFIkZQpUVxnmrP0Pm+pV8tdTs65t+r165me8XA4TTil5qj6vXr17tm+851zbjXXjA5gTHHOGbfce8a85/giZzcf0L7EYe5VAZL+EQoYFxzC4Rj49g724OWzOx96Nzh4TXxF0k9zlWR+7j77H52d+HCquVCMc/C4EsvxRe6B47mCuas5rZvTb82K2PxC8RzgZhXQR5ofYII+S2qjL6Jr420EO0SeW+7Uau+wi+fldwdfnP2IW7TgAJUel0yLihegXQ9cKIA+6UUUj672/JAl7K+bc+3pI1zuq04Ieh2t3Aq8v3KP3xduixfQ+3QO884k23Mg2WBesHiYOavinaPxRVj+TGU+SBu8DN/iCrgMX47yK90uB80jolVJ7HjTYKU5Pc+Eb00dzBmsivclf/YggiaF2Jdj5heN8+D/eQA4LGZuc0CQAQ6aenbOWfTyObUylJa5RrdNDIgYuTr+HsIPdSWCE4Bt1OD3A41uLFrpUXMA4YXWXbgQaNToN4ILsptsZJoPBO6DtYTnbbzAnyZtI89BXc8+O9ObO+BH5Pk+vOeCE2lGRubk0pJJEQzi8cAFA4rINX0cPQAX7vcNFMw5900YIzxqKtiMIjleQHoR+7EifMQD37pN+F90M956LAQvIUXGOPIHleHn1IbXS85j9M3sadsoxRs1iuANCkXPqumbOSJZEFihVRl3zT2EpK/llq474EIg2AzOAjBBvDEjfdGbdA7eR8WLZslCAKnRBwwBaNcu9xUZPtqsPkZV/CS/nc1lsJgIBrSN9zZ4dsDzIeIZj15JFm5UHnIIiT0vXbhOt25MihfNufAU5RC+pm51D+QUs4t9eD/c0LGAl0GY4GBwWJS+rSNGtQ/IZDm7MyBAMH4WPEzNPi9mqmhxEaMS39Ct59m5gMF30B0az/GkWn5TFiV980L4eNEAhAXP5qzH2X04UFrXOv8dBWbBciSxspSSyZ8xHqXgWcrTBPUGDt2bk8FccGPeOBtvcpWfRSOzs3S9n78xVnSKCoNqxQqVQOFUzUzCwFAuIoyThHAef0U9ppwU75uVS/JYIHCzfI54wMwvaD0Gl3gwBRC+BpSRYZXBPMHF6Oa+x1hXECQrpWTkRrUnh1SeSRvCzTWAblwLlcGBw8++D8NBcuJbgS03j4H4hy55jNuvgvoZYZiXlUPD2xZQSAxHKMXnPTrEOuO3ODm/xZ/vgOq8AaoGslCbHRB9TxGpAHz7TWDwmwxYg5gdUnKAF8/nxYsH+TSI1kEPXZYXter8qIUBVJ+xakGIkXdCp2BsdGy8K1mVpMWv8zOiCQGvwR8iMNz+V3Z77aA3JUA/KlASZQ13AVWRs+B71qKvgA6gGb8VZswDGpiPHBNi4oN5MsgDSJMqjFO72o3XFrsyXdxwx8t8pFDCus2/klPatiJkl3nC6GaWOXj4u6Clh9g/rEiSckO6RbEplQJLNAYdkUHrODozqQBBO2RVgoUDyuO8zYr8ENXGT5DCLpXFC921z64u7pY/6JQWbV4GHSPV0UqgWa0j6udY63mNwH5mo1ns+AOoBPvLOMA9Y/4lQ8xFCPlwEhhoSnmWSyVAKdbrC6koclHheKeISZzfzJPunEUiH6i5Ri9Jmf1Lp4+l0n33+pWn6/y46C7UdgiuwMQgWaocty7kFeYOJlzPbxeW/A7LuN0F+HKKcMV4RjBJWpOIpYhVkWE5XClawjVsAA0c1cjZzT9wGLMNkSst2OWO/PnP//DnP/lDk3L0/e2rmAUeXes9fI6dGDlv0iFzaGDuqFgjgSlU9ulN9Cf+NgVmt2UpJGqfiYyMQZ6CZsVc6YscZYYZ6kaG6IJYjs/5Euzz9VCgwnwKxDUZ9FZmf/6zj/75jz/ER/7YYvLQyW6HCXM86SxmD5fWX3LFlL3m0bOYc5HtHlipvE0M365m5AcrypvqRwpMiHBE4lCGU+REPPCI5tLIOWIWdkFgH2lNWyBDcF3JeZt1Iy/kga/bH//0R//yyazcnSwd6zNbdZYWsqU0kejoii0yMS1hwq8IWXtvAGbLnfmODAwo1rG8PRg/qPUZAoeUo4hmNvxUHoQ3VGsfkGPFsIeYxPlN6SuiBXjPDqYjNGgsOIL9OdyibMIbwS4OknJ3y25eY5m/8NhHTq+u1GxUuI2R2zAIXSDPdcXDPKSGw+AA3ibNhIM/vqHZPBTJvEvSMh0COBYk4vC7AMzdq/H0kCADPGJKETfLHNwdb5tc/f73bEcvnH/w7A8/0T23Wk3eKM1ob1xu7Zb5xKtFzAZ2yZqaw52Dbw6l+ZxhD2jDwyEtoVAhhIKVMjCCMwpMIOWCiRUVhrAP9Hzum6IxsYyT+B+FOOUREToIlNuwtPVEW2SIkJo+hteYSi2fuXCWL3cGy4/k/Gkrx/1kueyVxni750rjpxZpF4UqMeEGjwBRDIlJCEA/V0qFKotWzhXGHCZMHt9AyCN2hJnUhxoM//Gt1/OWGXXQwpwnMeN4ljBeoYOlbVF/K/3mMTVxkRA/lYaixFuU2yMlFtYjIOOKhQ3laBsQ7j2DlcdXextXX6q9XlpGvYpUDqp8e7hb39i1VSFN7fcs22SQaNmVPFNCCrwmTZhPudOROEffJAe0seCNPRKsZUJjAZciBancYIkHXhMvJ1TiM99G7tRjvMfpAy0VgSoaa9+DmvRA+sbV1546NugOhtX4DVrrTOiOAFziknSDBLRUiApo1qVEHNeim2pfJgO18cKlHbebL658bVhdXD7xAOcbp8fny/H60I7gLcO9yhP3IIeB8h3NOwnrKIz38swifOyREyvHF5yEbKmH2bHYGRtTV45t7JorlTC6W4/2Xh+WL16HrULmBYSsbULV1Bb/nEfnRDkTlCMUIT7UIegsNTUA5jKCJK6F6pQVXeaQIbw382vHdF/oLq8BcZlJ9BCkLIYwx3S0GKTy7LLIhO8IpjpWG9g1fH3iutvs8re/Yy+tL3/oI8mZpdUTZ4VRrnd5Z3rjzYqtI58FiTS2Ft45VgZTrCpQPdvrGNRx5m50hVk5K1/e8N+8ZE4tqnNavrZRnD+v/v7ZXi/tFhVsTcqXJumr19NrQ/nSlc3LObs60hhTwdvIOzRzGpqyx1KrAC2H5WFowYXcrzJuS6mKkg0S95nTyccz9CC/q82VPbF5g92o6lLzwgCqHIMQP9xN/Om+yHK1m1eGo35YYquRTc725RMdtrmOmXZn5SOZ22NP/96z5fVpbdzI8g1m90qWZyqxjrrHmPlqpTh7sbJPluX5ZSJ/eT5yxozt4Nn1YlijV/MlrQpDldtPfyj7u5/WF49N33Ou83ivwya4Fs/y3jOvsa/+iXi58t+8XL++TQGTuUnXywJsTeUkmpdVRETaRouXTGPVCtlDJ9zPfVRefn6yztXLnH33Kha86YCLPlQqYznnExRVY2xBbgUU5BUFM1WDAqTQT3/ig7/6xb/59Jd+tbpWdAbnN7avltd2yt1yc9OOGNsV4mUFl7EadcioqR3oXVZSAWsHqe6vdIfj6XRibgKUBwRLO6quwGMIdIkQDbL0sxe7F9fM3l51Zbdzfac+N5BrJ+xgafHJN8T//r/XT4lEelygKVFUoP5uNet4xJ4Pgpj1+fH+4k9+7vQvJ1d+96npkvJLCXutrKeSd71ftMnU1Bg7RWyAcJ4CW1gQ5wYDLL6kThF1E89/8rPvOf/Ee/e+8/hX/tM3Oguby4NMpb2xm3aPpW4C2vrMseMC9OlMS5to1xlgzCxk/Uxniss+BmAxLdI0ddKPjPXjwSh3m9VwMsmLYrq5kcM0Inn17beqdvloP/uhZX92W/zUQ6O/eCJ7Cr2awiV2gpr8Sp2ZTMwgi3qnHkPRwhf+yumf/esr7tr161f739qZfv37o70h80gdJq5a6MqljtNiYSF5cLVzPPWg/aDfSzioRCLkZ4adO58OBit/+JtvXX9hfW1tKRVVvjW6crk0gd/ZgDMIr72zsj/gXMPSMbGw3GEqobDwYmV5qY/iY6j2uz61mCXAdbxIMCNUtauqYljZvHTD4fTblybrl0dbm1twY3hRsodO8kdWep3M/vHr5QvXul6Y2llUyZSTM1chvnk615aMPK6kZhX82IXs5/7qibUT6mTqeseQIJd2yK/Bih4spLziVTGp+Js71eWdPOXo0NUkH09LP855ntdnTy297+EPi27H5QWf+soIDL633rhaT4wrXY23wnRtbemqce3GjiBm0GWdTFelUZphQEvEfyk7SqYaM6fvJ+5EL9VJ2u12VpY73SzJOl2dZcbDeG98Y3N750a9PSrLqrpSqN/5HpIcv8oSg1jgUWBRCF4yKEOrY1/ghmyEzl1JIA2fe/Tc5/7CYlLwteP8RNekzPS6SpRGOztIRNrpbU/89d3RhdU0VYLot1C5h2qcS19kg4XewlLaG6AnIdnAOgHByTqbgzXTwg5zM63yST0piYNw5xQ6iJbO+gERA19bg7lGx1KCEg3lhaqq6ooy5NSy4ZRN61Ab9OTSqZPJyZPbThU2+9oLG//zaz84xvUyQ7oAiDgF+ZQgnwpDAMVvIrGBsSwKNeT+68+vf/KxYx979HRejAujamOTeph6PFV2KNIb+QKm4sy+ObIK7YLkIdXH0Rm7WvoBQm3t8tH1Pa0yrIoVqwTYDuYbn1IxviTYApI9r5IeLsyaCkSYeXjqrQEph1hNgZ5QO1f53CfD0vkMjLCF91VH236G8JUILrNOmWVl6RYXF3Y32e8//VYoQNgNB4aLiiCVYng2yuRz3fAwPGS+IXtIeY19YDn553/vRy68/2RZTcthlbpK8WENFbJNcDW1/5G+oNnQNHXtjUE/01ph8u8mnUSiK3gttRpNWFVSU5KybuWNG/rSokdC6lyNd6gxp1ssxK1WskYu5HzCqZtaSY0Fu1SpFf3SSY40zyLFw/JMG5V4rWj4CRjeqqOqqU1/4b+8+Mp6jkoQgfvZpoiGWb+M6ifXFvSpQsgIQ4NQKyF/0ym7tFf/xh98/599YGFlmU1XzyilKCKtNZATMGKGc3XHEiNHEiaZM/Uw1HzUqkKmK2KvfGWAMlhrEXW0HGgLfW5s1vMsK/IbKFHfGzvaM6bU5CbHERHMaAs/1+0s1hZKjASecFyNsZi1MRKwbE2ERW0wmami6GuvVO+/f+U1lBapAEKKvbmUnCtUVCglPfBeyjPdctbQa0FeXjiFdv6FHzvxE3/jA25xWfVXtOwlekGrhMaZDtMYM9JhQtLIKQWv870wpJFuOlJY8FJVBQ4vBvSXOmAEr8kdkL5Q91BIVtYF8h1b5mUxwauzhTX0F5vv2RohGR3OutCFiWNRInuOUj/iGsYe3iWZbqPRfuM5/otfn3iq05FcVYf3pWKFLGWoD0I7E2sQHmpB1CZCWl0yZPMI6P/2K1vHj4m/9smstAjZfb+QerSo1EnW6yC/ZsJ5bcoMl99JqD1HwJdq5FExVNCL0b74W2h2l16hFj1GNUutVDzBrCFpjAlZV2NeVhXztcjwH6jrCuuhBG/vrMFqq8Zwt+RWeF7WznhTGijdN692fuUPC9/0DioOcKcObqqpvEXdJcJr1jSpeej30HgK9cv41IgP9N0v/Uz/0VNLDpNtH5GyK6RLUq1RQmIvFP+oclBS8FhTYtqUjS+BmjmYoHoudr0RuVETLlSAoVhxPgztkQuiKOi2NfgKLPoGhkppbV0bbmtwBuGI9maMp+AN29pLfvb34ZWxCfMj/6d2D7hWcbSLNSDCZzsLIzAKwY60AhFA9fcmk89cTP7FT6eLnSJhZ0WXWq1KMTQRCEcdASHQVxQ0zc7Q4m2Dg8ZMzThJEGKGhjc1DUl6PEwY7VAewQhxhlRB1QnVyygS1PR5ov5kWm4qZNl4IssRRpT6199iv70OYVx0V50SKSKO4fpCB9GHSWKc4lNRTcVfwHXRe3kbKTM88f4BcjIhnESApZEURj2aglaJYSowAiydgy8BUz1aydXcTrnFQK2Q1Yoaf8WF43nFsDLGhIQeX5UUP+FfZywKBLVDl0Yl+JqhzB7jvRau5GhyhrnKiGmlRQW//l35a2/Q0FfQRNbdrcA8TgOhIR/txLftClBVabH6mzL//JvsTKIfuZgTM6S3NQ0rUS+eCnAex6HNQIZaEeG/0In1VJkCdfnpB6hyQBOipsiY1BmGMNqiFoqg6Y5vmmj4ERdmfSg2+jMauaxEMWa9yj+7kfzL59HYLMVMBQLuNG+aE1jFRh6ErTdxxt86YzwNM1N0N4d1FYL2t1+ffnQtu3BKuXJaQpdLUCQB5b4wN+FNt8z7ZtcBTZJh1gl0NGx0oTeEXAp/SAECcRsPS3uMhKHdRXhL4kf4Ml5S8aiNEqU1fFxizcbfmPB//C3YonoRQv/V32XTj/rDB9ugbbeGt68H9KKOi0uw3Bpa8b1L/LGHu+eyaWUrQOJL7eXYWwHmZwO3/bPZCQTLUkM4GJMCmM6RcQX9uDDxIA3gVRD+ZRQllmMGx8KwrFhRsYEhNvgPnlOv7Nb3MGRGcA5tSCHmG59iJnAc5vsQxZh/kNVzeSWvL12uH39vutSRzqBXm2aKGDgHiUGjJ9o31ArsIG6PoJdJLDJdQCiqqsOFLgrsQrPXkgrImYO0zmHgMyxKy5LaDtyJf/UM/8Y1z5sNSm9TYCV5UzmQV0MTz/t+vT9q4JRSaDCIUPza0NeF/8T7Mo1k3ktUQxBOsFkLO8Bws4mFYjIS5eACQTxPNm3MHPZcEBTgRzhJSCb1lqId8y5CGKuhQBJeIy+AX345/c9v2DA29wco1GHHIQLrIDCNlzjdJAbtvr2hjWQRt3A0ic5y9vxV3c8mjz+Y1XmGBghzTx2tGsiqCPYOl9uAWMQyfejthkKG6u/WG2gKHgQO7Tb8EpTThU0JSDEMcveaaGUG7P9cYv/+RcRJzPHI5uQtg9G7sHBX034y2eT+WTzPF8mzzVJoRhFanjwVXUw+z70JDx3rnD+TTa0PQ/S434KTqYPRYL6XH/0oMFbwcZoSYZy8N8QwpTaKYUvubR2vLa8RnA3LLVfOP7sjvvAcjIiSI7kTmgLiHgRW7ZAlbpW6xRPib2GDELcgowgWzaONsfrZy8UnHnDHF9MSfyHVNXt/4u68ZpDvW9wiJhMgFxr0jpshISYe38QwSW4bgYlj1AyLir0J/6ffZJeQ9dAuDqTSwh4kG3crcB+5cFjkLCW1G5miq6P7IZdFJEZpCWJa84TBNXejCtY34EcuYkpGYTE+RLAsUZa4yyfsgpFUGYYNDj4OEyA20QiNWWNhJHShSwyhIEE58UWiHNR09E598Rn/R3sRWmzAFw9vH7FI4IV+KOVkDNFmAu6I9jW3dMB9s9Xzpu21zbE+4hWXn7ko8xJJbghd3pDByG2RPzjWjCAJyShPE8WkvBvGLZSBSKeUpEhay8iTUdFOlYVP0uzXnjP/dR15rBbUnJrxo3s5ZD8N3XlEmwCPIbAwKwTi5NtYY3B7qkqznxfW3bGUXTyV5sggkXVhfCEfodvKsHUmpFnf7NwLJTdKSxTKt1mXpA1xG2CZ3BjPqxqdJv3qq+KLLxrPu1pZhVh2j5LO8jDXtgGJwItCyo27EOe2AN7xFpL49pNv2g+e6j6wjPlDSwJUG3ZbxX06PGY9oGIkojHJGZITOjAPJJRsGyyMcStQvrr0PQEvbMgvPImsFgG50li7MRV2OPp7F5j20oTvq6gIoGVaNtusc5cjWkzExBFfvMp/6Bws9zsl0m5VAU9cSLnBhyXhDGAhHBwq1ElNuJInU0enRjpFv2JZnlWGAmKnUv/kD+CtCmuDGoh6Mf8OnLkRmHzJz+2me/sHD10DxPFxUa7v+o+dxhqblTz1RDlpxuObnU4cYsEaSBm5c8xGQKZGw+IPylzWGqsspW0uOr/4R/y5LZdhbgp7UO7HZkVqm3C45ZmEty8wTdrwPteGMC7shy8ILO4wd+LLUmiIdDPkPqBUxZqodjwitsWS3gWCRRtrsLg35UD/ytPJl18usGAP3XkP7D4JHFn0XSax2wkcukTRCOmr29VC4h85vVAg+KQJurtz1ILEYsrTMJ6ycxBYYjRiniN8wgQk8ERW1Go2y8vZ/3o+/dJT0xBySDGVwOzE7s8h4T65SrwP7ScF+dIVd2ZBri3KgsaMrLbksT4QMCo/XL2kDDKYnKVY0qNa0KtrR09PgLeDpfQbb+p/8+XaNOUl9fHul7Rzm7TvxxFrLJDaOvu9y8WF04PlvjYFsrJOeNRAMJVWIkFrn+65jq6vTH3upMH6skJ40yWvO/3eqxvZP/qtG2OrhGo37d7X434KHNmyIDSVUy+v75q1JeS8GY0nHFYBYG1d1mUhsm7CVvr68mYxKgcOJdOdnMOEySt7/S/81vZmrlFpIfDhz7TAc7tpsIyUW1M/3Z4kYLYsjR+0Vk7IsWHbE7M+Yht1cmXM38yTUQFXhu76UORXx1/6nb03Ri48HmPg/lv3TjuG3vF9qavGU4C/835YWxGviNUpT/qKWNg4z3cmJTImVMGktKKql5j98Kp8epP/3luGMwbsCA91VAIzoRVUhr20J//WY/zEtWtPXWYbE5aXxIaHtagtrKbyVNd2JTtzXIym/snrmCMV8aCjFFge0X1TpBMiRdr2eq4Wl5K//XF/JoNpv7/F9MS4G+BFmiwn7P1r8lMfTn03+w/fMRMDSsadW/D/n4Ur2nZZhT1E7t89Zf7cmnxkVT0q6hOZt6tqWlhXepPalYXszInsP37D7tUQszm7u/bynzkLz83sqOiT1eLnn0CCqEZlIlLe7yVr5xc+9lj6qceW/8efyP/2zA6N9ZT0R4PM74aFbxpgfeUq/+5W8scvVb97lRiZ8/WDZ9RPPf7B1U9c/M1f+m16xgalDS2fo17LgR0ARyZwvVfbL79xbjje+cFOsZDqfFq/tlWP5PpXXzGvbCCFFNa5o7Zty6VnHeg7djffWYrCetAnK51PPSivTTjWSNOx1Rm/sKKeee761RvFEWeiA5xfvAvfpCClTtC18QRY0kmHJqHhpoOiFJu7cKQ4Itp9xGLu6eIj16wMpOnaTvKDq9Nev5+z/tiytdVubyC2c9q0JI5sFTzsFFfzAgObG3XtP4h1Pw8bnhOZFpNXL+W9k8v9QULbg3sql72Kyl9z/9ljGCokjHUYehcoeowHYt2v3oXo8eEBGubqSSmlsGeWlKNna9zGpAqjpPAYBrP317AJNY5JPB92F88ehnoX0hJQPzJsNq+AK8dOrCx23ndyZdVfv+7jHxG4m60Kb0va4MNMsNnk413Ow81uezGqoACtuotLp2uVTWJcAa+Yv79AFZ9zaZ7Xvqk3tA8XWvIOdRaPBCtFeL6mFJ42j3KMWuh0svjUHffA31m4svkHn/efwpm10vnhAofnfo4mopupCI0VhWdJIovpFGx8GO8+eI86+Nx+O6jafwzrcIFbsD4SSt2was9MLZJUmtpMRuAMZ+1+n3s0MMSsI8RBucLfQGieVGa3FTg+6w1HFsbEdZSjFjON/svK1Ya/Y3wK++nm/mZC46sHZxP8UIGp9++PxKfDVrXwFY6evcEqYVzVXsKEHmZgbcv6XsT1PD5QTuMqfbOdecMyBG0MioM93z79ctR5qVGjcxS1BvjeKK8qU1dF5Lj3jv3QPNwkm78rEBhV+wy3i1vvacMEM+9mWqKJMI9/oISe3ikqMy6q8bQoy5LFh98E997dg4XpSct2gxWLMxR6NNTH7Za0nQCEAz//TPK7k4dZLHQNuNJWwipbWVt7a+Jg8d65bNxOF7Z6xkZJ+1dgWqR0t6T4/yfAAIYyWsCww0WDAAAAAElFTkSuQmCC',1),(2,'Orgasmo Chillón','hielo picado, 1 oz de vodka de calidad, 1 1⁄2 oz d',2,'Diferentes cockteles para el disfrute de los clien',1800,700,'data:image/png;base64,iVBORw0KGgoAAAANSUhEUgAAAFAAAABQCAIAAAABc2X6AAAAGXRFWHRTb2Z0d2FyZQBBZG9iZSBJbWFnZVJlYWR5ccllPAAAAyZpVFh0WE1MOmNvbS5hZG9iZS54bXAAAAAAADw/eHBhY2tldCBiZWdpbj0i77u/IiBpZD0iVzVNME1wQ2VoaUh6cmVTek5UY3prYzlkIj8+IDx4OnhtcG1ldGEgeG1sbnM6eD0iYWRvYmU6bnM6bWV0YS8iIHg6eG1wdGs9IkFkb2JlIFhNUCBDb3JlIDUuNi1jMDE0IDc5LjE1Njc5NywgMjAxNC8wOC8yMC0wOTo1MzowMiAgICAgICAgIj4gPHJkZjpSREYgeG1sbnM6cmRmPSJodHRwOi8vd3d3LnczLm9yZy8xOTk5LzAyLzIyLXJkZi1zeW50YXgtbnMjIj4gPHJkZjpEZXNjcmlwdGlvbiByZGY6YWJvdXQ9IiIgeG1sbnM6eG1wPSJodHRwOi8vbnMuYWRvYmUuY29tL3hhcC8xLjAvIiB4bWxuczp4bXBNTT0iaHR0cDovL25zLmFkb2JlLmNvbS94YXAvMS4wL21tLyIgeG1sbnM6c3RSZWY9Imh0dHA6Ly9ucy5hZG9iZS5jb20veGFwLzEuMC9zVHlwZS9SZXNvdXJjZVJlZiMiIHhtcDpDcmVhdG9yVG9vbD0iQWRvYmUgUGhvdG9zaG9wIENDIDIwMTQgKFdpbmRvd3MpIiB4bXBNTTpJbnN0YW5jZUlEPSJ4bXAuaWlkOjFFRDdGMjgzMjkyNjExRTU4MTBFRUE2NjVBNkQ0NkJGIiB4bXBNTTpEb2N1bWVudElEPSJ4bXAuZGlkOjFFRDdGMjg0MjkyNjExRTU4MTBFRUE2NjVBNkQ0NkJGIj4gPHhtcE1NOkRlcml2ZWRGcm9tIHN0UmVmOmluc3RhbmNlSUQ9InhtcC5paWQ6MUVEN0YyODEyOTI2MTFFNTgxMEVFQTY2NUE2RDQ2QkYiIHN0UmVmOmRvY3VtZW50SUQ9InhtcC5kaWQ6MUVEN0YyODIyOTI2MTFFNTgxMEVFQTY2NUE2RDQ2QkYiLz4gPC9yZGY6RGVzY3JpcHRpb24+IDwvcmRmOlJERj4gPC94OnhtcG1ldGE+IDw/eHBhY2tldCBlbmQ9InIiPz41fL64AAAXIElEQVR42sxceZAcZ3X/zu6e6ZnZe7UrrWRZ1llGhyWEMYcBG4yJXU4IVAUSqpKiioQilQpJ5apKAVX5IwGSkMofpCgKAiQOlZDEJsYEkuByGRN8yDYgW7IlWbd2Je05Z5/fkfd1787OzkyPVquD9KpGM7M9Pd/73nu/93tHL3ZdF2OMENJawxN4RO0H9hp0YjP54G/TgXXuw5/3j78y47o5eH/5jI4PZlwKpd+llCLJkX4vuokHaa4sXUrrshafkkijWMSyj/W/cctb3vfgXoRsjHRT3tYPdsrWdoJODkppKjYc6OYepHWDOzebYBRHjOXYXQ+yXBFfmpy9+3344N2k3pAYgX506we7Sti0ndaNAN2mG32T1QsHtW27h3KUFkHg3Ho7u/dB98hr1adefCUOL71x//4Xn/W8useZpbXqquCuhtN68eZvswzkhmt4peGlLzXSYHs+pXNeORYC+R46fznauvvtB+66W8ig3qgFvsR4xbLb9Jyqt/UMeAcsOf3em69hlqqiFWOS56A3EoYsjgPL1W+969Y923fs2qD73t3vOEML5fN3vhuVJt5cPb1w6JmL1ZrvunAdluJRp5GvvLJuPl776rOgsZdJc85bzc88B70TVavpfE598KMb7nv/nYLEOzdt2b3zQDFvHZs+ffaHp+95aXbHXVvu/YMD99+Xn51uHH/VZ0xjAs5JO8VrM2Z4TEHr5tuzEdiyrFYjTJaoG57VV0QP/J67daxw32PqGe/UExeem7z42vOvPP3k5CvjR/z3+BNTT1585IlD9KB657166jQ9/bq2bePPqbwZmN8L1W8eaLVaBSxGKowidfdDzNrgbP1G9OHDZw+Py6MbcrTq1X0SUHfbObT5DBp0oxPPTh4O+/mY3L8XvfwCXpgT1tLFukbmViNvO27aLpDWBSWrBGTSmzZTewd1v1e5z4+O7d4wOsknfJv39zmc9xWGHCuPZs978cK7xp3cI+dOvpCng+yud2qlZaLfXkvvDEXXy5mvGqUX3dhsAbbXqRjx7XOMBeJEnrpDY7edtxQj+YGiXbXpdK12y0Bt05bR2/dvg5D83aljh+KhnXJ4hHteM8ouriBlVE1/Tp+TluO6ePLqoYusMDZNEBaAtM6ALk41dthjtXwex2p8w/iWqD+GyOvS/Hm/RGldNhhz56zoDW/aPHKq3H9iy9hEYdc+R0iCKQjNsvTQVbyb6dWkNTzCo5TIyeuhcStfKYS1WkN4DRnJmYo6OetEtCJj50y5L8z1eSQ3X5OD/QP2uokR+23bH9hZ+tWRrdLN0Si0lJKd3KstRP28DrKC+pE4CqyhwVxhkFXOo/JsbYEpEcn62cvr4/xwNCDKwdglKS54ZSJ9EuXqzuXXjw0NFMLzx/t+WusvlDbcOhb4kdayU7CfLzi3+3DyaNwMVlooMsRx/VxVe3HDLuKFYLI8szA73efHm2t83ZRXZlE4ur6+cGnyiUcde9AKSOUH36yemprYuG94pI6QgHj8/0SfmSi9RCTB9+KIVKMpGdZUfcxq1P1ZGbv9/aOcIOWNVFWR5VmOe5NTJLD6x8dFMIO4BtN2+8Mzpy/UvRmE8gRYl8FqjRPIxqnHYH1d4Fc3U5Y1U8uWGGxQq1RiZ89oERJKEPGFtJGsezpmtRrAq46RjkKhiyzGAaKuctxckW8ZnHhu3j/Gy77Mw5ZpFCBMDQ8nOKXaVCKs4OpKgdi6C8AuBcV2WZr54yKyakRNaorkkhtebQxnrUTarAVj27IuzIWREjMVUSrlLc0bKJhhWMwLOpbLF1kZxX6EbZdSopjwi2V/HfXm1tXl0Mz05Xm4TrW29oB6Rf1R2EvOJcEtJQTFgazqVWmetW4SSE2JFTSQqNJ5TSpYhhQ3/IBaOPRkzudeuREIkrPtGlZePRrMy/6JsbgwdJ7maa58B9l9x346P+FzNwemArpIabpUAjg7A7ZNWCxUFEcSgoFUoG+plBBhwt4NmoA2nZxNQSjEpJKBiOFHQE4uhFaykHepxacX5irlsoWIjOLA9+NYOIXifL0GpkdWoWq20q5g37QfKBZJ5agXBNsBC2SIwqIsO1YUOdi3hE+RWwtihENWuNzgNRlXCvWNePuosA4PzmOrOFEqDvYP80IBMhMlked7DR1bjVhFnqdCGUsJ2SH8Av5XGglFMGJwpjYr7i8UCGWSGA1K7iibamoTB5J2nQ+DuFadb9Q9jOpzC+dPnHR27Lrz7rf+779/+0wkX/WqDmerFXgJD4SSuFFl4HOw0kNM31YX9/TlT8Ukj4JBj5wp9nmWajR8wvkgoX7N47Vzb37TliMN8cf//B/veO+OI1Mzh589D5eyCQkT9+ujCES7HjYOSxXL6wZjHijtGhgYP30R550LGtI1hlZp0sshBGyOIw0WyG0SUsaiR4L8lnw0wkk9YMWLysdqcp3uezWexsS2aM7GAHIjdfGiZlMRdu2tB/Y551+v3zK+6fLJc9vu2Os3Grt2bvXrjUcef3x8w8S2jRumZy6BImFfvYYH8bpWrWxcP1avN2bLFcvJwSJKEOgGBy7NVcASxoYGRweHbAscIS7X/EDLdaPrNm/YEviVQsl95cz5ytFXxkZG1Nj6+eefzxeLeBUAzlrzJFgKpTIOLdeW0hKuohUrfszTHwVfdJTVYLwcz/WRYeH6JJwOGrts6mzdcWlkY/WpH921ad3obK24ceSvP/nW4f4ts/Ozd+w9UC4vFEsFL/DftXf3kJUf3TCqYoAFVvUaMwsLhXyp7jXAWSzCvHptcGgIEuWBoovjMFR4YGK8VBwoWU4hz0GQ+dkZGYVuvujwnBRBLMUPn3/x2EB/DeGvfu9x5uYh7GFNrohc2HXdFusBBBQysgeH7Vp9PgS04rQm+XtY8AGX1srs9bc41jr3ln+bWRgE0h2P+2Lnvh3jf/Tnp2b8hmqsL5S233E7jeO6h8a23+JVqknZJCSM9Tn5+ty8yjmgRtGoEyQh5PG8azE2efKY6+ac0qAnBHgLDoNavQrgmXPdyI/ARrAJhcb8TDqGZSRizp0wCHXg00h85DN/9trkhcLAgJZiNUDNVoZ0pKXhHpVKYGQnHHCTUP1kTPd4aD2O7Ep+fnNwy5B0YifWalpHsyenHjp+/IG33x3bji9DXK4ihxeQV/3ZCyjJiniSENWBhDDGK5E2oIswoQqpRuhVY5HDJJ4XPj4ZRpGKAyVjTBicNhvHyrYN2Y8UKA45jqTUksJltrZsQLg9o4N/+ndfAWlL/UWqYKUm0l8ZE1o0bJwZAkYS3JJSOWYaCwvhsmYj2v/dAScUsjaECxWNPFkTYpDTL1b1PhT9563518CjubYZJvk8BAwrkoAwEKlRUrJLWQNSGt6AF0IpxixYnhRCQmCA3yoDB4oSTc3ik6QZS26Bj5krSJkUkLjhQ/0leH992HgqjD/w4+OW3cdtQxjV6oq+ywIvV9gMAVkEsuTH2Hod4V1E/BKcFSuUI5JiP4zLsfpHVtKi8bWCup9b56XIwW4pCTSUmm0zhWualOwh7mDD1Q3h0vA+OJtWaWYMAAbfZOIsMk6IEkUZIpXwrKScaBaTMAzjpsxmXKN+pO+dDl+ghQGHmdjWrbRwBZNePlunALaU35m9Rq7Gr8Y8pvIgE8MSAZ7Brv/I5B4hovlPx3xrPtac1zS2KQHwJmajjGIpTroU5kJGj4ZT48SEEtHTqAMP0jzRQEpFwh9TZySLFQmScmAwAYo1sITbLfrZagOkLXItwQUwuboiXmtqvrK+1VqIQ5zgywidQ7Sm0ZxSP0W5UxCJsMwhMiPga+N3UjKbyAb+KTUxq9fwHB5BDB0bNzMCgCbhpVgUD5RuhIQzJZAnQ7Z0kh6Yx8QtzSKBAYrk7UijdYwcDfzfmtOCS0ZCogxUrT4tY20tj7Z6QGsBCDRVwNpTuZcNowglJQ4KGKyJxA7R3/LRQap2UVaWmmNlmW0HBqWtBPwTNzU2vZiWJWoky4kE2DBqytmGo8rUus23E6zAYmypP91ADSr6zbayq03CTF26rarYNOYmx14uXBijEsDDLIJdiBFEGSxByMK0ochpLd/BAZBkZMQxYAwKVMDeEr2pRKURaFIbywatykT5iSGg9GWiUvhHUt0mvgV4TnDyLQLhN1j218LwS7W4YLaGm7B7lWWFZZNu6wk0HzuqyuBSRhhpPIc0y9A2wVPAuCk/QMmcTHwfidhAERYaskOS7AK8qRI1Jqarl8w7eakMihttmucoTQuxsRJkkhD4in7KLyr0iXIAwY0RZhZ79UUU1oZYbXrO6DzpFMzSNsUiQiKwZPeR0D+I+TC1G0rEWFLEINyYZAgBrsO6zbmwXyTZNPOTdl2xkRMnvgiiErS4ywbYFdBmlH5s3LJ/c7o8E+hBzqO1VgGWNdzpwKuvAJsAjrRNUF3pOYzvpWhBRWmJ0NiCUZcgxmCNPWujSYNVOoG05CVKqks4iYdGTpIAL0meMMzA5jci8f04/Fw1gvTpWupjiwL3ECmrttp2JjGhBWiac1bh9TjcwWlVJbE3tZck90xteLGUsWi3Kq0tpZYM9kuNA5s9p8Zv4UeBhl04wbZ/Zy5eEDgPOIXWXg9cUQdv69x2heusJhi8popS4L0q/nbEPAUhEyCKRkC0EhCO9WJnEWIP5EnCYCwQKAl+Hmu1dA0DEanwRnbAZAIBSU3Ypa/X8MkoKFoK6Wuqfi6jdFYHrK232OnnaFmH5n2LoGkB6SU6yNWcEmkrIwktiCc9VWWqXoZKAcLLhHmkHJgsshOcWLIJVRbYH7XHGT+C2R/OlglAAkl9/KorgcudkJWNJd2j79oM180OWGcHOFk3Be73XYmnEB3GoF5mJEWGaWrDNwxdxItWTZo4a/BcS5VEY5LEcIqwbapCGjj658tzgY4gA0SCrs2c057OimZaJ3T1ALBOJbeeCey8HkXfkWSI5ZQM0lBkwrIx5oQztwS5pY1PiUrqzwqua3FHUDrBrIfr4VN10UdyMdZrdt7m2khz3a18o2uXpPNlZx/Q8EqlYiUdQn/Q8I7n+7dbFlERWGaggIGAntky5LSUmA1cQdJoHNeYLJxkMVSiaDLGX5ivm9/peA3Y3KxsNocsSNZ4Qo/pnqyWZ+t1LAYwRb7hRf3bduZFIOIALYbWpKqMUpjSSyIvFolBVE6ogzHsV0SsAsZfLM/MSFmCjJIgfD3aGKSr3nvPMmUwsGWZTYhSqJRzfnZx6pvEftu9D0aBZ2Gd0C9zro2ZZZ7L5J+JQAmega/rJHWUmLERwv+7Wv+mF1iEgYKuV2OKZEUj3HJ0TuX02JRU+wncSu44X3zupcnxrXfv2ivKHgAzeDNkyHlC8gSye2wREJUAFU/+Ecj3La25lSM0d7nm/WXFhyCVx7HG9Ho1qbrMePSYR1nN7EwT8AFhHIoCLzpz6vjHtm++pHzd8ARk/CapgMCjqQEqlHISyD1tDFyN2UTbnMlQf7Y2f0jgIrWa9bY1hKJOt18UuE2TnYNMWRCVFbSX6JR0bOtYuexs2/qG8XF67CwlkS4OaWYrv8YpZELaDDyZhhHOEZxHcZ/tHvWjr1fmH9UcLJ8leeQa+mfNOJRJLXvMzmUFraxZwyUM1gxxoEshY0dOXxyer/+0YIF3DolwCKM+TlkccsKAXQxgNEr1MKXzhHwp5kfK4Q9RWI1zgFVAV9fmva1KatUB69TMFediWydxsj6SSgzL1YQWGZsJgqcrlU/eNvpdOfDs+dMuDVyWZ9NBPwoKCBU2Dk/jeDKQk8LZpsIaDmcjVqLSp8hS14TNna63osTTVWmd3tuWKrc9afOFJAdUlJMTsbg/Ih/Ps7qORAOUH+z+1MeKH/p1d9fAkUMvnW44fZTfT8RerD4niKcsh6nF+t+a1JvVkceFQmE1Ku2kJW1w3XXouvnF4IUVKQ7m3YcL1gUb8ZnGzv2jI//zOELbETr6zJ57zrw8bY+NFHD4N77//ThXoDpN79es3ibf6CVwG4XqkvRnWEsWD28FthiRAKsvW/oXSn0vffz3H62SH//LP8Sz8wNjow/82kcOxJP0C3/7E+58KpLuYiJ9bfE2Q2DWJklnbpilzK7CdyJ88wDiEUTqy4y8N/Tsp78/6ow/dM/bAyyYY7PLJ+35yw4mj5pU0jCQGzc23qUA0BvxMn2jW+KxYu+Q5pScbcSliZEPnTi8Yaxo/eIvu/3rNm699bYTL254/LHHiqVveXG+JaO4lsG8rHWyLKk6+XOrArM0mTWkkRgYtihpaPlflej9n/jMXzz3k+/8yof9xEnv3H/nX/3Jpy88fwh961FWLNzQyZ9MDWfRr7WN3uClejSzeYh1NT/8wquv9aEgZzsjeX7m1KmQO+cWGufOnmEOv5YKTlf9tb4kKGO8V68ck+nKOjojU5sVdA5UMkwrtcqHfuOhr/7T3+PCgMNZFOGxglurVk8ePZyzeA8WeVXpYVtKly6Jmu5et23o+h091NuVhLSSu+buQFY6VBzct2f/m9+4b8vmHTF3Q0r7RoZyQyOXlVScEX0VLGL1AjeXQVZDU7IGftsu2nljQ5p2Nw8pJaOk6odPPPm0Gf/YuEMDnYK3LfvchcloocEo1+j6u3ArIyJZZY2s1D/Lttvkb1ZRmrd0pLcrKSlrgf/wv3675sWjmzZhLYIwKJaGQclahQlzJjcCq9qLeFlg21m76tp56w1XKQdYzigIfuZHT1f9eMstE5Wyh7V08jk/CFBLo/TGHSzLQ7JupOp9g1X7uPlKwzEWBakvJ9MLM8deO+35kYLEV5iqbaVSS5qM3ZVzvYZUV5h0pzF3vSGlK5hlIXmXWm/aeEXo4sUL8wvzluVYFq+UKwvzC5zzroOT13EkF6ej61lwv6I5fKW2U1eES4uYTWab+LMmpjiJTrz6ExEDE7ELeRpLUatVeVKKyKIu1+ueH5JVrGwLsL0ZVdaNOt08YrFIOTV1wbZZrV6H4GVxy1Tn8dWRmbX7cLc703TXdmlniG49rccttMkgD0ZLQ6TwpFyuYvuSJ7xh3IfNvKnIIljXd5SedM0Ne5Rg2yoeWV7dWa9v29YwiMLAg1eMUiHiWIhWML9xbsy6ZrNdG0tdc+NOWO6RLbe+GUeBzR0QMtLCtJKFKQZ1FazNiNYWflfUpbPu/m1z4B5NllVqo3XpURS4hULSZU0m6LRuJWWdLbsmgbkqmTuLte13l3bWa7pmiF3V2NXsOxtuhopgfPHSRfvoyzlusyQaLY1sdU9dWn3kGs2bZRUout7f2yltj/3u8VlIWqqVyqUL5zgmlNFQxksNpl5ffV0YCLmi3fcoR2f5dmfy1LZWIVWpVNi9Z0+kROhHMhIpJ+kdCNbwBwM68YhkxdgeuUQnCHeGsSuuA5IE6uRM+0wmwx96sffbiRRtN6SuISvuUojvXZS7KmTqjE+d+QY8AAApYSYhKCNSibT/1hwi7FFmWYNVrwCtrtXGK/6lih7mekUqmlgmMXYdRnBipKKlmeVVhZaUw6yZjbA2VaySMHctWbdadY9BiYRvme+yuEn3gVqTjAjcGSzWBlqtV2Cwu62iwk5Dmi6To8cuNitVKGOuqQf4J8rUlDG3WGAa0hdTa+qEqFZYXvrUWmQ2t3C1xHOWdYke8NAkxr27UFm6Smo95nYtjSTnhgiICBJjFYs4vd2s5TTZrI1Jc5PT8h+0WYMDp2KyTjmFEM2ELku9zdWsvk/b3Nal6IIhApt7LMwwSHJjIiZtjfiu8zRZNcaso2mqi2XTrji+mguleu7qYJ3g17nKRGlUxQQwGlNDvihZHPVuXrOZRTdvp2+LrqtZZ9uZVyYevU3lipXqzkmC9LC5NTjgCOpFpvtvlNs62N4V+XoM+F4T07pBFcO29TE4sLmf0U9uJycZBePWvKUHRqz++D8BBgBYL0mJvBYcbgAAAABJRU5ErkJggg==',1),(3,'Ñoquis (gnocchi) caseros','Ñoquis y otro monton de mariconadas',1,'Pastas estilo italiano',5500,900,'data:image/png;base64,iVBORw0KGgoAAAANSUhEUgAAAFAAAABQCAIAAAABc2X6AAAAGXRFWHRTb2Z0d2FyZQBBZG9iZSBJbWFnZVJlYWR5ccllPAAAAyZpVFh0WE1MOmNvbS5hZG9iZS54bXAAAAAAADw/eHBhY2tldCBiZWdpbj0i77u/IiBpZD0iVzVNME1wQ2VoaUh6cmVTek5UY3prYzlkIj8+IDx4OnhtcG1ldGEgeG1sbnM6eD0iYWRvYmU6bnM6bWV0YS8iIHg6eG1wdGs9IkFkb2JlIFhNUCBDb3JlIDUuNi1jMDE0IDc5LjE1Njc5NywgMjAxNC8wOC8yMC0wOTo1MzowMiAgICAgICAgIj4gPHJkZjpSREYgeG1sbnM6cmRmPSJodHRwOi8vd3d3LnczLm9yZy8xOTk5LzAyLzIyLXJkZi1zeW50YXgtbnMjIj4gPHJkZjpEZXNjcmlwdGlvbiByZGY6YWJvdXQ9IiIgeG1sbnM6eG1wPSJodHRwOi8vbnMuYWRvYmUuY29tL3hhcC8xLjAvIiB4bWxuczp4bXBNTT0iaHR0cDovL25zLmFkb2JlLmNvbS94YXAvMS4wL21tLyIgeG1sbnM6c3RSZWY9Imh0dHA6Ly9ucy5hZG9iZS5jb20veGFwLzEuMC9zVHlwZS9SZXNvdXJjZVJlZiMiIHhtcDpDcmVhdG9yVG9vbD0iQWRvYmUgUGhvdG9zaG9wIENDIDIwMTQgKFdpbmRvd3MpIiB4bXBNTTpJbnN0YW5jZUlEPSJ4bXAuaWlkOkQyMDkxRjcwMjkxRTExRTVCM0JCRkQwMkNFMEJDMDI4IiB4bXBNTTpEb2N1bWVudElEPSJ4bXAuZGlkOkQyMDkxRjcxMjkxRTExRTVCM0JCRkQwMkNFMEJDMDI4Ij4gPHhtcE1NOkRlcml2ZWRGcm9tIHN0UmVmOmluc3RhbmNlSUQ9InhtcC5paWQ6RDIwOTFGNkUyOTFFMTFFNUIzQkJGRDAyQ0UwQkMwMjgiIHN0UmVmOmRvY3VtZW50SUQ9InhtcC5kaWQ6RDIwOTFGNkYyOTFFMTFFNUIzQkJGRDAyQ0UwQkMwMjgiLz4gPC9yZGY6RGVzY3JpcHRpb24+IDwvcmRmOlJERj4gPC94OnhtcG1ldGE+IDw/eHBhY2tldCBlbmQ9InIiPz77BE2MAAA/90lEQVR42my8B5Ac53Uu+nfOk9PubM6LRc5EBggSJBhEihRF0kp+tiTafpItWbZsy0/X9rV1pZJ9HeSS7Gv7yn6SLYmUKFIUM5gAECDSLsLmOLOzk2d6pnPufv/SdW/Vq7pTU9jBTO90n/+c7zvf1/gPkP/2p/+GAKDpuu26GJVxLCcWo13T9JyA4chacQ0JLJpj06mBeDoV5cLFWmH6znnP0/PF9VJldSU332pZ4MMHRXLxaJjEgekAniWBGxi+qSiKrOgA4AC48JhQqFNWVAQz4mHWsX0fBH7gmIaHBdTgQJ/UblmOlggR8AOAIgHwLcv2XI+mGZyg2rqmGaapWX4Agg/PiG6elPACdEsPemBPX1c81DUYHTv4idT4ieJc+8r//Nt0zHJQleE4nhFsW0N4Drc0s1ZcRRkGkKmHP/oQgcqv/+JVzDVDVMi3ZBKxUUAgLio1iwjWXlkqv3/jvSs3LrdFOfA3T0mz4XAsggQIhgAMBTSFyZKi2140lCFwolqqRON9H//YSZ7yHF1JxfHBOFXNTf/Dq3cWS44gIAjwHSPwAuQbf/bU/bvpq+evfOc/lpdqWkeSpFBK0uxiQ2FJLEpTdbEawIyQREC7MFwEwW0fOI5tBA6J0DdXrJm1ua4Ulc1SR2rE/mYrmt0azg4sXv/XzqEugqIMXwt8G1M8HBHo/sMfu3XrIm8sxiNru7eMNde7Jq/mVLUcmFIslCVoV2wXr966fnPmTqVRsi2AU4IgpAAIEMSH1UFg8DpgujyAmg1R3jI8Wm7UKg0lm+Qdy/vKV371C585VV9bpALODLRc/fqxvcnOcPg3/rLckqlQGLFt++Spnb/58SOLH3zv2GBL+JWO3/r75ZWiDPygt3vwyYeOyWLh9Uu3EZIgYZE4jg9g5gHiuzgIMAL9MNk2QaCOE6xVLPi8fvulsVemth/dP5waJWgBAZLjEIEewnAKwVAM51HRS4S7RhenXmqWy4eP7aJZvtFm4/BqldZi/uZ713752vlzU7Mrqg04lmf5KIwwAC4OH5ung+cLKJqHkZcr63v37Hv1uW/sGCBee/PKetU6cmjP73zulJy/XSm1gIfc3Nj4m+nLM2Yiy9ujW3ovL/m62Ia//rWvPDWWHq+VtGJ5bSQlL66ZCxX300+e+bOvnPr1J47fd2z4xTeuN0TN8TxYoK7r49iHYSKboSPwAuDKIzAWBCUwFEVsJ6jU5FvX5+4s3mq1HU2zeVLjBIDgJMBI7MEnfu2lHzy7/cj9pfXZWtWIZzMYlnTd9tT1155/9Sfn3j9fKMsIxvHsZjX5vkugFIYSlin6vqfqBsS+Ybg0SzQb7e6+/n/82y/0dyaHUqQQ5K7f1h7/5NHBiLo+m5PEVVdraAqyIm8sazVT1IeO7ZfQ0Nrk3In79z599mBbNEimF+PTYq1GEdz+g3t+9SPjqHet1rS2DG6/MnV7frnxyfu3fObszrX1Rq1teF7gehALAEUhkIMA2Vx5P/BRENA4iWCYB2lGtTdEdbpgFsutAHV4Ab7Zwk7ffWbr2NZIMhxC7eMH7w2z1HM//s4/fO+/vvbmW42WGoulI5GQFxiw8ADA4DrCb4c0oquyZ8cHh/q2j/aEWCpfUDr7J/7pm5/dO9FRKmmthtgbzUUI1SPSWYxeuTKDeiOOFyraStm9IbVyLQ1iL5IRECFO7Xn6ALled0XNRTWSQz02OtRN7tzHNxqyUrQYdoyMYoz2+vaQ8diDx06evSuSwjem1joA7UYjQYCbluPBtfcASaJYAMPHIZUhgQ9zDZcCPr3AqSvuzTVjo6C7ioh88dGPZYa3huLDMIk3pl597Z3XllfyEJixSJSiUQwDkBgdB1NVBa4hG4rocgtgqS8+8+jR7UI67nBoTixUrs/qqZ3HD05so7Gko+eU+oKhFmtrS7eL4YHO/sb66kZP5ET3Q0hx5nLtpWmurASApfq4iKyrLhXZc4JLTASxljTtas1wzyBPJspvvCocH0+P7neW7JWZnwWtvIOw/I6Tid6t2ux1+UbNZcMih3uU7saI3IL4wpv5ctukKMRzfT/wwIfMgkIWBajruzDb/uZ7CIFT2N3bz4QiPSurt5596fu/ePMVsQmzmo2EWRyiAcVsO4CQsHWFZRLRRMLW3Inte/75e7/1xU+E4mjZ0WVVqTAEuS0LiNoHTTuU7t/nKKuqOhPIyG07dJGqTMuTNkpebVwWOLM/nplvNhjRCWf4drRe2GhXV4CnIj2M2Rv28IANEMZWKsYMSIUebBSLd65dry/O435q8YJbVXwcNYtvnG/dnJETITPVFfO1hFQejLQefqzvWL/w6qWGYtp+EAQfEgvMLYaR/mb4PhbAUGA4vgtb7733PHF58eJPX/lhoViKxbuikTCKuDhGYzhp6IZhwmNs28F//OMffvMPxgf59z/9kY7xHunm+cuKxrgBBb/Q8gp6O1ZYnnEDtWfHA2LhigRfr2EBkRHd/IpbboMmTgT5xobRqS1j04aEhcYiBamm3MIIAxU5ko9nhpSCZ2xwYc5YTyr5ntiJUbNayz0/4xNyvKvfarfMpuj5Qb1scN2DKIhKuTkcWIt3xLU3q2gMH9kWEktitGfr5z750OFtOzzTylXqjuuSBED9AMM3s41sdvYAm1p4/9atKYZNJtM9KA75DpYChWJA1dqqpvmoZ5vqyRNnv/mtP+Zi7bh/u75waen8ddtkNa3i2E0KAHPjtqUZbP/HADVYXSksvXm7fHNxhvZyHXkuL1EO7Qm6jYBc1Z9eqHJY0Lsvg2XtmYsybcZVU7ErysMkGMRxCwmcmqFcT4h+gKOthCFGbIm3/cat6QTwbV/PNxCTo9RwLEElkPo8SjjzBTs9OBZLxJraQk9X9PTu8Z3jHQcO7Lt7b2dvpu+9qbxtG1GOgZi2fIh0yGoBBhOeSfWzHIOSBIJAXoeSBtI3Ztk+zTAMyem69qufOHv81JhdbFY2KsU76ys3eUOL+6bfqLSsNtZox2bXQtvu/+34yK61n71RqJReYxrL44UVXVyoGIyNJh02lOpumlK9HPBZpm8fuXyznl9ANMzaEU0/JWTVyUqBT54PQgvrKyrqdG/dQce491q3L+jzZQGfBA6byOyYOLY8e4dP9nWO7QrMRcjkkEI94LH77uV9yGCzKONLpeJaodSSBcjaZ04KXYz76tUcVEGb1OUiEMosjWPdXX0Y7OlUJBSKUBTpuz4Ud4FnkigF0QCPJLDEV7/0UN9wn+Oat//jR7efn28hWQ/ld93zOcGRlpba4V3/F0YPFkuXzVZlWZ+5Gb1cCRmUAdIEAht1k3Yattm2ZITwGAFNpXmKb91823GqqAP8TlzQWfSCU3mrXKuWSwMqEnQmq532i7OvvVydLxLBHUXPJ5n70/Eemt2Qa7iQYrO79HpZAY5A4glaaZSa5amlOGNUC5psuigd0dsNr12uLt88sjORitKXbtfMTSYLOIrQTBdLpHpIiiMpmiTpEBfluBD8q2O79UZDakma1oQS949+51EadgOmq9mgzaokrUxmtm+feOypjZu/WF+t3vPUY0z75xefvwl6hl7HfljxgjEGxZCAxQHG41D54hjI9PTZjqxaPh0KdQsCpgY0QalVZ0OSlqpiQIEQRYz4YVD14i63WCy+Uy6iIkDsACrXwZHhsGS9On/1Wh+1FrR7FS6uicXVOd/xGZgktVytaqUmGnJComgQMSYaYXknp0rNpt1x8vj2HYOJQq195q7eX71/S18qivX2jWJQMEHRZkHmhgAP1stVHOd2DPd++mN7lldVhGQfu3ewtny5uZ6zPYFiqldfvKOHOjrQ5Wf/xzvZs7+7Y0ti/eqlfR/7fwivqa6IyfSQqK67KICWYb3kd6e3P3HfF8ICOZ+rt3VLiJAfP/uHwyPDly5d31i3QjgapgBHIbgTzK2b1xx7VmzqpsaG0I5eAnoGBhN4w7peEefjBBqhu+o07rm4oI3wJOWBcr4pSma0N47FR7Nhvlo2iJDXNWzDZmwTwHMoxQ519vgH+/1de/el47GdAxE8Ek6btmEahoeo5XpTlugH75l44JAz2kWMDI85TqXYGG7X47/82z/YWJTGDp0isfkdX/zC8On7l//HV+7+1BeHHxh9/8IdI/Zw97BV/eDGydGv1ELzd/zOgcGdybCQive8dfNfluvvajoZTSd9aAfUNivwi7fNxWsqjgPdBo6JUY4f5nE2AnpNTzU9lw1iIYrjLDyEUb7OUhQeYpIIgzYtwDjnO8tbUsODsi0siRt6w+jsI+O9eITbWC+kol1IZaWVM9iOBE6lKIbw3OUbb8x7FD2Q2YIgqKe/j6U7+yiawhG0UpcJKvPnXzz61U8QGd6o18HyQjnDu70pjAdBBxul+ezErq3ZzF2dXSlGvXZrMi9WJhsr+eju+6vVD376rT9PHv70PZ/9lLUwPZ46eGL/mdPH7wN8/u9+/l927XxEiPJTc69Vly1HAfecfBCavckLb7VE4G6qeagDUcwNmq6XBsjZgd7hSHLC5tMo027pCuUyEYJlWQxxfQYjB7OJVBxN0DN2VWyAxO6TXGeqIjacSgE2cTxMhumwozpEEtKvXYfifjq/ekujO7bFOjI0Y8RiBGZYNkPhiiwBP/Hcv33lwVP122/9dH3NxogezwX11ani9HmO4nsGHot2kCsfPL/93i+FdyR+/s0/v3YxN7nW5rbcmxyNvPmDv79yu708fxltVx//1d/tmkAhQ7S9xj2/c3DL1oPbh+766St/X8zDtr4p948fuzsUwaeuv+mqgeojnBAcGw9jqqW2PJ4ksjEBRdl2vZUK8LCELbUN0XZ9CvgoGuPCJBWQbABbdH6tjJn0Q49+tH5zrbU4nYmkkkPDCInWrKqQOhzoNcfL+Sb3i1flHEIcu3sCJ81YqpsDHkbSULXWNBX9i2/85gMP9ZSvvdCsloHu27rGCFh9ab4+bx588LfC2dgL//CN5WXQdfiYX3uzNHVzzuA3LKuzvwezm8//7EIk3n1w50f6ejsPnumi0LiNBb/xnaPp7sH77nrqX37wrckrzWQykexOIr4Gu4DpIeGkWlhqkCSSTWKWa5HdTJolo23s0mJzQ207NL4q65LmpTTcgD2U1n3ecTlAzlXAvFidFEOr5ARJ+3OX/XapIxnT6HDO8yM+gqjFdNcIIi2biKnpIQPnjQjZn46FqRgAhqsU8bAQW88VO7u7nnh0B7DWAs3lKA7lfLO2UFk36itS58AhzG1L5bV6Thk59ivd6eDaP70F/QiOmVCnrCzecpxElEMPbh8/cbrr5AOPldf1jt7s3NJrgZt85um/Upu15ZVaPEOksrFxmpk2yzdXLyGGJfCC0AXito9BX8tReL8w1Mu2WuV+P2jZmysw3M2vrKuFhtU9GAQV1F72aLbRG02E81JfMrHChDZqtbDmrhhg8MiQtVq58+qictfQw4fOaDPXxWJNJwjN07fh+DgO2g1ToFTfmDEhgqS2GBZ6/vV7XxgbjDrthtG6ZcmYYSypzWYtb4hlEEl2hznxyn/8oKrH9589S9s3cZSJHjjzxivvVEzPMJxmQz1y8uFt0VZQuRZKs2JLqxbmoFd94P4vx+KhlmLQLJtJCF2ehc4tBR49MXrXMJpim8iOg0dy7VtxgUKTNsmnd8V7erTm9h3x/qQAdWezZmcwEKdQHTgLrSAjkt1N1nVIOozSwEgPRZc3FFF2F3WrpFr7BzrvGu4ENvSYqFOtrs8rlh4k02Bu3WYagWAo9eZGvbQUqHUMIL2vvfiH9x4gIIWQYUJr5ZuNRb2Uk8tBbhZs5EFdLw6NbtHrgY2Y0f7usWMPiKtvvP/K27c3JBNiUhDGs+ljvVx3OLbjxEeIdPDu9//Yt7eQqW5hLG44CknEEd8x63mmVKLIyFjf1kePfqK9Upi+cOfTn/1GjPPHCKAQgh2NJhocV53vHBZ6WcRsBzemVMx39vRH/Zo/k7d2dMQ6KZ/qCXdmOcxG2mvrPbgt1g3Fc6PRzK4jx4WeHsKokQwGwkkXaBqLTBZtSws6omQkMAheXy3grQ2APfeTfz/7wEDhdouJOUwo6llGKf9Ts+yVc6D7yJN7Pn5oZN9YOMJ2btnHkWZADUW2RG+/8JLljuMUtf/I3SitCOXZ0Y6toe2nAYd5Olz+DNu1gx/tkf01y6EAghXXzxvLH8B3Q3S4q2OIxSPRSOjUJ3+X1Fasqy+7jci9J76kEbb6xkXeQCMxvFpRKmWMkuwES2Y6uEgmjIPoAEMlomhsbHd3go1Q7URsoDs1EsWrruJoPpOr1iuNjYHu0WqpXKvVeddYLJi3qs5WCh2hgWeCzhG23RF58bKCPfvcv6tL13EhRApkoDOmL9fzrxSv+Zq997M//P7wvqMjBx8w9AorRHxAuT7CuO7CB9dDYye6OikONAajyZEt90a6rOW3/olObacCLD1x9+ras12pRGpodKlREmfPMWI+KLU6Irt5RykvzWGh7p6e0cFeoZ6ft6wIFh7MX7udbQa842X2ns7ufsJ2Nay4sd5yBA4FriEzYZrqsjSLoiWKFKTcMkZkI1vO8LyBKeVYOB5BpY1aZW6x3VTdjXxpdnY9RSA8cDzVHyK5TIp2fcepqzZPxHpD2J/8yW+SvAlh5llmafHl4uzzjduV137kg56J05869OHtVZqPDMhNQlq6qkjNzt5ezF1ZmX9PbpRXL97UVaTvyDFGF1dvN0GYCSWjSn3JMJRYutNMhLXaDF+9FQkylRk51Xto+8FTsTAdj5nxwW3NtfVI14GuPYec9s0bv3ypo3cklvbqhcV4/x4Sc+rn3qUImAJyZVW9U8RQlHIBVhGbGNAcPImwQ468yiEFS7K4id09W/cQRouWm0v5sqdpPR0RRHdSvp+OcIAS+DhuEnqjBbCysSfj4a/84p+PTvDlNQPFjNLSS3MvLOZvAShpRrIuCFyA0G7x/ekrTYztZPuPxaHdjwgekkjy61Rv2DdT1dXm8tsXECZhxLbUcssTxw4N73+UJth3X/gOJYmMOdvVdSKRGpALtov5mfFjI0e7C1Nz3WP3FvHbG5PvIZXL13/5i9GxA5X5C+rtaT6Tzol/IS+vRUaz6WTs1i+mEywSwiWSYVsou1APBKIjG+ubuXMx7axTB8foA6dC6TSozbCoAZ3Q2QN8Y7kdxnSP4VgXFrJXwpFwwKk2TnQCFtPEioW98uaNF56/uP/gQE8crVXwgA5HRjuO/8oDQ1tHkgmWEPjVK8sXLxaSmS4Ul6x6SW7XZK+Rm88p1ZbftlWkAxfI5el3qWiCC0Tgyb3QK9gNoWfUyi+aigzInkBan7r8+vCRJxm6tPrexd69T6maVL70RmXqOVJA0yNnV+5cxChohLY4ZRPaGkWOyQ0Jd/VA8WgOj8K25cghr40TqOvjpfzaarHgoCwfj8W6JpbPXdi48Janu5KPDvR192050DE8IFBWgEuRfiQRM00p0C3KxD0EenffxUzDGh4/+8d//iUCGFzngeTI0aFD9w7s6VPas+HkQQif6s01BwHlxlI8PYg3J9//p+9Wc8s2wlot3EYpOkFoRmMu1+BjvCXjLCaQRo4Ttg7d+8jG1e/qejIIcFv3WKGnVHx39dbi9XcKzY35FKnjNhXL9OjLF3I3PlCqkgfM0Sc/h6GaQ9g7P/n09Zfeaa/JhBDCTZ8HQA+8UIiKo/jrqyVotIZ7Ru/UaxbOs0rdKC7gfIJydFIyiMz2gdO/1jXc5eY/2KiKJMOEfAPoKqq3MNw3yzLN+5v3ub79V9/YvnObqbmGU/M9NJVMNYrvLt78QbzrMOm5+bwXse8sv/Rs0H0M1K/IqwXPj/Lpfj5KRllCKxdX1xo+k7JZmmPos898a//HH1u7fUPZuNaeerl84c76mpzefSKCbzjtkqMl8a7R4V0HkpQQHR2HxqB0fapW8oEQ8lzMc0uEUdRXCp6Vj1OYVpD54d7Onbua8/PCcC+bCAFR+qDuh8KxKOEXtSagkoEP9u/tCvNYesu28ae/upJrO47D2Wp94UKjajehQG560XiEjbHxiB2CdG2zGHSGe/fed/jwQUmcsyuqpa02qzfbilNbn5WWp1HkeEB2JuN66bVzv/zRm/zo6Knf+3YLb628fClkt5cXKm0RdKVjtm1ZrebI1i0Th0+od15tzbySv7k49Mhvd+04Fst2rU3+vFITn/6jP42jFy1XtmS52EZx21KWL5VWNvru+2jnoaP11TvORrl+ZyU5urc1U5GkBiAjmqLGDoxk7rrHzlfKk3OaF/QkWMlorZXrSRr0MuC+Z/7vTM9uuzifGo2V6ubS62/1703k59uNuTs05eMuJgg4m4zZcju5JQj1ce15G3vydDhXLI5OHKJRvblyp5i/IFs9jl8v3ryA2Xu2Hjy9+Mv/MnPuPc9EV1ZbTEfv8GhSbRRuvnijXHPont7O/qRWEp14ONuTfviZ3+dA/v2//5rWaNEJFPNDDkXgvPfKf/9eKDty4OOfaS0ukG5QLrR9F585/46Ejw/f83hHjCnffD6wG2CtBgInceKB3rvuy12+Ej16plKcllemgUfUphbwzSVyqqLl0+jW8bFeks10Rs488wlXRVFGAG3zvW/9Ix62wk7FwXDSokGr5FoojrF4GHcMl4wi6V2RuVkd+8m3T3YJ6sbyOUCMNxVDXH7PNBy5OquIaGz0rDj5QmPpjiu29LycmBgJ6/XapZf0erNcE3M49+gXnxxK6avLKwNHT5/6tc+f+MgTZnv2R//9R6/NqnK1kkjupNI9V194sW/30bt/5WGcDNWLNOa7Icah1blzv3x5jhpK9aeo5kx96k233NBbrktEmrrqGq1avkH1jI4d3BPvHckVpNWFfGI0mRnfOrPeUn1w6NQpySF1XzNmr6O227N9++zFqY3qcvaeXVq+bczdJBiX8XyMpzw6SROEo7eEPpDallrKYdinH/lMJJTisJKuFBXXLK/mc5ffd0H36PFHGNys1FkOMVC1KdZCOlkRcw5GJiV5EQnxmmmVV9baFr3z1MN3PflM2L19+ft/Pf3Sj8vw+tQgPHLmsf/6l5nuAVPD99x3wCDI5fffT9L26kpenn+Vkq8aJn5tctlFMQ4n057fuHanjTB1Fbu9uLa2shCM3Esz6H1f/vroqU/xxZ8BZT22Zz+36+Tkpeu6LrcleUNW+vqhfKJFxZ27fH7q/decRFcmkiYJwmtWGMyFbI9gqAkpzjYIxIfdCSHUpSsG9uVnjqnVFd+hMbCAtma0FnRtWMeB+wiz0gMXef8pDEHWL79/bb7ZUJDePduQqIuqLT6eCKd2xAbGmCRDEumeFDn7kz+5+dykWnd3f+rzdx89cWB/d4wu5YteLMXM/Ns3lm6Jo/0dwFhZWinbYhVHeKzhBI1WOp3qxlyGzmcOPIgAhnEL46lwwUJ0P9rpFtfvXKBnXkkv/7w3DXCnNf3aeQS0ekcGyusNEvV7hNDiSv7H715vVyqDA2kkNBBfsJX1uSDE6JJFDUYWS/5GvgmiTHyww9uQUV2JdNq4q1ioUtHEmuHRrgl4XB3aI1hiDu0ed4CvLr9pzr/VrvoD+46PDbupqNistd8p23NzG5/42m9vmegRC3eW3nz2uTf+GhL1ji//vummU8N3hbOc/8E3z339z6OPfHv/3Tuv5iUuo1DeUuXKpDzvUnGqqdMglekjKqy2RrpV1a7EY2iK1xjWpxTJbdrTi+/27dyeQBdZZ7khARuLl1s6b9tn951cb1bJvR1Gwbl2ZeaiLBsAUFxoBE9i8Q6f1Nk1vyiZS1pAL+mOBYgwqEpKOufHKNonwOA+Evu1h7JSa1FvY4bKy7LZasu1nNif2H7siWfWJl8ovntOvrOwXIr3P/j0YO9q6/1bYgEvKEH/0Jawf7OwoNBCJ+Osp/Y/xXYPmqo2dPSIk3tu6vmfSxsaQSbZUMf0uXMmydB4MxViqdYizfhmwDTLmo6xetvkuI7eHXswYNSvvGNaIsYzvupMF9wmy/eyMcqudB05bbFb14vVGNfRNxBN3Pf54tUrrNsWSBcL8+WagZKgrjqBao6RGhkSk1HPF42aHXCWGSaDGI+M9ARIoAWUT6YwGra7zzyYtEzOdFKyoUpiXl3Tuwfvfujr3zcqL5fe+oH0nnwt7zSjoZC60rx2bWHRX1fM7EgqO3SEwoPW+lpdLGFUOyrlxFsLolrx1y4aBrbtgc+breLy1av80M7k9v0kG1BISLFD43efZqJAWrxq4jFdMQIMsD3Jnol7+gaPlm49Z6pIcsuob7c3ZnQ2ESEZsLzuceN3I1Ee2u6jE9ujhfPV916evFWRmw6PGKzphH3geZu87BLs/i4+ZdTyKy2S4LK+PbzPx9K0mkcjERtPACLm+4Tl2Rr2mY+dsByzvTGttiyjrdsadfTx3+azmdqFv9LfmxXbmdC+sYkdka4MqcladDiaHqBeumV6rtYlFwIgU7SDSeqNqwuvTIsd8XTfyBYhlpJ1WQvw7OBgKoFjPKIWlt1mxRIbqkOXmo2WjXkw2nbeC0yfZFKhZnP+GoMbtila0Bypjhyg79SMJoozMc4UCyjQDx/bE5Na1Tu3OYr3cUdECdJGbEnNpPARATs8QgxsibdAH+Pa7aoaIE73AULoRDt7gnLVcyt+IosGoc1/ZrFkgEc7hnysIEgRj8BazQaR2eKimnjn9ZCGlyrATXfuefQzpLegtZvd8XA6PmKh8/3Xzo30HQqkmlyqhzCvlnfWGujYzol9T39RWrlktZtphqzMXQ1CyfXXXuaH7kpmWce5Za23p25PzqKcZ2m22OIYvxV4NFSsCbF+e0lgukZHB12p2KyAbG8M11oflOpbJ7Zt6d2xpScRYnlZWcW7D7mME6ImQxXUEe1oGItlEIYwhCFAbglPnq9dvbyWxom+LRQ9bsaZNOorA7uCq88r1FqQohE6HMDGjPbuOd41NhTLWBxYSwg6sGXfzqWQW1rbc7f29x8k16ZebRsRT64p+Vzbgvbz5BP3jN/16BOxE2dAVw+e7UtuTRBYkN1+PHn4ZMBRgbLEL00NInVTvC1s2S1QLXvuWiDaFMcppqPn1pdb7Tc14paZyWuYH+1bkbvLfueiGPJSx7N7HlMct5ZX0KoaiSQePHry/uOHx078ynorvHjlmi80QH8GQfBQFMEcH0U8wBnYYFxPjghdY9EsazgOITgkYwUKtM8t23UP7CLwQf6XM/7chaA068uw+r/8mbMEFWvmLrcXym4rsBQdz2TT3d0UHwWpfoyWcuwhNJpK5F9FK8sBwijltQUjg2SHRkcyLGxIwxhSvwgsUGu12rlLqbgx2IO5IisMjCjNZTWn2mq7bfGECvVPACg8w+NwTdYkcNfoxG7WZ0w71Z/dc/dE13hmZnJyfWmNwk06znMsJ4kGZyv06ovhcCFI9V17f2VxejG/VmsVLdNEKN1kegDVieJdiWR6J0MQjVKO8er9E5vMjOEIatlmzZKbxkoBMW1UYDzDhB+lsT/6zd+kMjuarevt2qJRBhtLDkC7z37hS1bt+vrV93BS6NvzdJT0dYNzE50gkKsrc5WaHHaNS29f8Ci8Q2jpop3k+rrptUwSizBovDPtrM5Wb79jW3JuTrWZrvFHH8bdZlBvb5j+lGhvSA5LgDHP5X3Hj2GHPv3oxMEdPLtWnj//xotVsnvr8fu3C1KO0bzz87kgPE60b2WG0x4XX8kVV2cbwHBjHsaEXCoL2I4YFR8mcMp1qvVCHkN1MhzgqC+vouKSb5q4SrDpDL5zPNkxlk5vH80euwf7g698nWBiinKttH5dLcD+ACqlqkORrY3rjDyFk0O6ZITCuDC4Hdcb1sJLDbnzwOgu7Z0fvzW5ceXmNIf3bTv5DNY7JgQyUsqRBCtktkgbr4TGt/fc84RUuNZcsDzPaxbWMMe71TBWFX8kRo6mQjROtXH+1G/cu+3QEVxpGfqkJ200FmwU6890prx6OQEcw6LWZGal3OJ0A5WLkUCMkDSNcTxGhwWKoX036nKpHQRh1IuTpWWRZhDEQ2tLwfI1RG/5gPXZJEcwEUDH/HA41HUXQ/Zin3n4bkW2XGCXN97U877toE3NeuWlS1OLsoywDk2xGOzMhUEeC175W23J0PBez0Xfml4uosRod//Y4WA4a8Hs64sXiDDdvfdBW5oRdhzr2f81hNSF2OX6svLGpXW9oYM4d00EiuHs6AunOjpqphHbGj760cdp0EE4hXb1Lc/VceAqRSQ1dpQkddQsBAy+upgf5BnDUABpMsQQx/fzLIO6tgigVOZJxsZCtmtIU+eaUtnFAAI7o9wACBekR/DUSD+TSCU7ulBS0osbhtRGvDJ2cuDtViXv42mruaKstFQZ2AhJh/HlkvaLvHH67MP7DxO5K9el5TKf4Sqqt1HXuHDgKdJNFTt+9sATT+9iDF6b/YnlL0d2Hw11ZNhMV6LzAd/K1Us/AUjDtZDKKpKOc4Tr1US16gaui+WL0CG6px85GEllaMACU5Fr18SN9XAshGIRvdVCgcSGUMSxIiQxkCAYUqNwnKY6vVoT+hI8QrXait4OolHDF5rtDVmuWywOvRbgQljnWKRjC5seHohmt0RSQ3Q4RGMKHyOMRtGQ5nBTrNWnX7AVLRzprtArwAYe4gMURwLw3W/++ue++oh4ZW73E/zq4uSqO5ZbbDlGsVCwHRpHgNrWxMTOr4PktOO+4Xs7Ga6Li3N09ri1MSnVXrP0kq9iiSzezXnVouwz4MBQ7OFd+2JDtNKcW5oH7TqrVFWEnUR91UPSoagUzu7DqPzUj9+lB3YaUrVUs20y4vFYwqaLec/AbiQIoikI8zyxTaIhe9SaDlMGJOb1bQOBJwQ2y8ZZKjNIUQIEhOsbZEgAmOIZiNDBg8C+c7EOKZ6sXLTRYCl093Yhi9dXXMTCKyXzoU999HNf/SbQ32FYJpUO0VRy5dYbPYOOmSFWV8TJeeCiSCNXrZUrqYneVOpPIg0fah5AUm57VRavBWZVQIS6WlNFGefxwV1H7376EBenKMa35VtAp3YP61enpos3RSsrUhxFQXpMTtim7WBFBAS164teREOYeIQgBVSZLHiShQ3EMYkgO3o4baXZ3Gjbcbfz7IPxBKE0ZlEqSwtJU6kTOEZFO4GpmqosJPYFhAZ0hROyLCUtrK5eexfBSd/HGFBZLEXHIwgf89ga5oGWBfYdPQhABBBDgJ828+9baiORoCIcr7ukz5d9385Uwe1by5femXxk/Aig08xQyK84SmXZU0QQWLbr65JmGvTE6Ue3PpIIp8ehrKsVriuVUmDLqI9giL2lf2Fmal5btVLdrOcI8rqGMiKdzXTv67CkJt61LxTNZPDKpXdz3y3UT/LUSCQq6YGgSINme0W1lC581/aDLJUMKOjoIjST5aEItRUCwJ6ygZGhwC07skoANBwR3vjZ/Esv1KsuwJ46GEht0Cp6mlLTbLrR0mdy7lUHxDjqgcdHAJYAxqxVn7MUqLUhbRI4HiZpy3NMhqabFbeocYf29bviW3b9mt0q+YaEojSGRqrlD+pSa+LE7/XvORNYcj0/167OEL6NBx6Okh4wHRejGb20KhWm3HbJXL0ptZpGtC8di55gI0F0ayY+sVdIGhhW8MlEfkZuayZrw6o0Pc0NCVzNMx0ORCMsE6MsWwlcJPA5EiFcuyQXp6XyPBkbMcQScPF0R2htafnb352f90EeAOzTB8DCGv72tC81Aw8N4j0ZOpq2SUdvo4fHhyJsGXcaugg51QZIGCcYDzoP4LqeCyia5Zx3r69lhw6MDg5qkhT4CkAQ38FM3wDhrt7xh7r6DzTW7qi1CkBYjHQdP2dpiqE3IeAQQOM04fj8+fNSpYomkkjX3gzVsdXTa1Q23bnvU9mOBA5hnp/qyKCHt48WF4piywQCCGUmUmG6plc9J5AKpcRQEqCEtj7jSvOWvqQ18kqjDALKQwgM4SkSCtn6D//fxam6xWNgJI3gloLk68HgA6cffXibb9aIQKMR75P08ZqNXT7/bKu+d/+JAXzzjhhwEZ4VcNJCHCfgk65DgB4oXWbMf/yfz+7c/sVMZLvXWrfsIkK5oc7dXZldan56/fY7vgMXAkUD17aqplK1DRdHad9EPcQmSIyNeqIOGOC7CtA2Kny2J3b4kJAeCLA4gliJno+6Dl2tXUn0d3wuMnDuh8u5AszkakNxN3cRO2CloAmXaiGyaIkLvgrwGMmHAdQCARrTC2Uaq6gkosvYnn1b7n1yAEeNzg4PO9UHUh0Dn/jaH43t3ZpgORZTA68JcC4Usxor79mt6PjJk5653K6IbpBASc2zoWL1AIYB3DF1pZADbywXb97KP/H0YwQvBI6OEWGS7bTlptUuyPUFz2pbflPXFnR5FRae48Li41CM8HSlVl62bYyJDA+Pxjr7wwEBhO4dVKTHhzyHchYGoOZFnJZce0cRK/GuvljEQvQ2HzckxGF4HsHxStu5dbuI602KQiQJlUVSLFGLNyXF1IhIp+eSAZ1l0yPZiWwik0h3DaBEAmdYgPBxscanUl3RLoX2FMJXJaOCuYls70Qjv567U0sld2EkCHy5LZVMpb25a9EwmxuaRvRsO8L009HhDtwovOvTfXrdJfkQnSRRFIM4xdyWixqOJhpaG9vc4+ojHuljQKmX68v1zJ67+w88sut+UdXWAIHo9bZYLJorxXqlZg4cwHhQ80S/vOCqJYJNasDBWBaFPdtAURePp2GB+Z3bEgguxKIRS68v3NzwPaRcMemYMHBsN8fFoMb0DQ2lNZ8IW7BHQ5S6NTyggKYU8hdf7Il+snvfcU7ox6C631hEHD4ymvK996499+97P/JYwIeU5rTXLuO+U6+h5SVH9uj0/oef+NpDXb0B2Hh5/o1nm1YngndEqWOBxTl6sSndsqyWB4tZb0NzA1Da80zXMlqFSrVsdOw+c/CJPyNxMT/1Pb/dkuUqsIM4F2CxbAngUuEC0DcguWEBQhAJW9cc74Zs+JiP0mSAcD5GaGw8HIlkGNi2yDDL4+vr2nOvtrIJ8PDZfZmt23zdQQMBdeZtXyNwgcIiCCqSGIOdGQKwrIYOnUlkInapCPht0aEdOKEHCMpTkWgK25j5af7SJZJY86Rlc92+eYVYmLIDKtW183iid3jHkXtwPKrlZ1zLRnwyAChGdcBcqvW3dH3FMuq2KcPcggDTPcPVrOr1xvqKO3jmyQOPfzqcDrnNlera80ojj6vA0y3X0xAH83EBo0jX0Ow6lEGU5XsBiTquI9YN4AQsj2AcgmAkjkVdD3N9woPAIPyJnQOzi1rLNk7fv9VxMmy4m6EzKOIiqImRGd9TAp/EAYJJLfrexz9+6uk/ogWzMfeurQI+OUzyHRR0bvKSbqzzXOVf/qH+xoWWV/feuYK8PuN1dfB9u7ZJjmsrytjWYSayE4v0UmwMIRAAIAHDiytq7cse1O8eCjw1QCkPw3zHKFxv1Apg/OOPbnv48URnN4SoufFLsfy2pqieTTumZ6mOS3SgbBcZ5aMD2zRRUrVWbOvB+NbjWCTDsi7KOJbqYrAsCcx3vSAgSSaM074d+NEYyKSZZr6UyfBkYitDp3C34ro4IBKb+2j91ub2Vd/Ep/ShHac+w/KRZoUMjRzGMal65+ck3Rcd3eKplVb9TZ7w5Qj65qI/WUc0AGUnyFTc5Noc3jEgRLaifguARWBTBL+T7SSIUEOtXFIaG57ZsjXRx6MEE/Zc25TU4nV1Yw2MPvlA34knGDZGRceAndOkGyiRhgpcahYMVSbIMYRkMMgjAXQ5GEHbWJgiwwkIfo5CiIjLp3tKSF1ar0cpTsctx4SFweAErP1mS3cjcXQ0BZSKyGX1IByyXNm0VzEsCsx14IgB57FQRtCuRXAZANoQnyiIMQm6Ovczgqglxp+G5IRjvqq6irU5UmEANAR8AQSka8otMhyjxPaiWB8L9whWrWY0JU2s0PF+IXtQlr8fmB5CUQSOmqpfn2+v3FCLa8Hez2ztvutJDutTahW18irhbTTrSYTaxvMdLrgDsDISdPueHKB133Ks6oZWr1KhBMGNu8YdlFC98AQirkbTcakgiSUNSVE0QblawcbhcseBDQVqk45Ab1y32usS9WGcVo6x+203B5WS53f4ThlvaMVyFesbsvTWFEaOehsIF+rgO4YtcVYs3HADGpqbzZu/APTi4Hgflu5iiRCtaChkVF9MFnJB//6Ij0k+NI0YKddXcD2GBR0Opvsg0Gry+qy8/oFdWANbnu4ZO/OU2SIa7VnfqFjGhmOYQAcY0Q53jnL8fjeYw0DIh5rBRXAZ6oecLQMsxPqaaxiSG+0NJ8d0U7baiwiJUj2DBAvtbxhxcFMtogilqZKQ1COsXZdIkuR8acWz6igRs2QHqpwAoTwH1+AXAuCorfTjH78boCIKDSiGJieO8OkxceNcY/0tVZFg+s7fAesN4mNZZ3wX1rVnnIrSgd80xCrudtvsWF/W4z2x1Wi2lLJlLANbcWxElWrtSq0y126ueq0S4PrJvZ/+CECE/lQyHFGjSbyjpyfd0R3mMKn8stq85LqSrVUDUwbBOgpf2/n6rKyWAROFbaGJ871QNVJYyXDazYVFPDXUe/rXyUiUDXEo9G1EwvN5x7c8HwHwiQeOI/m2hW6OAHi21YDyDsNiUAPCssEiFHZj+oOjx57esmOvqVQoIUSHE7o4L61MmnpZFef4ALw3hVJt68kzKDbQ7aI4DvsCH2J4SmmvieV1NtqZSAZia2p14dniteWNOceKodA1Adf3QGDWrPVF0H9m710PPpRJRVP9CZZh2RhPxTgukcF5xg4kvXbbrC5Do4z4ULRaMEJYL+0FaMhcwBiAYvFIBglaKBr2LbW6nGezw+nRw6grY3YbED4d4QiepTgSoD6f4BMdgSyW200LBDBf88bmziYW+H7gNHy/jOMsASzle9/9l7tP/UW8u8cykwBR1dK8pvm67fi2l6/jy+vqga1E8uRZWxh3lJuwP/huIIT7GTrk+aFILGnicVpYIn33lX+3vOjiH378JGbMNTSd6ePB7CwZAmMnj3YM9DIo4qHRgHAxjoY6NbCDAGtHkzvdvmZl7j3flFAmCvVTEOC+DkzZRULADVCMzQDfwBBYfLbvSmoNkF2uEEZRlVJwCt/c+qzjJAlcj6JhA4QtmhH4ZGkm7yq4szm/FaC0Huibo0g40HFJR0iK/MUL//Kdvx76wpeexryqJDYkpaDK86qUh5LpakWfk/0z2W6K2yN0HkStlB9fdR1IUXleGOESgx0ZnEGoUNQ/n0P/wwS/d+/BHac/svIugwghtzWrW+DIZ08cvv8+NPBcnEQMGG0asCHPkgFCQr7EkEWST9CdabUqe0EbeD5JGdMfWO2yl46jnuNr1SXPTOMdqUgCz10rrs+Cnvv6CaSXpL1QGDWUnK42GJx1nbZjtQHqBCZYu9Oo5j0aNkqoUjCdINBlyVsuW5KN45tjZrYReNU/+Op/ownzYw/2kaEUycckdxE4puOhv7i1ORg6ueY+Tid4JsLH9iLxrGOKMuc7Fp1Jj6NeUypPt9vvzxXouw8njh3bprY9D/RgDGWvTbEp0LV3D/DjJBEgDO4D2QcKYmGwOOG1QLTbnhAgGZTrJaM5AJWg79951738mtWXCOxWQKYQqVqz1Ybars1cRRbeFQUGsAlDFD+I8gOwDTp+wON9jl7yg4brmo7vx3lyvu68mke4qo8jwIaCk0A2VN/YHF0KMB84FMmEQgmcMn724i/PvT3DR48cP3PA187xwP7RK+q/vm2hIMjVlCP3PLhzZy/8ylhH1rEk4OA4gZumYiv1WuWi6rHHH/nsl7/4eJLwcreh8JIcYxr1gZBOq8Waj3YIndnAUlEYIBpA2+EZqlorG7AH+bihNyQt55uK2xa1mi2toyRqh4ZQISWYyuZG/VYFiCvqtUsqrJfRY6HIQASgjUikCxarYUL/n0BBA+CbRoTjhAgFfvpBe6psNZ2gbvuiE4gWhGCAoYDCASYIUahWNFUhSDKaoOYXF1948SJJhpHA++cfzP3jS1AnuSwO4ELWmugDDx2ncFOql3xbtg1fNVYbzevVcpkQMqc++vVkX6/a0BGcIHAncOFJKgSepqPR1salwtT7uop6Pg19HRfKBE6gidX6+tT69OXq6g2tVYLUbjabrgZ5i8qMRLMTTOfBjyTGetmY2bNtZHFWf2/axFlkZIzIbOumuS6cnXBdUrcLllVHMMHzZNOUiFBnPBxdWlv/3gtlwwWbk0qbw8CAhEROwifhBwCjqJBpqADxLMvhWCGV4jSp8OZbr//81fzkXA1qxRC9OegE+TafX7g2aY5vPzzYFTRrlfza2y3RpsOHYz3de459kuA4YKqOgdqug3NRWDSOJlnmmmspTDTs6yuF65fFugpdOW5rXnt19tpL87deDQmWbS44roFjzOaN81AnQcEjwo7LkZGTOIdQbBt6ZIsPfeetcob0d49RPsNSfKfnILpWEisb1Ts3AhgWG/MRlMTTVCBdvjT30qSOIDCfKIoj2Ob9SAAx5vmbQ5mb8gxBEQSB3Og1G61wmIlnQ8DDVdWkMHgwFviQKH2OI+DvfPD+v33+GfOrX/1cTzLAo6gv4WSoY9/pewgsrlUvMZEYxgDExtjQPocV5eoSGxrCnPLm7oOhUZJcuHTuldffnrQEvFJXmmXpL//uYzv2PtBYX9UVxbHkNqaRUJDrtKU7en2N8EQSj1oaLrfw7hiUmn5OQ4HuNPKS5a0y7ApB+K0Nr3x1qe+kN3L6Y1GuNwiaii27ioaATXaG+YSN0YV/boa6GTWA3gYjIZEhmy8QNPBdVdMRIESEKIY4nrM5yodhqOchmxu5cVoQQKV465Vfvjt1c9UwhMWVpVCI3HPgAaWyCGUDRqboSNjVaq5N+lDmK/bmRC+oKK0SgrKp/mw66f3dz6qXVuV8w9p+ZPuffvtv9Gpbl0TPhrrPdwIZC6D0DhtKUW/UMWHCDTZHgCxFTeHraxvK9XIwTHmZVAjhMp7TbDXLPiD4HiHSfZLBs7bbBIjCeNViqX7u9ubYvAevfjNUsOlpkP98ABgmgSDopl//8JMAQJniuL7r+6brWjiGbQ4hOhjka9d2YIdMJiI40dgoFiZvLU/eKSNY75NPPe4ZHwCcwLx0gHLQnDqB7WmOWpuTrRkbkG4QwXFUt+vpuCVvWNc2NkfFXn72T8NsSGlVfcvXzQXbFi25aSkW5DLXUzCftXUTAZuq0tGbkRBjOci5m9KaCmBhR6NYwBAILXCd/R1bP0KTkdU7/4zSWCS5tzMiXpvMn581PvwfAmCAH0YL/vcPqGShjsFgubqbAN9cCBj2JoM6DiDoCPTbKmzYnr1Z9sB37MB2A57mhRBJEA5cw+m51V3b+rbtfYSkYnJ5ydQNaIMIVKguvtpqvlFdnZYaCMHwnt2EVYKzEcGRfnbVfvDsji98/sl2vYnjCVMWEcMk0BYEldaGEUL6auvQw3IDdHbUh4UtpJloRtekFy/WdA+dbrgxVyIQE+fCFActPpArFwOkyZL9qWikWq5850ezdRUqTOR/xfj/CxieBYXdBcE270QCaMMcqO5sgiA4Nu4HnqHDpYJ4QDdTD2kPFhhkU8lhKBKWBitgpmg+8xtfv+vYmVRSN7SmEI8brYpcuePjpbZsXviHZVNd7oDGcU9/58i45ueLinbXIPHX3/otSzMNqcpim9sHFa1qq3UWw2kKiLruqDbF8h70WsQ4Lpge0QwIa3MTEsAhJG0feW0N7PaQ/gBN4V5dudiW5YDoXdkoX7qxdGFyY7Vh/2d4Afg/PGCoiAex6weuZ0IsIQHGsCGcpExHh29hsNQRxN8cw938CfEPMw2PV3Qd5hyuTkdHZ7VcO3vPw++c+5vswGC14VBWK3DNerH9/g9ueTogOGBD82mkKDGM4WC95v/+758dHNnSyHsB3WlIOV28KitrwKN1XURACF6F2NJYXwjFGB+3MMi1FGt4Uizmd0dArg1jQduW//aSTK0t0eQqcB3dhmmu/u+QSARzgf9/jHazznGU8BzP1mXPNEmK5kMRgEE5YcEiDyCLbTZgfxPq/3k0hH2AENjm/ZXAgaQXqKrR0xu7cevGRx//tkN0ZAa79BZM7Wr11qsXr8qllCDs7+4/9UkukmyIZeP/o+NaeuOmorDvvfa1PY8k82hegKrskJi2Agk2SEQNrOiCNaJiicRPYAVbFvyDqhIRlZAQldoCEqgVasqCkFK1hbSZtKgpTELJJBPP2GOP7fvgnOtJyIYom4nvXN9zzne+7xxHPnKhtfTqufc+GO71hv0nFX9equ1BuAmNtm1z5tYGYRJHUbkxS6rPOeUJxpOMJiWnZfutmblGYwIngRAKYVBw61Rk/TjpgwxaJqQAYugS8VrByjgK4YitDEsXkLZUmoSMkPLUHGFslA1zkTEEBERSwBYg39BzmbEKurBZ4rMVDfUFtXU07HtuY26uev3m1cVF9eUXn5xcUHLt5saT4EbiW/eyme2osXZLqx3CvDfffv/8+Xec8otxtFt/fn7U7yWD+4JWeWkhO7gbdLYO/gqGkWyeOVtbOC3ZsDo5w5tOdPBMSzsJrH4MLANqAYjTDj2MGL4FjXg3VsFBiUiRiQr7jkwlhxnNLOz2JOcV5nDIQshgnBZgruO0FFBuC8p+RZAE8MVyAEsOpQV3QKaUhU5JR6LZnPN9+XDzt2vX1sJB5/LlHy98J6VTUaCJ8ah70N0LRt1e9Mvq2htn3zpz6nV8kujOhrsPwn9+1rKcQv/aWd9/1A27ujfkT3fSRJDB7tN2u7u1h0+/T04dXPnmp29vJ3B2j3sO2oxjDbB+AAayUVRt7AtQeKU0YTlmJDnGX8Qt1wm2oTm6B5hco4G43ozHsPDdOZO6OEQmkwrflod74OCQXGBeUynyvFqpT083R+le58/e2PEWaTZqYRjDtzQ6jeksy4R1uvXaysrXk7VKEOwEmyvPtq+rJBxtra7fGdz+w320Z3UiHYSpV/Iqjr3Vi8DC6fr8qQX6a/vvIJIopBRCwxwHjiUpDqchBoYYSRDzOJZKGn3V2ky8MOyl9XG2pqVqDQdDwHKchYDrCB0jAcBCqSbQj2fIaw4wJyvBMiVz3BXaW6QyiHlWKVfr9Sajug/SCqZJ6btTmRBxGkFlitCC7YSC3uOVlxeXlz9/qeXs3FnOhXx8//srl2798DtvBwSkwgDrfxiHmkklaAzlLvZwBAc32GiixiPnUADkqginxpKJafPzn7X4xj/XWZKAIkDbQsa5f7QC6lML/CbTTDOLe2WHugodI034KTlcCWBKgdZj4Xuu1pGFcFBYZjGapykx+eDaDrR+zRNTm483Ll641L63VSpVROp+/NmNr1bDfWB9kEjwKRS/doFI3JYDUdhQ/aMoolKMJ5UAN+P/84QAIxX8mskVWkpdWFtguDD4GG9ZILfk3Y8urlz9dHu9jUVIZZJZ+BhIG6CArSJPIeo29xl3QYUkwJgWCNFIigYh+Al1Gm4sPO5OTnAJfekoI5ZT8icHYQ9dSCnnLE1Tv1Q/Mdt8+GAD9YNNVMv2/qBnW8T3OHgoyRJMSIpzVrSALCXMdcDB+PBAWJkwDS0WwaZqMI7Uakyl+C0TiSOugqxGPR1DFc+MWy8tffhC69zETH13+246CE2oTQZDdsLyPPcgm1wPp/6IHMAOMIC/M5BvU40UagDWWnhLmmUpmOb7XKOw555f1liyawfqTksluU5SUWs0HZJpCL1K41FSLUFdi0eHYBKhELBEAQGhT+GK7UACcZMSuSpoGe7DzHSSceVYRBUcoYrxJIcUVWABTDYI0+aT/leAAQDiDtK62joiWgAAAABJRU5ErkJggg==',1),(4,'Spaghetti a la boloñesa fácil','spaghetti y salsa, ahhh si y bolitas de carne',1,'Pastas estilo italiano',4500,300,'data:image/png;base64,iVBORw0KGgoAAAANSUhEUgAAAFAAAABQCAIAAAABc2X6AAAAGXRFWHRTb2Z0d2FyZQBBZG9iZSBJbWFnZVJlYWR5ccllPAAAAyZpVFh0WE1MOmNvbS5hZG9iZS54bXAAAAAAADw/eHBhY2tldCBiZWdpbj0i77u/IiBpZD0iVzVNME1wQ2VoaUh6cmVTek5UY3prYzlkIj8+IDx4OnhtcG1ldGEgeG1sbnM6eD0iYWRvYmU6bnM6bWV0YS8iIHg6eG1wdGs9IkFkb2JlIFhNUCBDb3JlIDUuNi1jMDE0IDc5LjE1Njc5NywgMjAxNC8wOC8yMC0wOTo1MzowMiAgICAgICAgIj4gPHJkZjpSREYgeG1sbnM6cmRmPSJodHRwOi8vd3d3LnczLm9yZy8xOTk5LzAyLzIyLXJkZi1zeW50YXgtbnMjIj4gPHJkZjpEZXNjcmlwdGlvbiByZGY6YWJvdXQ9IiIgeG1sbnM6eG1wPSJodHRwOi8vbnMuYWRvYmUuY29tL3hhcC8xLjAvIiB4bWxuczp4bXBNTT0iaHR0cDovL25zLmFkb2JlLmNvbS94YXAvMS4wL21tLyIgeG1sbnM6c3RSZWY9Imh0dHA6Ly9ucy5hZG9iZS5jb20veGFwLzEuMC9zVHlwZS9SZXNvdXJjZVJlZiMiIHhtcDpDcmVhdG9yVG9vbD0iQWRvYmUgUGhvdG9zaG9wIENDIDIwMTQgKFdpbmRvd3MpIiB4bXBNTTpJbnN0YW5jZUlEPSJ4bXAuaWlkOjhGMkM5QzBCMjkxRjExRTVBMUFCRUU3RDE2ODE3NjA3IiB4bXBNTTpEb2N1bWVudElEPSJ4bXAuZGlkOjhGMkM5QzBDMjkxRjExRTVBMUFCRUU3RDE2ODE3NjA3Ij4gPHhtcE1NOkRlcml2ZWRGcm9tIHN0UmVmOmluc3RhbmNlSUQ9InhtcC5paWQ6OEYyQzlDMDkyOTFGMTFFNUExQUJFRTdEMTY4MTc2MDciIHN0UmVmOmRvY3VtZW50SUQ9InhtcC5kaWQ6OEYyQzlDMEEyOTFGMTFFNUExQUJFRTdEMTY4MTc2MDciLz4gPC9yZGY6RGVzY3JpcHRpb24+IDwvcmRmOlJERj4gPC94OnhtcG1ldGE+IDw/eHBhY2tldCBlbmQ9InIiPz5hTexVAAA/I0lEQVR42iy8B5Rk13keeO/LsV7l3DlMd093z2DyIGMAEAAJkCAYIIkiKdEUqUhZlFbHsuRjH3nltezjleQ9ssW1V7uSSEVSEgkGgACINIPB5Dydc+X8cr5vb2G3zpwzNTXdr+79wxfq3b/gP7z9RyzF5JIpSYwBGEFIEhA4yHZ8DyIg0DGGViCgBS6VEjIAEJXG9n5rg6IBTwsRACQkKJpmKJ4hOUgQAEAUIT8wHdtzXMNyuj2r3+01TKMlSZQsKq7jG7ruO34QuFbD6N6oGDtV0jZoAjAkgyAIEQoRiBAMw8h2XcuLsjHxZIItJsXA8YAZsYkcoAmnOwj63Wh4Kfx+CBIgEliCYUmKIjgOchRjeeGgS/s+zVLyaC45lqsPgh9eq8CNg9uOY4WRT5AeIEyCJEhIgoiICBBEHgo8vEk/tIMQMISIEGF6RogcN9Qcx0EhiaLhD+MHTdAwihCAPgojFLq+ZtsDvHMPX8YPGBLSBBdYyDI0Q7N8w/fxNVzX0UKzpfvNPqEbpB/iWIMoCnyIhnsOgCAlZifyEpWp19Iyx7h+WO9FAYgg8G03tB38ZoFPhACAcPgriEA43iGJ0wAY/GoAGAqIJL4MTaWEtg97iIF9rYNAGIaUY+uGv+dF3Qi4+FcISEFII5xE/ICRF7pegP8FIYFTGAahjyKPJyQCXxxRgKAI5IShCyOKICiS4vAvBaEXRR5BMJHvRaFjOq6udfr9fqvRqR1UGi3VtB0QOkLEMIB2TccfWGq961lOLpNkJIVPxgqThfLiDGma7mtvyY4j8hSl24GJQs9GroV8EOLNh7gsSS8gQ0REOORkhAuEDCIaATqKWBwPHDscEAogDmTTMQqSEX4JlygFJAQKvotTSrG0QkKOJHlAECSAONph5OFrU9AHkY3LXmBSLCeTIcVAGAYHROiCSAkBS0CSxCkA+CJkBANIMcCXcEMgOCAiyg89z+kGvtmx9FZbr23urdxeX6/VdutbHKB9likcnc7Es/dWbnFS5HGxyAnojqF8WOa2qUHI8QQBJY6GEOIYeq7nRoEbhQFCNMDZwI2AtxLiv0kEAiL6sD3w6wgQjg84HxGkgzND4wzifDAMkyJKcSFNUAxFifDDbQJ/AEI1ClQQ6DAyCegQRERCBhA2CATc5gGViHDveR1AxBDFIYocht0HPhnA0ETWirv1Fik/zE08iqIabjAxoeACUvTqFLcD8itewrhlP3O9J19bXVG03a+cKqkQ/KvNjEDanz4Rs5gcR3qa3t3W/RyuLd8PES4hyDMSyTDQtxg+gD7OBc4viQt62PwhwMnBecEViHDICTqApANJFyEGOCDwoG3jPQzBBm8aow7uYQQAsv3Arfl+Ffo2CewwVInIwD0K6DRBxgEwUGCQnABJieQKgM0jSwv9IIrMKOxC5EIiABROjBSFLhWuupVNOv+Zzs3vQ8ZgElTv8o8pD9GrN+1dQB6jwNJXU2OHguyDe+/90+Du2wYkCqeekVFjMvphxMVpOvnD2/7f/8PmMmGxGF1CjwoRTQoULTI0Xq6PUxmiIPCjICAC3JwoGFaYG4RGgBeCAcRxKdWnWIAmgZqLAQo/hnsFw+IdgmSI26rtG3uh14PAi0guJCWKTpCEHKIB8qpMWPchx4jzXmB4HdtX10JiO3v4OGTdwCEJkEJhjfZ3YahFbAyAuM0/qPNj/R/9l8BkWWmR2H/TunzdpjhCmohkgmaW6x9cMf/yT6cfenqzS9qE/ORP/3IpC61K2FvrBmvbECUuV+d7guzhgIY4+hTmkMjTKTdkWJ7lOFw0EYNbNoJhhNEVd3E0TKwdujhpOI2RGRJ2AGO4kgng85hFcAUOyQVgVHP1NjL3Ir+Bwh4GS1wluFkA5CDNQEIkiXSI9kP9GsUd7encte98GwWiaxqBU3ngzLn84RyXt2AgRkTG7nS1u+/gvuEeeObmd37crvl7l7+zXIATL/8OExNpwu9cvOYkcUXoDJQqNWH1gyvIPBh75nNxZufwQpZTFjHXcNp1tHFjHx66QiqYCp27+0nPpzgSBLhlEYU3gxGKZFlaoCgOIyz+NwZqMGx4L3BcV/OBC3GltSz8Gphm7SLpCBKBARZjOMAQbPfvI/UaRG0icgAMSQKDoB+FFhHshL4RiKeZ5DmKGNX8gJfKZvPiu3/3zW07KeRKXOPO/q3bRz7++RNnMl77uq3L6kHQurHXr1aPfjSv3zj4sx9dSAgkdRBKE9+JTaUBXagoxbwiMoP+vfMXO6lZKzVFoZbfeF9ZOLNxeaN/95/5TCG2dIZNfFJIpX/jBP/6zYk/Xn01vrOuAMAmMHZxOBMYkCAuKtcngQFpXKGQxvBCYCYJXVzXGKEIwgyBGrgxmiYpArAA4uDgoFjddbd7CTq7BGFA0qcgjgIRoS6yW8Dd8/x9JLzIyA+iyB80Nx2HC8Nt2HgHs/XsWOKll5/aaD3fX32Hbe+2Nortq43OjffY7Fju1Dkq0TC318QF8mMPfDI1mjS266amtX94/o0boJMVHj66MFueTX7m98K9W9He386dfig/nRpUG8BL3m7l9m/WF7xtL2o49Yvk7/+7w5/4z18/9MWtCxdXf/RPnfWr4YFKAsDHCI5nCZKEmHpDgHnIJXFJU1FEYIYEQ+mCeq7rJXiSZTCZeSRgRBa2dt4O++/TRIuAHiQwbKFhO4c4kQQMrci5BtjniNynoNCzq33HoMK45Fz4ix/88ffbpfknl1MHd28VTn68KGectQ8aa5V+O+DLk+Mnijzdt6aV5tyBG+86zQdi0qNMAhGqzh8o+/tE853v8gfXJ7Py0V/8N8LjnzM/+FE0CIS4XN+6aXbXKvmJPks8dPihSCxU6zeYGFXOLpJUGFEygwprVy7fuXB+++Jb3dWrZq8nMyCRZChGwonF6mEok1wfucjzItWymHwuf+IQsd1MrG8X44GUVsjf/HyZIbuYJ0lkUAQLqRzJjVi67UYlJnY0lBaI9FOkt2GtXXf9VCSmeus/fOu//F2YnppfPtK4vn593Wg07ZFUbP/6aoAoYWmBeFKxX65sZneuE7d7RFiv+NvrB/HECAb5vjHQEt6hc0vPvPhzE9OLUNtV/+K/iskZbuqIR9P+fgcsTVSPxolJf/roYS41RvL9Y7PPFXPzPEtblqcNKqVccvbQ7NITDy88/nz+2INspjjQrEajbvWsiPCwtPQQYXlYTASG7zHF9ORTp4tTI4PtGmo2FZnGcor8na/MYamIK58gFcgvEdJRRMqEOEkiOWzcRDaPVZC9emX3f34DU7U8taTevxnp9PGf+nIpk3dVZ+LsYwSAe9cu8ZPL6a9/WjsrVblq2+4HZAz0DpWo5yU4MVVaiElyv99JypMpcWxr9YOOp5dOfII6fWavVan8tz8K2zWKEWpKa1XcdX3d0TqVyuZm5X1d7doagZDPYGgSYolERuv3McSKDKPI3MT81PJjT808+kzy0MlAFLrN5v5e19RtCvcwwRKFUvnUbHosbdteZ78OBqrEAQIj8f/y6z8DhCVSOUtKxyGt+JCHfMG/+3fB6n9E5tvOlZ+E1y/feGO7qsWxOopJhZEXf2/2I58S+YQwdZItl0TCbe3ur+7vnfl3XzTHaJ5Oxci05M5qB27g2pNjZxJx+aB+t9/vYjHX1bexxl8aey7G5OvtTVKILb7wdXsqzTff40a4vQdGtNoWS8GO0Tuo3B/0DtS2p1k9F/Qs28KqHm+dZXmsEhmAjQrWfITAwEIuvnxi6dizL5VPPckVxzqquVk9MFmUni5wMcE1XNs1sKzFElqiQ0Ah8re/9hWKtCDWEr6JWz2CHCtM6/e+SUQt/sSX1d2et7HfrulVRhk7fCriSiOPPosS8drtS+79C3I236u3rfZg+SvPwImYtlPp1Hax1PeAsbZyUaBEWUnsH2yFAKZTY6qqdZsVXRt01CpF0aXMDIUwRHrckWPXdg62t++PPv7iYNCyw8H6xq3Kzm6GL+aLuURRLuZmZabg2K5mqpo5wGwrUAJD8mEUhIGHIiwpocTC8bHCg088cuTZT8amlnWXONha6zZ2GUzJLOdgCld1CSCaocnf+mIZ2puBvgKhEbk16HVDn6DHnvD5bBTl+NIolEyP5Nd2gUhb6Tzb+eBHQa/dff/8zrf+I+moMutn3C4bm+4wFCyjRqfdaW12tTZ2DocOnYYEP1o6annG3bXXbKNnDFTTwO/uD/TWfn0FZ6mhrVpqlc9O9RTKMjoSH7+/eX1n8/LS/MnyZNknnGrtoFNvsFQsEc8CQjxorp2/801EuMXEIsvR2CP9/+4MLxo/IJFShFPHlx/56IupkSXdJ/f3NtVuBRcegTHY82isS5sb30ReGGlbINgOgcMxUkSPRpnnoFnt3/rvKFnKlE5tvLt+/faau37DrLWwfJuNA9QEsaNPKfPT2KEmrZ1EsvjXN7fq0PrZP/mjyxvfv3PhrcfOviSJKc/z9veuray959iGJMosm8FwElMKycT4zbUfMDz4/Kf/18gOKuo9n9Hv3bzN+YlEmpcT0sBq7uysugNWpOKu08dpHClPHjvyVCn/wL3di3v19x9f/vyp6Y/H4vHwQycQRlg0BH4AGYFkhvZxKB5dBN5668qr//h/3br6Q3rQzpqBZAXkb/78Y0h5iCQ8vbEferTbuRr6feygGOUsLce0++9f+klz7f5G0NgMbHWt6Vc8vm9i1wP69R4rSXC8YBNI2XsXJKbeeO3u5ncvJKnY6Ree4wqK2uteu/wPV26+qSg8QwkuFrsszzOpdnOzrW5KsjRSWNrb2620btfaa7W9fUZgDbO+OHOW5pV6uykyGYGSRCYpCCW8g+2Dq5t7bztubXrszKDf2ai+XW/fFPvYF4m95goXK7ute+HqN4TUTMDEyKG4GqrQmcnSg08+L2Tmtxr9frM6d3ye/I1f/gwVqq5WI4TlyKj2dl51LJMTMkRMJunMxf/65x9cqZUy9hSr7tbNrkP0zNB0KUTxCHrjyxMhxd394NqV7VAZmU7PJ+7fufrB9++JLSdDgbYVagOf6xu9Ts8XsUmmjH7bNgYsxwi8gBNy/+al27fuGVR90LVv3dwWLV/g4iu1W43qptXXEvJoMjniBxY23AjBiAxMR221NxvtVUkq9VpbFE35JEHvdHeuXOG4erTx3cHGXaPf83r97uVv05ISKFnsJ3iGWFyYPrE088gThY//i0+Qv/VLn/G09QD72cgxa/+M+gZWqW5o89IIHxu5feX8rZubYpKYL4atHtbgEzQv6L2+4wbxsfLSfHF3u75+/V5T063mFq0ZhkR7FLeQn5potpmVPWryyI5bsdweE/BeqwtCArtsgqJaB/uDRhdihSjlHjryONe1zU7bvxWyguiKWqfZNNVuu7bv2ENXY1sNxx3oRpdjeMxQjUbN9Bo8p8jkeC2yjz/9s0WZB+3dwc56s95t332T1rep7qa5+S7FyaGMjIMtOgqzaaM4it9bIL/28qzvahQV93vX2zfe6h0EITbuTOTZdmrykdyhhb3r795Z11yK0QLBo5jDc2PxdPp+TY0JutRvXr+2Vl5YGoToXkvbqJk8IX3huWdPnTjm1fcYM8JSZ+BHltpOp+d8hzbUgReYhqlSUJ5ZODJ59Oi58fRnhaC6Ef7DP1c4NSiU+ekTs7qpDz8V4rE78PDGXCzlzTokkMBJltrrawhSRKSoy4c/uzB5fG/1W9qPvyPc2WJKJ6lkzg8Dywr3dMHtYJfUiZrv6hf+RBpNICHreyXAL5G/+Kk8XgJGr/7e3X7DoXOTyYVHYqmlELFYllM8Pzt3tLlxc706wP7etm3L1GemDwW+eXRirJAsMJBlqKCi9Qwqo6TSj84UwMG2eutC2G4QGQWQUlY+4q2FvWp97snnXR+TgJHKLyw+/rTiS5MHmxPbNzvX7s3MPFBRld1OTQz0BJVPj805EYYJPQwHfmD7nul5FulCC/nlIx997NgzXzzxybxYXHNv+TfuG9ftMWp28Nr3zLv3pMLpsY//Gk2HV17/wZW3bk7GDtjOBZIz5OOPeHYXOm0Cxsmv/cJzYvoYJcS5/Ez+2OOjxx6KZcdJPkcKcd/um+qAS0tTS7NjM7Mj5bQkIN/FCWh/7Mzi81/6XYpklsay9+5t6vnjcWBLZt0y3J7uGM2G1/Xcyl67Uws4+oEXPqtVBu5ePeMxdjsuIfHgg7XX/+zN/fcbRt8bGCTnOYdH01K2qHRNdheRnkLzKdpOcnyCEH0vNDzfN30rGXI/PXv84fiYc29nPv9Qd337+//2H4898uIDP/UxNlcgxsfMK+97B+9HxWIcqgxygq1GfA4UX/h5Ll0iQmzm9wP1Ovlvf+dXRImEYY2hDBJ0fb3p9fdsZ99zBqGjIU+1+i2CozP5Yjw/zXOg1dqTUHhScAdbNa0zCA1dpGFIx1b29hvtfibGhxTV1sG1tr1rAc90fLPJTx4vLZxY/eHfd27fnTw0+ZGlzBGIjp88YQH3nfv9nJyTs6c11ynaYTI15njO7tWr0U5lFCZPTD0bB9mcK5aQkqFTT4iH9J+8+62/eaXSGGRhO63qd6t8/9o/FijHTpc6Vi01P3ntjW/3vdiZr/332YefJURWnDuTefApQt8msUoT09h/kP/yixOBUSFCCuNZCJOATAEmRdAxmlEoHGYxx4tZiuIDL/AjgmW4VmNHMixlda+31476rnrpCq117l+7Lhw6lCqM6KqWjSXOPXJ0+cnHVFev+ZRuuTOK9+BRRsiPXLm50aluTY1nEEck2xtpiib5RDI7GltaFkYX7//kVYDs5MJJg411d3fMrUr75nvRVi1b6RzyyHE/TfLlRupIXY1ypFu9v5LOpNiZse+9viI0tht6/97bV61utWPSyERErEClJ5lIdBoEKYpqb3BwRRtst+TRBfJf/urnA3I0hDICCIUu5gCssCNPJyF+HpBESNIUzYu0KNCQ8SCfnTySkDN2Q/diGXOlqe6095s2mFIYhdNa9TjPf2JKOjEiTS4/PD/GnpmNHzl1tDyVNq68srA0+sFq773Njj7o3b654vOJbPlonItRohBPJgvHTgpzx9oOlMYmQ60vy9nciVNepnz39n29oaF+u6c3GUkYGZkigNA62EmNTxXy2Xrt6vfuqr1e0KvV02llsL4n0FRxfM7q7vu9/spf/ql750cWL9+43lx/60Jt6974kRz59S/OMd5+hAZRxNKhYzbvWL3t4UfxyMQKJPB13+pYnU2tuaI1N33Xyk0tRYZtNS145wZNSsS5Z8QXno1Nj2h1XPvNOA0LkV3ZqKz94Ac+rpGt+2mG6dKlIDEnprP1/d29nRrFknPl3Klzn5Dnj61dvYBNkBBRnfUrSY6YECI51ArTh8dPnxj029mYQmdGV1Vj03DyI+NFgWo32lRSSYjxEk2PE1U+XUxmpo/NF0+fOZNOpxq1Li0okUWAflNdudRv16PipFKM80Lp7b/9x75tHvvIDNx65aOO3vB8JiSzKCQokqeVIk0zoVMHUPUcrXew3d7ZsRyQmjjKi7CtWfw2IV1vu6rH/dyvF176onr9neqbf0l4JkEznX6/mBuJZUTt6ltBnwzGTgCJUdJxpTCRBd29zsr7Hdpp2qdOFKdLwvkfrm64bDnGWfXK6p07GRVMQTAxAib/9X9o1Kq7e20TRNbapY5c2tcCafdaOkAwxqZyJdJ34gMz6akT//73D33x33g7O70r31cJ3h878eZ/+oPapfdCvUkzgI/x6Zmx0YVcmsy8+fffPfXzh499ZJpyLaHXY5zebaVwKD79U0x6PFQ7Zu1y6NUtbaW+cWD2gViYOnruo/HiEaPfYga7jXe/07/TFc4uJhcOdV79Ruv8q4mZBNG3u9s7Yd8S0lmxY3ZVU5xfZsQQsLiJqO7WRv29V0qPnXjsyYfX37sxaG77meLm/dtmKLSmF7oO/+iTj5WOHdnd6au1Ne3Gj5LlSfroVLT45ObfJShTr25fqLtEhWNFzy/iGiEZ23EsA8R2t7TGip8bu2cw6L3vnX4pSOcz5w+aqakYQExo66V0om9Gq3//7ZPPi099MmjvvUf+0k8tcamx9KFns3M/jdvKblzR9t8ANBKVsq478dGHps58duzEs7npxwMfaaafzpSYsAdlO35yzN25YvRrvtMEPduLJCOV8mje0jQdE2dmptntelev2tsb/d3bLexRu1YhQSMleuu9C43tvZU6NKNU1K2XCtLpc8tH44OpeHzh7JO5B09rF9/hBB46fYXjl06n0lidSrN6wLOBRkOSTqUT+XwP0VFCGJ0ZMVffoXg5+9Gf0Zxo8Fd/YQx2r5t+ZLumb8spuTSVtBFDi8wjv/BMFDF2vw133v8DNjbKcZJev9KrX6OIBCmUpOIyHxv3bFdMJJC90+saYvkR6843tBt/5Q5IMTVJKHG1bmKQIKiMtb1D8uNmXvygstHe6T/66EOnX3hc7TTe+PN/VreqCZnBthVwZGakfCxlV2n+SnsMBtryIWkiFWPmz8bbu8Kl9/Z6yN3YTiw+rPthY3+N7tVHn34Ca5lQf43bs738ue932JZqUQASvQ2JJMj82NNnk4uPf3RnB+z/9Z+OP3hk/Lf/xKgaV//wly+3Ogd3NgXoHTp5RCzErbWLz//GV/Mnz5q1qt9fJX/rV54O+vcHuxdUVeWTh2Mj5xLFOeR31O4eGbaN2hud3euscjwiGau/TVVfN3dVbaXth1kSE1hn0Lt7v28FA21gOs7ewKwN7CeeOLq/tl7fbxD50q39Rsf1bUloEjSVlB3Cg9nTM8cficcltn7V6G8wPGuEwd13Vgd39h0h6pid9ctrPg3SZ3LJUxn93lrvrVbNUmobO1Nz3uQjj8YnH9tbvdutVR96dJLT11Zefauj9ft1tfbtNxrv/q2rNXJjE2avZiOP8JDsttPTp/KCTMIqncqJ6SVaWsBaejmCyYDJKtnD8dQIJJp0cN/orGvtuqtv9iuXAphPTD4RWs1BpxHajl+pGl3f3tt1e33fZvSubUWh41p11V6xwGKRnUk6lzb2TQuMSPT+QbWqeyHGfDIyB4N4YXmqMJ0A2uSp0zcuXPvJ5R1DrW2vb6nFUWzWB67egxDlZAIObw1unV/de68vz6YP/5v/LMxMWjo7na1PLvFC+jSLDG3/7tr+YHOj6wd9l09bktDb2O2+di05nXTTufs373Z7jjRQk6yWWpqdfPKlWKYcoYjkSYqQJgkyZIDhGvdVi/atytal1QhpUoYlWRHZplgoQ+D5gyorpK3M4nbvksxwELqRqzGFUdjbJayISI+hRovTgtyR8coAM7MjJeRcY30uz/mk0qxX8P7HYjCqtQ/U8/FMHiZHbDPsD8CdipnN5UEHe4JWguJDE/tybNyCyIDjmTR/mGHydrL2nfIo185As+Mnd//56enTr9ylf7LCkoynhSCqDpLCShBP9/NZJWzp19/OPPvigMo4aMPPx3uNzans2fjcw+b231BAdyFD/trPHQq0faPbpmKLFC3Vbv7kjW/dhlyYymlmo2H2rczSpwQpOajej5dP+frW6r2rQGVYRKmmhYEjf/SRIJ4ZtNuIlVzTNAMqIGk+FtNMVNndHR8bO3n00YlcWkMB43kxo0cHvtHtHNy+7gGA8U+Uk0an09ir6RHs+KjSNymeXlgYGcuDj320WHzosf/n/7xorG2A5moq1m005cpbq9H+9X5S9LgJQ0c2oCWeLuTj+wOrbTg0RyHdKBfhgw8/aCCm0WuOTMVmH3+QVZZp6xpBkogeJb/60lJ375YfCcmRc1br4tZ7Pw4CdPSTn5LScwdXb8pjj80/+ated8NzLErM7lz9lq9WtH3k9j3IQG2gJ489y8rJ5tot0ydmDpdHM6hZ7VoI0FhgB4SMqKQoHD4889ATxzbXt/RuXyIRZkIs5XxvwPMMR/Ktxp4TgpCMvCBUZOnoNDczUWpZoNpyvc6eAeUVjak7Yj2cXr1wt6eGm76giKrVq+0N0BMPL1QPKv90tbXbsjzVIy1/vEiBJJcOw+l84tJWc6SYPPLSF3zVJeyrvlFBDklZPTtEhCxKdu9GZ3etduAraZoGLpd9vHDWmn7oy6Gt9js7pJDVmzd8TYtlksSkM7hjAUQCIlx9669i2QlGkqmBOaqokog7Rbm4jsnbSQtUhKy7V17dvR9/9NlTmWL2J1vVmMwlSZLhCMfwEGkIVDg5PSqlkmq7o6THVcPutW70+mqn59zod7yOde7kYYKNtyyNd1w7l+q4XmgbBzfR/R1saTVELn38a19d1rhELO52W7UPrr3x5htha/tnXyqX77z+wkIy88RJJXm8sXshaFVE0fHQXfIL52gxezRAhGfZARHj4mxC0ho7N+xeb/bhLwnJVH/79SBkCVoymisS7ROMjn0ximhNC8jhARbH9Uw+lsQraVfbuudClmw1dUaO5wQeL91lWMNzPas3dejoja3KALvIBE+wnEuyWd6de+RMIXdYjsXiAgtNtFU9aFt2Tg4dL2y4hCwJ1kBVu4N8MhWnibZu90O72zWRFTz9Uy9+/CtffOxnP/PAo4unHn9g6WTp6GPHHvzUy+LRc1ffv0tbtXz++PgRMXmM83SUGjkZeKbZr/ueRn75paXYyEOWWQs8Wxk9lSrP6p2DxmqjePSJ8tJTWuV9U9cZftRR173BXdcHviOGDq5AG1sdzxnexCN4MoQgss1WJ9yuhPtVT+SRwpKKREFk4x/xKUZi+IFqNNUeQoFuBz5JBI7LOaE+cBybI0juYGPr9sZNNdIlQVLd0OF4IiLFAJi6K9JhVpLxorLJWDyWqVTUL/zGl77wm5+cWk5z/lZj59bB7YvttZuUsUez+4cfSH3y5ZfkqafEmcNdvUaEFk33KboszHzatbAvcODNV/9DvDQDrMbm+/9Nyj6glB9wDA1CKTW+4HRW9fYBYtK+57mDG0yEVxjzAWfU182Di74TOCZt9/zI8yKfAFBwQgm7rFwZi7TMvXtbW91GOqPoNuo5HscKgW36KCIYqjFwAaQeLooz6WSl0oZYKHJStd9kR2OQZgd1zad4AfsSC+u1CIW0SEWW6WAIXjy1CGPliSefmDwyAvS7/Vbn6nvVexfWG32HGYRTcrD8s8vHn50R4jO9wdj73/xLITc2euRp0HuFkv3U7BdIqJrta+RXPzUnKMlY+VQUeGvn32Y4Lj4yK2VmnN6K0dmyfDogENJXOaRDbA8dVW+tOq0t3/AcD4RRhHC7+wTlkk7EpRPsiZwdK6X54mIiLvTadQviaCCJg4JE+AHQLdBXnUSCH6GpNEE4rhpwYhSBfqcZZTg5hXMZ+pCApg01M4wginyKiCwvMm33xByXySqZ48vpCdnrrjY3mt/8s59ceuWi4rl93wWGhbbaV1/bcBR24WiapPzuTr22ttOtVXgCcvEBwEUoTOi7b5Kff5yprJxPjMzFUpNKYVnKzkDCtjv3jP6e62A4Y3yzCvVr3Wqv1+mbvS272/Jdz7CCIIBgeCwKEw7poBAEkHcs37U1SSb4NK7wdns7W0qmUzlVNygi7HQdTQ8eODm9mEwJrV4EMaYGEJJsRNtEaDPI9z3XxUgWhBCZPafe8n0nhISvemFKDucLpJKVgYwgGOxum3/y7/+xvtPIJRnDM6tNB2h+MsnFPTQ4vzt29lDm2BinyWvf/sHe9rsTi7RQmPBNDIrHeq0W+dWXT+3eeAv6NUqIyYVZ19hy+lueNXBN/G4MAfSg8e7atf2+mciMTpiDlm9qFMXjgOLVWy7yI4JiCFIkIxZH2adpTkSRA0kuplR312mJWTp1lk+l7l5fVeLyg+dOP/zwSadT61TqNEOJkh8aZkAjnQx6umfogedEpub0OkEiLR5/7Mjc2cOFkSwvYlgP5chJxpAc83a68v/44++rXYsmgUtGiE8R2DaHHsZGj6dcO8zFk9PPLzZWDsh959TX/5DLJRJSOaLFwOrgjqBS88/NE65hwohIGc37pr4NI6wOEGQ4OnKb91/r7XRCjxo/upgcHe1W681GmyT04Tk4G/gecIdHRChWIBkFAjGsmy7P0bHOXdOO01IOurau1g8fe4TC3Qvt0vRkr7LWdAbrAD66mH746Uc2bt67fvW6KCvlhZIsJ13X5EgmnsmVD00nc2Vb7zX2NoQ4qNZDh4x7ekXtsudX14ujyfQxrGIMSFP5kUmaESK95+0ctPuD1sDrdDqO0/coube9K/34Lbqc3d/9G/m5ZwjFVbgJilcmEjOflr2B73c984AkWTCUDUIY6CGkY6NPBe5tZ/t+xBgUnwzNgWtFtARJhpUYOkSBbbmmHZoG6PSC0RE+k8k2Ku2A5U3bkstTbvOgf/tmKlU+8ZHndu++e3D/fc30DK2diIfpMSW/vMhNHk3MLffrdehjlvNTpaXM6CRFEZ3mzu0LF7TKXqPdOKiAQ4diynyu2xfXbtYQUVw4NoUlmoB7J6Id23cNzfcp+dhsGiHWvSSNyZhgQzPq394N23/Gj49wsJ04nqCTJ8PAoqqr51PlicDoh4HGsBmKAJZb7bd2EBCE9Exm7nhm5kx6b4dgEUEwfKE0KrDx9BhJCZhLbNs31bbT3altNoAoL545Dd3GWrePpbTjOR29nYrFnHpVu/cWn8tNPvB4t77lN5sj5VSh4DT39g/uXRpfPh0/+6Bl2Hq/gSKQKi2EKFKbKzyIkpkRScpmZuBsyExOjVKMo3UdKdzs3X2vvdGHY5OewZXK44lkdqCxBunr9W0MuMuffSK3XPZVVLm92gxAgsKkckDNyQ7dD3pVxGUpkgYYllDkOboZOC2jVztYvR1LYncxoVXu9vd34hPz6fFZIoSmH8yd/aw9aNlGBxebrXUD22AJwKYnkiOHMhOLBAlrqx2b8NRm3dIiMssGsgA4LhjU7eq12kHl3t0GR4XR8BQr0jXrr//8R0881108Pgf5fKpcYCANoI4VrzI1SU7PUaJC0CIJGJaGputahgpCcOQJdvfmg5d/8C3PcQQhvnb9ipItFMdHiVSMpmb0ekWUESn7nVp/9/1VDgJX4LwclzxWcinO7apUKaCSOEK97cr2TbdX9bWqpaqDOhDkvJydcmpbtfsXxPwR1xe8+ncJoRRKk0J6lFLKrGcIloo5B2Ia5RSG51DQ6u5cqqztQtKJpemIpHjOtZq1rh1oAeAv31OduwLDCSLvBZrvmLoW2A5QW2p9v82LHV6MQZLEEgBEIUkPj3liBQeIiMJeH/cYxNoLRIDlJXFmecH3Xli5cj45Mkty6dtvvtZe3xk7XBb4ksvjoGmhJ/TVtNbpQBbYMkskEhlGS7NpG5Geb1P12v3dS9/R6zVRkTlBimUEMR35bk+16fTkQyKXdbHQR9An4qh6AYoNRLAEK9KMKIgciIm+hzt417HVytb65gd3PAdRPIERoChEvt8MZRgjZU4U46ncFFaHUdBud1pd3dSpbj/46ItL0+OJVrceIS50Bt1Wd/vufhBi6x46pstxTKGU4DEe6V6tajDYygJhej4viH6jsb/2wW06MiePnaOfOvfaX/xQ7fRHpxtKIUVxzKDRTc8eHX/u4Uv/+98S2+rci0+Xjx1trH6bouokMU+eSd2BQcjFE+YAy3OEQwoAiRzHNT0+XvSgCYI2cgw6ccSzKmbnNoCcpXbMbs/stfX2HnJ7Tvdg7dqVS6/vWib2XEIsFhN4jhW5ZKGYK5ZLJSWVUWiOMwy9Ua32+obrEvv7ZnE8/9SLn9YNjYmVRDHr9PcPDupa38aqHkWRInDpQoaXZZbh+wOsYYXiiCwLkKIsRMlKYjFicxLHIW/AxWmBsOqbgxCYpYk0hMNzl4yU5ZSMgG4ceXF+/ImnydgsS8YjhFVwkQr8kOYTkJa4JD9otqxGG7tZgqbNyhqfyUnppG8arrcJqJg48oKl113LgqRi6qpvO2q/iR1HIZeyLHLx7JFkSiII3A5K6Nu2Z6AQehYY6AMUDKLhyc/Ic0OA4Y4UchnjqefPleee1C0bmyRP2xt0VM8K4+mkIMdxyDiRCbFOjwCI4NS8TzMRpkEs/bEm8VUrPSc+/y8+063W9E7V9/TycWp/pZKQWYxH1qAtJ9ORZ1AcdeJXfx45O93dC4KyKskpH416iCY//pHD9qAW+SGr5JVMmuF4NDynyRJUFDoOnxin2DiAGNjWSGGak0et7oqUnsdY7uhbvJAkWY5P5CfnD+cnxgRluOHBoIM12aDTbuxvqd2O5/q4nzlZjMVTSiYjKZxv6NmccOalX4pw6ZuNeGpK72xsX3sfA0G+XIonBEZgSALQw0MMhu90PatjqW3XwEqtDzERcVS/cRezFsfY6byMEYSP5bA9RWGLJHWcHk7ixcxsFIbp0uMYyTfe/QbWyxwHAiz+wxilZJdNJqP3d/xeW0mW2NQkaXV928D/DYADowDXGEEqBGmb3atK6VE5Pm7274ulx0gho7c3pHTcR6BR2/FMw9R0zzZ83wpDhqLYbKYgxpMsH0Pk8GQ98pHl9OwBZuj2A+c+LqfGm+vvEqHOKEpEyJpjxGOcrnddi/JDZJuqq/bx3rDMwnKPF5NAGYOR6QwqWNaKqYX9lev3zr9CCIXTT5QS2fLI0lQixTR3P/BVmxtT/BAjH+H1LheOfKp2+286OzfThz6LSJVGkPzS5z8vJiZwJlFEYlLFK+b5JC0mhvIphhU+DrMNCGU4zYD6NBWjpHGre4umSS61zFCwfv+dTmWtUzno7HccHdssn8erS6XSuDgTRU5JsxJWYSRD8RTBEASva4PyZH75yc/gVO3d/nbn4FqyMM9je1Waa+9uYEAmGZnmeFZWuFhSb7ds3aYokpfk7NhYbuJkLL3s6m0xkTl05gXXaW/duGc193mmQ1AUzSUoCqtQS8iOI+SxdIqEupzNUcpMZPdTM89balXJHiK/+tVfJDBbCJlYdgowoqt21O6BZhihZ/sR1teJyNOHngj6cHiQLZBzS67d0/fPC/ESq4wyYpzl+XR5Jj2Sz08fKs4cTxTmpXSO4fE+mQAZltEKNNUaVLuDOgRsMhufO/1EIjNvDvYq91/VB7V4ZoSPl5OZqfVr3zV7BzQ217CXL04fOn7Oh/T69S3LCDq9AUO6uLvl4hwrFZt3fyykx7PTy4dmhUQmu39nZVCtkSLFsLyYKrpRQEYhw6YYCjuRjjL5JEUl+rvviDFBHn2S/NKXv0AxPCSpCNN8oqSkD9kBpsfNQb3CyMnUyGECAdfajwBmDpugsKHgeGmys3meoLvD4ynJaaWwJGXz8Uyek2QWQ2kiKyfKQmZEzown84tcvCwnR9lkjoEhGVrFhaP5sYUgDCt3f9Tcet+1ec8jUtlYQNPFiRPI9ViOSJeX5cJCQDCCnMyNTOQmplPZUeib2GrkZx6m+Sm9fyCwfgRjvjOIjy8mSvM33rwK9HpxqugFdOirHKcQFCCdOuZzPjPjBbCz8t3C8sdopUz+4ld+gfzwgdkoDKKIE9OFWTmWtwM/puRicRnQChkFanMLAg7C4WfMydF5W/eu/OiN4d1vNgAUwCUQRTT2ipE7CL0m8tpYtDlm23cHFHRA5EFkEIDITRzJTs4i33PM6qBxhybjSn6GpgIS2gC5seTI6NK51PTDFJ929Gpn77Zaux9LSBT+AWJAc2Bk9mkxu+xb27woRESMJRGXSCEYZceOZkZHDG2bFEX8LgTwKS4Bwz5wO3xmGXMRlxhnoSVnpnALk7/2K78MKRoLuuEfSKFgeKhFiBcZOY0tMU61ICaExDg2U6ZWhZHOCjI2HGJq9vbbP+jsN0VJJyBecQjJiGbiJJPEjoNiYiRF4yAO5yhgRGI5RoBYupgsToPAdfVaYHbF+CExP0vivDs1p79KEzAMzQD5JCtxkiSwQr++GdpdjqYQ9JTsZHHxU2JuHsd95/arobGFpR2EHkPTEs8i5I8tnk2PHdtZedM39lPJQxEkQgvza1rMLmKfnSov0UIysHsUFSO/9mtfI8nhPSqMxQxDUwwTgeEMkBAr0gLT3Ftxzb6oJGgpS/Ni5DTc0CSJRLwwWpos7q9eDgyNIH0UYnEwcKxG6GsMh/0xQw2PxCWwcRvuXIrLhUOcnA7cDktrJNCtQdfoVfxIw8SmpOYImjfNFobxwLUjt45RipXi2anj+dlH5NKx+OjJWOpQgDvK2Lr/k+9def29uKyxlGbbTmh1ETJpykBRN5adHp1+VG02Da3JMSJDS+mph4azLKGenHhEVXvIavKJSfJrX/tlDI24h4dHFXGSMdpxEjk8Ke+xYiGdO2zrrV5zjYoCGhMyE3ecPZZRKEJIl+djGdboN3y1SwkKKWYiAAPHdvR9Y7DnGc3AbId4h9gfCwkMgSyh0ZR1+Y13L7/zOoxQcfpIbupJKXuUFMso4iE0PQvLa+SYXW2wFdp9FnRDv2fpXU+vDdrXzdodo7nrWS2Zb7MkYWOT2dgKbAylpDbocVhFgSafnCwtfrqx9R7u39LiM1Aq6c27cqoYUYqx/6YYH4WxcfJf/94f4O4OfJuEw6EyQECCJGiGwYICP2OFdLy4GIWg3624RoNAAU2JKAowcEUgkuMjlMiFAHl2V44X5cwyn8A9mYBkjOYzvJITMhN8rIixXZFdrVP78z/85sVXt46cfeTMC19KjJwCCOndFb11e3Bws7N3VxQDMS75nqDWtzdv3KvtNoJAE9g+ctVwOK6C+dlNTz7oaR0cZYLKQIAVoU1jkPJQdfNATMieVZVzC8niWRoSXH62Vz1Ph1Zq9pP9nVec2huJpS97Rof83Od+geREKRYnQvyb3nC7cNh0ONcsw5IsRWHmKSwLyfEgQo6lhm4vDDosZiMhT5MAUgodK5HAVzu3MGnTQkqI58VEUVIykhynCNLzekzUufzm+f/xn76fzZd/6X/7tbMf+xSuBayWOpvv6517gd+PIqqxo16/tGf0qiLvMpj+Qk1rW2uX7vYae4lsxPLJeH4xUzgmpmdCSLUr96MhSUaBPbRZYjLnO0Zg1XklSclLsfyS4+Eiew9a1dTs8LZw/eY3pNxhafpn7PYNcv5IRmCS2D7QvBRTJAhB4GMnFgECDKcXh+fOSIJAYiwTLy7R8kgY0o7Vc/RtXhAglxATZZrAQkpmWMY2d0OnjxWp7/V9p6f397rVW52dSxdff2Nv03rh8597+Ws/LyXTner67p2329sX9c5N1+qQQlzOzJWnHxDTRT/ANgNL7ibot2jaw8aLlzKiiC0jfo5BIcKtF8vOJPPTiex4YnQ6M36KFkZczxclW44JsZFPE1JpULnSuPfXhLdfOPwygvHqjT/hRL549vfN5pprDeBDj7MPPPDs4eVHp8ZOFLLjvIxlDhl4qm1ihYjV+3Dccjj7AT/8gDICnuPrjfXOxiuAGJQnjgoCtum8ofYso+fpB46+EyLs2WOAlHGbmf11ApDx1Jn5h5+UU3K/1WrsbagHt/rV27TIx3OT+OI0Vo5CguaTmDwYMeuHAJsEYPQQAkJMRoHZ2n4/8lqcwMdSM6yUwWZJSi1RQhH7NuzvnH49MNoR5fLKKIRKv3XTrV4kKT81+QmWw/S2g2AQHz/nBwEOvTdowheeY1uai4XR4YUHFxc/Oj99XEkUJCUhCxTwLcPs+XgJmHOiaEgwJImG86UYM/rN6jWk7UqCy8WwmUthtHJtE2CfZNUxt1G0RLEJIZ7lFVmkBDvQjW67d7By6+JrLNJLE1NeFApyRk6MuPbA9wa4ezgsafkMZBScVTZdYhkJDKexXN/FdBU5/XVkd3AHUURE0QPIyQyTo/gsJHkEsRKILLPnDSo0qbAcjGXn/VCCpMnHskEQt/TVfueOVV9VeAG++MkUAMix7WbXSeXioyMPPHD48enph+KpPPadSkwkgeuYfddxhvsezthiksMIwhIoNDo7auOO72xhJhKVAn6z4Z1viN1EBClMcUMpalsmivTm3np97X7o6bEYrn+EsL3AIoYIebksxrIIOa6rAmRhwKBpnuUkWlBYUSHZOFbILHYOUICIdH3HcazAtpFXpUBnOC5HswAwENC+69rYBYiZZOmUkJyEyCEI2rTVwGohNFDbu1p1H9s+ITMHX3gpRpHDqGGr3evWGj1fSQozUydmp0+Pj58aLc8LkizFJI6BmCRdRw1DHHZ2OJCLYY0UXM812ptW947n7IMAE4+CdX9EMthzhL6Jey/0hxPT3eqK1a0xUMAqDwGHiqwI+fBDbBSkBCnIEbYWkAqRC0MLAoukWVZI4FLHkBMEDvZ3wztNhDx0bsMbEmHk6gRSKYYkmRgCpO86eGGx5HgiM0OwAtZtETID3/R0QxvU+s19kktw0ghWPfCllxWelUIfmbbB0PgC/KDX0kwP89rI+NzM+ImZyQdHR4/GE0lRjkkihwEZB9rzrAginGqAbQoUhzccepta647V2x22sJQnSdHTd3ztXhjgZcVEzNKUgNMQGir2ZKbWcAwMzojjeWp4dJwZjk3ilGGRirEXeR8ipo9wPSOfAoKoFFk5Q8spkpQxKEYRpl9caj4AWCVRw8kyfBEsm0iZpPkImiDE1Em6rmNpHU1TaZqlSRrjD0EL8DM/nY+Q59qA4wSSxjn0GFK0fAdAot3uYW0oY4c+dWph9sFCYb6QPyRJGA0FBgvnwAp9OwwwkIUfjhzLuIHV7m67tmZrHQgFgmGArzn6VmDuEpGDjTEXG6H4OO43zG+Dzv6gueEMqqHjUDiDPMfyAjEUPC6OZOR7fmRj0uPYGCumCE4YFjveEyNSHI6RMBz/Hc7CUxHCQs/zXB+ELgps3Gy4CkAIbR0XX3sItbjRhtPfFM0mIN7wSz+dxLoHE3UUhRg4osgzXFyZEoEgO8yJ0ep2bA9IMb5cWhgpLE5NHS8U59KZMZ6XGJblaQCA4wXmcK4IMJi8Q2QZg67er+OdAIIJMac5emjsOsZu4PUIAFjs06QiyQzvJw4/a9YbRnfH6Nc9z6NhNPwGBUbAzYlZHQ5nAzFu4C0Mv1qBYsWhGGbYIZIAKvSwpMVoEDqmFjgufjYciUcQZ5chQoSgj20N7jtGpFmJxIqX4/ET+PLP5UFADEcTIzfEuQJAYGL+8OcN98OC4rkYDF3L1GpNmxVBJpXNpmfypcVyeX5sbFlRshwviljxM1jd+cOp8tDF7eS7nmdrWMmEH7I5hVUnbgWj6Rvrgb7v2wMISUZMckKBpIQwNGyzg//XHdRctYnR3vPxZnCfB7hpsM7DNc+LEsFSnk9ydNKxWoY1ICIMJQgN56MpLJWGZ2Oj4TAtNiz0UB+ncDUxUkpQ8pgOOCnDKTn8B37hV8ccHSNdaPsOXhhLsLjJ4nElwpv13IDwNNtJsMnQ9QiGdFzT6Bu2P5zxLxVLSaUwMXGkWFwoFw8nE2WW53mOF2SepTE+u5arubaO8dN3sf8NCRK3Go0g7Tp9b3Bgq1Xf2EFOB+MfwSY4LkZzSkTwgWfgN8b9gtEQBf7wliwIcYP6mEkx6TbvY+MZIcKycPWS2CfhvKKhJxx+5oEdPc4hRnVazopKWU6UxMSIlBwVMHEKCo15Dhu4f/W7S22r3xsEdDQ0cSDgPCx1PJXCuM2KuNV9JxiYPQlbTUQzEe+EDtYTPEWb5vC7LnDNyFI6kxtLpScmxo7kCodKuTFBTHOcjF0DpIftiKvdc/UPT/Lj9Q2BlqL4EPm21nLUimdUPaM9PI/u2wT08JoIQqZZbHcESFDD7wZBEaYcVe85huX0dqOoF0EJfPjdDbiwyaHhYUiGpzjcYjFWiHOCwgkpJlbkpDiuT5rlGYrDBg4MJ28h/L//9PcqrTd2KisDEzCY+qnAtHSOlnBlmPaAZwSIEYDihpXl2Li2DNOSKGynomBY6J5rujgD3vBgzHDSrZgbSaemisW5ZGasXJpJpsoim8SAxDB4k+BDtYahBXsVnHYPfQgwQ1GBed5qh0bXMVq+2wOOHn34fSQ+crHyIAISETQuAwRwpcY5Vg5wn8AA4sQCbHjIiMR/455ncIoxNOHyx6aHZDmWwXDAQHJ4HwOjL4pCzELwW//z/9it9h87Xtjd/t7fvv1D/FpGzmt6j5ViVAQNXecE2vVskccmibQNB4fLRoYkxV0jxKCDZY1lmrKSjjyABaZpOlh2YBOakpOp9Fg6P5bJjGYy09n0ZCqZk2IphsEXwCTLUxhjI88PXJz5MAg9hB1RFPhYhzu+Y0b46r4XIAeFHhjeasVAhXUGO/xQJXSGg/4fzp7BDx9oaHeGH2AAhmRJnqRpjBl489jnY9TEcgnAEFsCJZ6IJ1LwN77+21MTxc/93K/HJfDWK7/7/R//9Uqrl1DyftDHHZsQRhHycHo1p+cFQZKPY6IURKGv9bH/5lgWUzcGRt00MR1jdxoTkh5erKYGmNjNgMP2G8JEusCycjY/noiXk6nxXHY0nczKiQzHJ0RGhjjwFDYFVESEJMLdTvqRg7sgwmHAQDxsAsw7PsY/vH/MwOD/+2qGD/3N/0vDtbNGEUXhed2d987sYzaaNZJgk95fIIigImKXylhYRILYiBZp/QM2PtBOJBhSiKWNwVJUFFEIBOw02dfszOw8986M30nwVsMUC3PuOd9jdu4HNpZJAFG6DEBQApKDcOkGtlsHk6HVIU2I0EwbZjdLKvHK2tbzx4/O9ISTFR3+fLX9YO/bx4a5qMqN0QiuyKqrRgWoJLE+Nh2dZ3I5zzVNnRepyJQiyzTIDGyFWGdzSnlxmBuls1KqJ4FvoGlzCAhIL/rOwrJ0x+kQbKr2wqmzqtHxvOVeb9FxPdCBppkaM5Rj9UqH+ilnQ8EVNXDJpQpsC+Kh4JXjPa5I/FBKDKwafKyKS0E8DpOpJPqPQ0TJgB+1WMpplk6TaArzcPXGSrt/7+at9YvnXeH/er97f3dvZ1QU/ebSeHLox37b7qHdbLsbRKO8jnXWAJY24RlgoRWOm233dF2paTgsZXFWxJ7mJhhvJsG1Q3XLipklGQY59ANBFsJYUFEYRocqQCptb6HtLjTptYlrWt0WWUJTt1qm3rKtVkO3AJ8AL2gyiVBKOcnLwU5SrgOJe0oDQkVBTRzmCCvPw8RPkyiJp0keRONBFA/j/FBEtz7ZWfvwdu/Xfv/C5a3NO9dXF6WTZ97//O7F9sODdNAyvKbQmUZH8CfDwV+ey5btCfMZL3mYBp1ur8oo5ier4pwnjt4VIL6EIggiQ9dFJpuynhXVKBq6hkEzDyov4LjKRADlCBKGOMcmCDk8uAQrLhi2qBlmQ1F5WeuWDTduOV1ZNOBbOQl+FdWD4GGwy1kBHuS8kOUaxA3NC4nDS8KGeDbRlHoy8Ysy5fUUZiqHHgojSwctPbt0rr/y+8uPN68/dZc3bt/dXL+2yo6fOfxz8PTlxvejr6rT6phLoT+r8ozSPuJAkeySi+gj3x+o9OpPZdi4qh5GY89yszxhmsKLCg4Cyimdc0NlMNhQj0mWSBTuQ7lKsBdALZXRoCuKEqcxUxSoDsxcFM0JlEi4UxXw6yADxuigLMpp6VKcVyoT5zCt9IGGAM2kqGI8rTstqh1lymikWIC4AGYZiFul7WYrzPJ/AgwAZws0W/rsStcAAAAASUVORK5CYII=',1),(5,'Lasagne Della Casa','lasagne, pollo, salsa queso de 3 diferentes tipos',1,'Pastas estilo italiano',6500,750,'data:image/png;base64,iVBORw0KGgoAAAANSUhEUgAAAFAAAABQCAIAAAABc2X6AAAAGXRFWHRTb2Z0d2FyZQBBZG9iZSBJbWFnZVJlYWR5ccllPAAAAyZpVFh0WE1MOmNvbS5hZG9iZS54bXAAAAAAADw/eHBhY2tldCBiZWdpbj0i77u/IiBpZD0iVzVNME1wQ2VoaUh6cmVTek5UY3prYzlkIj8+IDx4OnhtcG1ldGEgeG1sbnM6eD0iYWRvYmU6bnM6bWV0YS8iIHg6eG1wdGs9IkFkb2JlIFhNUCBDb3JlIDUuNi1jMDE0IDc5LjE1Njc5NywgMjAxNC8wOC8yMC0wOTo1MzowMiAgICAgICAgIj4gPHJkZjpSREYgeG1sbnM6cmRmPSJodHRwOi8vd3d3LnczLm9yZy8xOTk5LzAyLzIyLXJkZi1zeW50YXgtbnMjIj4gPHJkZjpEZXNjcmlwdGlvbiByZGY6YWJvdXQ9IiIgeG1sbnM6eG1wPSJodHRwOi8vbnMuYWRvYmUuY29tL3hhcC8xLjAvIiB4bWxuczp4bXBNTT0iaHR0cDovL25zLmFkb2JlLmNvbS94YXAvMS4wL21tLyIgeG1sbnM6c3RSZWY9Imh0dHA6Ly9ucy5hZG9iZS5jb20veGFwLzEuMC9zVHlwZS9SZXNvdXJjZVJlZiMiIHhtcDpDcmVhdG9yVG9vbD0iQWRvYmUgUGhvdG9zaG9wIENDIDIwMTQgKFdpbmRvd3MpIiB4bXBNTTpJbnN0YW5jZUlEPSJ4bXAuaWlkOkVDQjY3NDY4MjkyMzExRTVBMzY3QzRCQzNBN0FDMDJBIiB4bXBNTTpEb2N1bWVudElEPSJ4bXAuZGlkOkVDQjY3NDY5MjkyMzExRTVBMzY3QzRCQzNBN0FDMDJBIj4gPHhtcE1NOkRlcml2ZWRGcm9tIHN0UmVmOmluc3RhbmNlSUQ9InhtcC5paWQ6RUNCNjc0NjYyOTIzMTFFNUEzNjdDNEJDM0E3QUMwMkEiIHN0UmVmOmRvY3VtZW50SUQ9InhtcC5kaWQ6RUNCNjc0NjcyOTIzMTFFNUEzNjdDNEJDM0E3QUMwMkEiLz4gPC9yZGY6RGVzY3JpcHRpb24+IDwvcmRmOlJERj4gPC94OnhtcG1ldGE+IDw/eHBhY2tldCBlbmQ9InIiPz5B7ivUAAA/o0lEQVR42nS8B3wc1dU2fqe37b1oV70XSy5y7xgHjAEbMARDgCQkpEEI6W9CSL70hCTwhhaqIRQDphhjcC+4F0lWsXpfSavtffqd/8hO8uXN+/33t9rZnZ2duc85zznnubs6F8ll0yhGMAxz4L03ctHYlq8+KCuKBiGCIOCfN+TKDV7Z+e/7NU27+q7+5Op+/VGWZf0ljuP/fsx/PL/65F8f/x9vAYAiiKKfBF45iYYCBNMwHEWBxicQDdUgmo6nYjmkFI6xvc9KGSimVLVpFbr+ayKvirMj+mdIi13IhMf275o8d0hMz6hQUICgCAmoAhxBUATF9CspeZ6gyKsXvQrsXzD+Y9z/uukmwDDs3+2iqqp25fYvQ/zvT/1r57/b7v+CndtgGI5BVUJxHIWSIocJzImlhzWKBnQQJSmVz754993EyJGvbQdsyWL1wlkWXsacWV62aN6bVFWQUmmStPqW3RqKC9G2w4gcTkQSDKWjBbh+kauXFfkMzZmvDOjq33+O8qqHURT9l0/+Y8T6Af/usX9H++/g/x+GmBsEAhASw1CgZFWo4JQB1cGjBACEltgPj/8SmO2g+DrEf3s+RmQOP3lf9ZF4c4204G5a+ISowxGLX9n7GFF+M158B1RVVFQ1iecs5toVGwqiQAEtc7ljdmYE1YQ5D+sX00cq8HmT1X718v+bbP9v+v3TClfR/v+59J+2uPKupmEEjmC4LMgIUOfoS1JQATpPdK5oSlZ/NkeabBdqboKFAXn0LTR3BNXaAFGFUMWIwSf3fpQ690r1+gXeu3fDzl3KwXHNVCWnB7Hm76PzvoRcBaMHBY6gmuwvqYjWNmMIH6xr6jlzLp6M6LGBohiqj0dVFIrl/oNs/0J71Z//4dJ/7bzq26sf1T+sxx0gCGSO3ap+kG5ygBDIFfKjOOAzOSkXN7u8KkLrZ1ejs5hND1ZFjZ2CgEYN9RA4NaY0cvYkeeEh28LlKrEAGDtwzyNI0Vat/adMIV/7kw8A5c2Pj3LtvyWdQcl5g5ZLgmAlIpzjRKeKBxSDD0JFFSI4SQTLKqPRqbLqeoPNOTM6hF8BgYgFHqqQtdiv+uOfNAf/zsn/oPF/BKDuOxwndKSyIBJSDsUNECP0BAP0IMAxREoAnNNgHucTDOMkpCiOOzFA8sk22Pkbym2R0Gb9HJitGsXsuYSaUVA+KbPBh5HACnRij6rdhJiawalf5978ZVvEVGiwDY1MItGjpYtutvrIBuQCgfFE/LRKoARCmRv/mrq4GxNjaMsXBBQzBkoFSZIh9NXUkwYLDvWMiqJiLg2lPGsw/SOGgfa/Msr/8OpVl+tHwisbBEMJFNPSCensc0jzbYkxDWl/wrS4DivbqJmsejQC0iJ1faKlO0V3pci0aponf2lYu3yIcUaY0mvUHA46X5JiMr3+pyqYwlCDxedzW6/BZ3+jTqzG0iyq8sqArIxPokGLr2RZfOjdWkp0bKjHXQ62cByMHyVamiBTgii0TLF6TjdMPoPYq4mhp2Xd/M0PYmZ3eHSgZP4izunWc7gOAIiFgs47luP+w5//rEmoTkz9lb77KsUxgph7i8Cxf5Ih1buH+PTruIgRa76DxveiLr+GliiXT2gX3sZrmtDaG+GhpzXMJ9cWFw7dpediNdSHjcfpBUC75l64+gncXI6NXsoc/UDKSuaNt9CABfm40v2MmprKF1ooWw0y1icxK7m1G6qX/xQk3wXn/xYiVxb54yBlAdhWSM2TlRos0ablZaXvRfKmZzRTHeh4khYT+MgHRnZdxhjIZiWWNc7FsD7iXD6FApVmjdo/0CJXia3NQVUQci7YEFkBGsRJUn8jJwN0pl2L9CUmskNhaMZJ84Fv+mtMcPsHQnjEXmvTfOvVdE797Ank+FuE3AhYhFvYAFyLtKkh1JVWxQFDrURu+Zwik9BWh3ImyK0hzcXZvglQ0qQdfIqPH8frVuHzvl0IvSckOdbVgDbdRJgqZTkpxPNchpCwOnr6D9B2I8KtyXc9j9vcCDGpKQOEOK4Ffg3sdbB/LxI9DWkM7dvhQFsM87+jERTCehFBEEiK6jx+oOvw7psf+RVrNMmiOBfWc5lHByyhBKvGZhAYJ90Nqm6GdCR+9CXs4ksGaRAZB3InaDOgzOKbGucxJ9sJgzZrdWXKrtuiVd4MxAQyc5awB2TSHxp+J6mmkogpWYjiTgcvIbX2xmYTrWXaoP0mDQ9qOKNpDMnp17pc+F49Bgm89TrMWwwzcZwSNWuxtvJRNXUeagiuntOyfUBbieXGstPDBJNE4scw152Y2QrFWGHsOF28HTjrkPe3IymdiQApAlrN95FUHlEuqe5G/Epi1ekT1xWSLriuVNI5cYMQKCrloZTWM6fa/i6a6sk33ERZLHouNbz5I2YMAAsoxIG2fsHqbz4OLj2XSEumqtXFJQKlxQSmlrFWgNBevLy1H6s4cvhHQ53vSEKGxGE2CSwOUL94dQcgKDZQW+gAuk7ybEPSs3jD5nTHe1r7IXr+dvTQ69p4ODUWQgLzmGgXpuyCvhK0djudT4KxZwV+H0YeQUzLpO5DEEDr+ic1zapMfywPXMj2hWH8v03VK2VjDYz1alGAmCsxyzIte1zl/Uh4Br+qARPxWZRkSZxQ9MoBIAIUBGEUKKGCiLT/sXD08YlRk+30geDmrVjdnehNd4me61GHizKpWnGrOPyxXLPBZC9pNWcAt46PfASn3sNDCnAs6pkd/Gh/y+zIJEUBVQCiBJqbybLKlSjVCTXXhLTA5vuR+fjbQB3DJt9XUt0zL7zuqlhJFJdGTwKi8xxcAqRIG+nDMRugY++ADExFspjgNrK3A3hRih11zFMl7pYkfr3F7yekE5DpcTcAhHFqRTfSC5rA5Glw5kOh+1R27y+ZIoUJFsspJ8KrUE9G4cEBVBX9dY06Wi0XhqoCh47LQgaxN9PSlCjMpmMM5fRwtcsxg0VnAQYi8sBJKY5wQUUj7YXRcxTTqRldCFmJFk5iySGUXj7k/fahYz+Jh15TRV0napmUpieyTTc/6vPUnmm/M1j0G6vpC0kQrZhqJw59qHCmBOskB47F0lYfG+bS0bEEUdycgKJGOOuBxavkPjwfBhADzUvr5OQ6nKtjnSG5/de8/3aVsxgIIRcvsrqmZFHG2fnizKlp8rpppVqb3l+a3ePGJS02jYMkbkXwRH8Hg9Ol1bVzcjoypqpZwPlhchyGzmEkp7kXKd7lOE7bVAQ3WTUlp023E6EdoO2J3AmQ+AQYrzVZf/RXY/VmGb8NTQ9jfQ9C3za06lfZwqXTF3471vV3BGKZjCapsKYJLFnis1m+Hk3/IZPVcOhi2HOp3KSI+wkfRlTfwCRli1nFXKu7ht5LsdMRUXChNr93s4cu0QrHemaqswXzJmuKcH89Pdpxds8Ltfc+4N10DkQ7teHn5MR5iwmgpb+gZkUtdQgho4+/8Di0tVYZB1/sz9XXr/hWYxbvPaIUUtjvfvYdUgLy8BkNV+X2vwFE10W0EhmU9DgOrgD2YphMACGD2bwwNamc/g6Y2JU98hZMAcThNta5ybIiaKFV3wY8eZnACqrzOgWtRnAjCI+fPPWrCC8SMq1LkoZGe0trAKftKGpSYR9JXeJMWir7XjT/Jpk12dnzMHcp5V992VL5fscb+0ZO9ky3ZdSJFFfOBm+dBlp3PjLDFBcvvttZfAc52E3b3h8VepWZ8775zXjmvdzuMx2fmC9FiOzFz9BMxFhVQhSiU8c6GdB735alzWV0pEAcC88czMd0a+pKDwiDn8jZNDH4HrPkgfzwx2g8ovk36PVHM5rgxDmNKyWCLQQO8pffKBx6g60tlYpvV7xNTPU6MPoicDScGSKs732vZcPGGPv5S3t3LC0/LIeS9GjbKi3bJoBEQqyq1AFjbmcDgt+taryJ3GAx9BfAx3xCpQmQhC+N8tSuzsj0he9nwyOJSTVYNJdHSb3grPkvI1V1oefH0WRHde03WKI85q1VeLj/x5+46yzli+jCkS8xlGKpB+VZYfYAmLEbzL7V7iyNyGe+sJaUzQ5Mm6wvgvXNjX//8FDHWIyd58bWHvmrw6NIzjKq8nMSyYPsLLfsm8L4TjXcqWYTKEnQpc1orkOJ9GnRdjzQypoX4o3bsnRpfugt2PlsfrLXKl0uZvanU8RbT7zGJd5vKO8DEycBnvIuuWsyNimyhYZmUkSSCrisCBhHX5/J93X3dUyFOBNT2VTqTMrpJ3fL3UNZYSaRjmrBEkCReCwG5y1YUV//lYnxp6anX6iv+frShd/yW9xqNiL5qid74rbBKU+wBbO34MG7VbPfUpKpbQrUbP+BfcMjeQGTUiNcXTkV3E6yjvx4KjaCLV9asiSolM1rRQYef8Cz9QGUNhCOovSFHYxjkZgez1/6rXXRd8iqzSTFSGf/qEydgWVf1Ofhccl5Yfe7tVi/q9EJxTDjXpwFLpAfsWHjgsJEJi6YkD6zyUTICYkC7PxPhibPvz/zaLCIJCAgaclkA0Wu+xK5XbORTCZlM5C2yKxtbHIgm0oHS9l0CuayBquFjE5NoSS4ZrOztOyeSPhv+uSjrOQgR5fgiKLIhMxarZe+TucN/MwQ5LuA/0bG5lCyKWCqIvIdfCqmBbcSZlP/nhNtF4kSu5AaPf7qiQTr860I5uuKMSRx4QXE2cg6W8Z37wDpQ/bGVmBbJUbHnSu2alIehM7LXW+rns+hRS2oO/DM/3nt8l++8KNvz3duuh8r3UIazSrfJ0YncaGAGoMYyMiXfzM4MV0Ahgq7hbVtNphbPh18btfAzoogVt2iGCxFmbCqyjPlCxxGyk5o/bs+BH9/Ct+0zguIuN2qsrQVo01WG2uy6JzOMoTFaKBN3FKcXMvipRgw8Ywfn3jJ+uaX0kSrpRkqwxfEybk5vdJ8M8Yg/PQnjJ50IrNc2ZYjn4z96c9HJgDaiMGlZbhmVJe6tM7TAHvoWp+ldHW66z22bJUS3ksYDaaFdyuDR/DCJDZzgX/jR7HDbbBpK1vdpCQmTYM7r1/p8HzpGcXajOOSWtCrN4MM/A3X87YmZg69xnl8WMM21rbKYF2smRge48W33kRyMcQPbXEw9GwmfkgpkkuM6ZScTktJ2TAJtlVbNszzv3wgYvIBmzVtsMQDfiaT40VJ4GiT2XSz0XCDnmk0JVMgVAG/xB77Ax0VNSyKMoCypXgGhHKl7vnbYyOHZsOc1YJojFZA/A45fX3JRADXvAb0K7+/a1mtvXBhVEUJ3Hb9r2cnU0LHbtd1dYqSL4T6hdfvNUk86rp1eEIj8GakHJVVie//VB7YVXfDnXT5ykwmr882pL7dVGaGwjKpjlekNGC0QRyCFBfGJ0/THJMJE4wNxY2ihx262YAQNT+FU10Lq8+aq+qoQrjvPWjbfCtbUmvIvSMk2ohE4t4q6oSMYE6Dz5e3OsKE0UgimMNaDZFZHnlPJXSBERHzsm3/pxZomQksxsN7DTn9qno1AEcOxr1rzAZ/HZF5sxAGuP0a1jTdfvIzW6B0+x8qMscOxEa7w0eio70gSkPsS1+49/QjN1jkEfOyz2MorU6c4MpWT1V+48k9s/z+d4Mr1ni+83vOH8RUEWU5JdEOPasxo1m+9Ibh+H9d+OizPW91mikrbuVykp6ZJN12hXgWwgRUYkI6Ko4myOX3G255y1xzE1t7rbGRxRKnLr7WxVnlknsfoItvsbLRmYw2PpleaACVHKmHczwGSAbabCZAqAjFZHTH5iNkri974Zzts4vI+wUFT6lSsqfbFIrSKCM73caGjQ+r3iZ09G+FmQRhxZIdw/k84VtaUkiPQ0tZRsJT/aPJ4ShjAkZWw+6mszZacdzykEw4MH7WseYXQ6ZNf/rpY5ZXv7e8iS7++h81SaYpFDG5xURCy4wCgw099xT27I+ESXFHm+G1AabREitbu/zJI4wwM2XxmlNMtZvKAMt8QLvxyk3uW56njDZh+FM5MooCVpjpsgdQa40v135UJW1k7efdS78QZKY+ermtb1jduLiYSKjaOcGQQc3WNdKslRw5O3t2/MArg5WJQjmlQQeRjJcZGrbIOJxqi2XSitHDaLmIAc4QalqMzTCkNpECGcOG0nqEYVKCWqYXwkJSlGDO1UwG/CpuchiwW5+NvPQ7S9FHhvv+q/fIO5df/MOqkfCN36wyP/CqxFnRZG+hYE4KRgPLkVIMfX25cFoWEiDiKnHQU9vmSZwbnw3nVi1tsalM3YY7UtHMxOHfBTyUxTFfK94CxWRhtC9/YZ88ftRgZQk2RjtIzb4EYYIogodCeZSwethgcbla0O6iF26qGvkjWeKGlgVYdr7c+1Z+eIpTQbWHLF0gYyajiWk0i5ZwLBNjl2z8SimV3of5XHzWoKES3vyApyEtJGYrStKEcwliQQzFdyCXL/a89anBK9RvqSDsi9VoFy4yxv7fP+LpO2J6ckdmeiK145FqBlQ//ydi3cMaAoie16CrMSuY0HS/dPBGtSehB0kqShpu3WJEB64xh5JRAeVs9uUP1fqL+LaXeT2u2l6MnBUs0meG+sks4kVdderAkWTbIT7SgzsBWmwTbdtw4zqm0k8YWHC5F8HHMmmputHUVOuKdL8lRiQ6UBK9eNSCvOS0RYmKa2B2dDkxjOkzVut8DVmomi1eZtbDdWazw5oSx+TbQOsjcGo31Bm06BGWOsP6NCDlhKnLiNOKh/5eWVmw3LgFrfpyuu8iYZVws72oTH4W+gUay+WHTpAU7X/kSXbV/aIItbFPdQ4j1nJ8ZId06rnsQEIhDBIrquUOJBAUJz4jbKDvvEaQi1oqFw6/9dPuN9/ggmgpA2vLcFoCMDlrabyO7/0IufSozecia1bhahyiVsxWqeZk9ejzSt1yd+kCwlqWGyJy4cH4kT/oAgtj7XL3a4Zozq4r0eV/QsH1Wt+vMslJkmoVs+WauZgQphBuWUGvb5l+lVqIol5MzppO/VnNRqUD5z4ePJhumn/ruh+T0pSaMpCLHqErP5YdmyHWwBVlYUTX0s//lauqoFyO3hgz+fIf5/3sCdfKBzLDp9DQcfXSbrXxHmzisPDxo7l0RNKgzKIqoTCBeqZuNUAyUmTMbMI9pTY005U89fe2PhANowhFuxzSpMxlG+4qKnISiQ6Es5CmIsq1WM5ngSyjpIZYnah7JcjPqoCFUEP1SkpXItKUwYmlh6bzo4Jz1X3GqmUSWZPSa57QRrpXIdh8BSuD068js72aaOVIC6FE40odpQv37rfxgqyAupE3971abK+1OupxC2Y1EwSH4C5IV6F0ULr433DgM7piq16sjyuOhaiQPf2tIsq0rPmHfyQSo4Xdv0coTrWXaBWr0TNPpM5dSmMAo4CigEwYsEUUV+JSBVGIR3Cjnr85Ja0SeF7WwOw4MHCgqIptk5tmp8e3b/Zw9gXCzHgetaqRcw6njOrJl4/SNTWK9yYEbZCzEjrwGhH0SxV3GrUhgJGhD58VCma6pA4XRzXOLceeMZkc1LydfCbEh/ZgoT12RIRJ+PZxHG1eeF01pIe7BNOCR9sqNvKHAlVa74IVn7ds0GLdEhoFvoVAFpDMLtSdESdS/LFZY+M87MFbPagYD7/7LafP2fTYB+jkq/C9B/FL0+nBcWg3SlaXFB7WXBV6BMl8VjF6jW4HbjYjnIsmSJyQNVXIhQVUlnkZyCLwL6ox19cAu6N60bV1nvF0oo/P8XjNPZjdCmYuxse03GzUsmi9nOHx6G6EgZo+f41JaOd7huiJy4fbs5mMt6UBVfo0VZd5XUimk3Fv0ChaEQuYoRFPHhjoH37ikPZ/PkP2D8O6XHq+kSuMipNj0wMHzy0AytCyFYpamMcP8QiPqtMoOYm4lqipvNB1CAKFqtmilWzASSYg9T1LGKB50z5+5BA28jeJADncKJCEef4X2LoViqsUd9WLh38lYGuJxs+ThUtEphdW3iec/rPaP8CsftCYzMv5WZrSxWITBCGEnhSH9oO8E3e7QLI7J8q0tZIcfhFV+PS0LIqqrNjFWR6LZMD0W8qSbyH+RejJ184fT49PApu9zfONatpeDfkEYspgiTBOmSWalcPPI4kOBfgAQVRUYqjGb3KA8kxh9HhIMRmTA/GtbkD0F8o+CRVtrE4/+0bypo1Wn4N5aRd2Yw6xr0/3gGxadH9jmWnDwzipS0TSZVpwszrx31jLL6TMZFroSxvSTLCJXnoT3b0zr09qUYdWvMmQ7iPtjDA7qqQuw/YfiqPtjEnCnaScisajo2XNdbYSQ6Q3n7/8gaXhWgW3KrE0qepuH1PGPlUvHkidiFEmxFUEpPZX2GCDxq3DtDSRTIKZQV0kniRrbnzI7mWtef/NhDmEn3sMD66DjBek38WyTgADufgZQdBcTukb19wGYmTnG2+EeNXrgDHAJHKoTGmuIKgZuQje7lXnBex3fkf97IgyCJApHbANL13GDJ5C6Sr+9MfYI3cvpZt+B7XJud9CzC2FS2+SpeuYknptqpec6TsA3b37Di1ZsETCmXxcUDovGcEo6q7Tdr0L5t2Zt6/Lf/IUXhhyWyfF8R6RczFmJ5Y9QwZuxVHAiDHW5qDttZickuJ4ciCRnFZgnqKhSlM8VVoNDeVwuEOMJ3A+s+ym9czS72LzWjCHXYuMYQYHUCQ5O4nkY+JsCoF2oM/MpnpIDCimZXLl10SPF5FPK0BMd8ZsFGnTI6yYxoyiQw+t61rVRbdRrZuBdVCbHdT1D3PvX7HKOuH4E1j0MPbgV29D1Sks2Y16b+SP3ydPnwKWMpDuNdfdmQdU+9kLXsj387aDRzo6jpx9auee4vSUp+9stmhTzrd2qK+QHc0wQsy6fBtWtAI3FSGoRph9mDKDiSFNiaHmeYyrTpw5Jo9OIZJcKECC47wckPJc7sIQO34OBD2aqUqZTPKYAzOOg46HtYsfYRVrVEMFBQc7D7fv6appasVIbkpEGA0KGiGSuba8KMlUIDlwUJQ1AwUC80lTBaExIgQqaQC4OALUabDgHkkq4P17CBMNzWU8H0f7nmGJaewHm/oBaqKKbsUIXB3bqVXcpeQShG8BXXs9DPWsbKgbCWz76T1fqTm62+6lkvYi+uLloqWfU8vrJj58iUp3GyyatbqEJETM04K5W9WuN5XeaZxKMqWrZdkLMoNCIZyXCbF3UElqKGNEeIHMSjhpyXMrqPAY2VIqxYuxyR5empLVqIGLiqJLCrTC2aNI/jIKMlHeWxoAuLkegQpjcNEGbqLAqbkcNrXHQBcMgYDRx5MeURfylBXDfAbFJ9JmwDjrQB7Dpw5THgfi9cuhU+r4x87124hlX8OZkq1k5c/h0F+lyC7oXY2Mv8dW3koHVopPLxIwT+HW56i/f/1R73BNFTFhM9QkY0i1f2JsTHp1N7v1Bufq2sIHTyhxnwTTKGnmim+giEw22QZwAF1VjPc6OdeOBu5LjD+VBYBzAWpSlHmo2Qmg4I4ak1rckpnWiAOvYBC11QX5qmo58DUmf7EQ7waxfZgqB2qw+wLd4QlKdS0jUF0aKV39o0eyjXc21xqjqmqaT3vWaIiE5yc1JUERJGCKFMholEVQGEVNiJSXUHicqyLKa2MX9/W8cWH+liKcqv+t1PcEbPuupAKYPo25yjD/WuWjKmVWMN17AZn52yrkQ3khGE9TUm/72LRgD5jIwRBtIzAWV08ccS8uZhpX5M/sA+Eutf2vALdx1YA0+mD5tyDGaHSlwCcRcQJngEJC0iGZzQRwmGE2RUjtam+UiqfArRuEUyHj5Q5kw/UKTmGYl6LzKsVAhIJiXmI0c10Jz/kUvbQqmWFY3OQz+Gw0tN4hkZbMRF9Wc0rpIGuoI2HIbc9pFgu14HsDu3ZQb/+QqtB6oLH83h/6Shu9nqWnXm4cvO+HuDD2SmH6dVVCxCl9eMvZxd9CIieVwB3sirUn2iLa3tev9WFjIXQixBdkFdAAIpKxySzNpvGpbo1PCAYrhp/FTSzRcAsy8YZaiOHuIDS2aImDiFogvAulNM8ScaoSKDCgWCY1EgKYZwKyiEv5PG41iYo4QAXH0HIvZrsGHf0qyrZA0xrAflub+jsij2jGUgSbh+EOwJXKwkTd0mAtAfjpWcFcferjrh3PPtdokTwctLlLJ6PZVDx2/2o0uPFkadV9wxCcPzxrvmYJm7koJC2MNXDjS2ee2jYPe+hmShPzCN0gQ9687glEwSABsHg5tuvP6Z3PUHtnOZQKZ7WRGJyVEInSNSBOI3nX/Gu8199CMRM4ltfSI3hJLYWNYHgKsc/H2XJImNHpJzCSgqyLJBW65js4EUHRhIqkdT/jLlyixXxKRpxB2heWGYX2FdCgRS37CYYo+MQLWOGM6rxNFkJafhTjltPF62kDloWO6RnLgfd273/jlCuu9Fwc3f3iG2diSg2mOR3Y0Fhi31DBk8a2tVqRkmh6Ipb2r+vsm2CpXEVdEHMtAowhHe4//NbzuGXpM6muXeDySzYbRzoqNKpIan+e2Ps15RwoDoNZI9pxScoaAU9BDQceH27CBJO3zHP72vzwYOrEUGCJiNQGAJgF8SEQ3AAUGUWtMulAMaRAlFPxdzE4DhpOsdLnicKzRHmdmpvUYAZDDBgRR5JtMgsoQxqlgKaGsJk9SKGAAqBZlhKZPojXQasX9ywJjaof7DhkHu6xEZlXjkbtAHx1IcnhbDEFvlOO+P3M3zu1eEoeAtrGevNJaOGPUdLRj6//ysDsktKcYpxG5nkwIwMAYy2xe504zR8FUy8iQjdVtEFOILLWCQ7vU4YA9OB5iOYsaDQm5HW/utHS5lJ/iVcZ7WRLjfnpg+FTRwi9BljNQM7o8gUWfQ7ICRxgKpIiyArgfhhPfASUcUAhaHgXgnpIx3yUIFVbDSKRqjTDeidIBSiioMGChigoW0akz2iSpHCrcWoNIO3AUcw4Gy8ePP7bu+8hCuJPi0HDN+eH/auwc7tMaFgOj21YQ/sJ5eV2TeXlR641DcyIQ4OJnaFUNA2biqnM3wZNS4yB9WsSQ6etZfM1M0dyRjuO4bmLzzFUQrOZeK0hf/IN4tQO+UhfAQGYH5HLdSCKMwsCVj9bRLBWN0mgak0lbpSVWE95I0GgmshnSVXDPGY0ckHCAqjfjwiDWkEEltWE42fq1EcgsRPmLwDfQxBlsNG/Iu6thWw3I+xlKJW3NmtkJaVjJr2Ixsm4XdWTYWDpzMyYpLjDFzpSe26nEn31XsqTUavcunnwtY5oLgzEGGlc0khA7NhHuydjfCkLarXMho3z95Jj47EoZsROTGoZD7oJjtpoXqndLuRTGihKn91dGBjFNi+7obj1Rq30xujRDuXAi8xYjI8pWTst22iRkQAulXz9V2zgWu3MB4Q6gTffQemqcOQwnYuo/hXQryeny7juVlIgGRmaKiHfQfJDGo5p9i2QCCpsPV44SmEJ6PoSYgxQhIK7yjUipyseNCQpRhmlOIxbpdJ6jFVqgXV0ydL4xETsj3emE0Pv/uKJyKnBhnmkzWJxzyRLrSDT0spzWjEdorZ+Gdv6W5UqxdBwY2nBqY82nsNt7IiWjvFi0KaVu1VfUCvDBRMfMtctZb31SLQ/3bXHV2PHrZl+rXMSWfoTZ/W42m8Wh5LQTmsOwHsxsrjU4baqru3Jz/5AxnncounMV2WIpiMyBATtY6kwFgxKBQixEMRlFMdUbjvChGkW0YhhBJcBYs/6f6HO7EXjx+LokkgHx8ePsbNTlXroVhCUPINqHFSWCXiBrLxODzMZgN7f3ImdHm9e1/r5nz1w6uk3Ptk7tcCcWr0QaIsBdt09dvcqeNcZlCohpYLdxBvWfh4hHtKkTCaTiISjDZnBJn5IFIGm8HBmBghRVUmp556xWshCNm2qrPcvvwUZ/nHNVEdf+Re+5tv01fTfvp388GjeBDQ9DxX71fRle+sPIVmGHvySnj8lRSEoFTAENFkJyomjPSgLcGq+hJIk307by1DHjZhrXRZ1TRx8gwx3Cojd1eCweLDI6X6nkgxPg70neb6na3Ujx1PEaDK1+oufC2y6vQDMhZgVnx3HY91HXt9z4UyPlUI2tJKND18z008Nvv1RdS1jKPWAlg1ayXYCM2sIogERV2QQ74Qqr+npEaYA7aFIfWoIoJpBfUUqXgQnL6uUQRRZvJDPT+6ii1aIKhtu24lHsgBS1Is/eOY2S01Vc3UschRay+jaDYQu8tNFYrKbvPRjMQwgy2AKxJ0A41i8uJE1Y1pM1+XzgHW9Gk8V3KshXUTFBqLjnx57ar9w6fL8VfbB0ezrveItX/JptO/9HRdWtrpKLbXzFkPfg3e8+eRA59mLesZu6d7jQtMsJlF+dmDnxx1ngGoHoobnL4ngbI9hyV1Vd2OKpyZHuSicIWKjCKogMALUPCrOIGpUt7s+xZcliZfp3OygyUUJKVY5dJQtrkJWfDN+6DVaSFi/9BetYZ3Qvjty8Z1MMoZt5mKA5mRzg9mE+ZqXyhY3FlhN+xZxtgZdJ6rTLwgaK7MlqEnB/RbKydP+YtpYREAKsWyVjBsFUAoNjeZFD8yc+iz2+C97DrSf+2xmhRVU3byFa6mV+0McnzOUNXx0MHq4J76WHq9tAZAUVVNtsUNXVXL608OGM8NuOios/lzn+TFCy5WWgioBVngAdf8Pc+RiLTWI5Maw5HEi86kq9mrxo1j2Iqbbns8ipGUqTF/8LNX+6Vh4It/96k6zTExKwWPfe9HLD073RsTTH7mLaAyOMu6SzPDByMi5tMRh31pNG2zGTfff0f7sK0NDUwu+9SxEWVRIKZkhOdqNW1vZJY9ZgiTLhFmXjfMsR+mFCl2vGBdpuFMUJUQP05Lysx+8dv7p3xJJPpVSzWbUyKPuKuC/dSGOONi2juIgafCVsJnE0gY5HKaEvkTZPI4AeUN6BhYkkgAWRZKu2UK0rLDTo85yptSVty3xiL75cPpTQ/Z9iojRpEAYfApSxjkaEPPGvFLT9cmp8VMDY0fbULVQ1dISsBRKN9zEsjZogpcvne6JFIRwexGdYtxGCHKx6b5kaGw2NK4ACXt4a9CDTvYfP9/Xn1XghIUpeBdvU1gnzMZJNkjaanACN9JptqxFQZYkMt5kTstlBUVFUaPH6CrhWPD+b37+1x88m8nxLhfpAGi1ASvdbEAtcj6c797ZYR/OWsuMlsV1Ta2uUCbz9tuZZAZDcyFHgxcORqlQoaRCQ7/Qqq76irEwYqupNlkkrIbG6lewZAFFphWixuBdMZNa8dn7HaVe+8AgOtw5OLH3zWNnJk6emfFK+dbF7tR0VimwjtqFmtjLmWl3mcXRTAdvuo5bdK1YtVYq2Yhbi0FmMtR7LDcLsK/cuZF010yNpALF6fINawYvjmmFEXeZG5oWYbm9jHKOK1krTE29/N8Xo5Mhm0XhZcxQtsFcvtLgb8YtganxSNfrPzEIIKPPhyS12gYdtOqrEtSSutCuHq4/WlINaGtSHO42WHPM+nsMIJsemIaoVm5STSDmWAioRQAuWKeyrXTkNcYeJ5g8zgWQNKZMJQS4UJ5MHf+k/5Udp7jevmV3l8wMDXU9f3C8P00ZpGAZMFcaFSk00D4pD/Wxpz4iqHF69f1czXpPYD5FWlTWbrHhdjMSudx17N19oQtRMswjs5cOFwY/EzqecS6+nVvzaKLzcPf3bqu6+86SB/4Axu4H+DX7Xr587qWXL46p9zy0fPGN18WhN9C6zWQyaLqeDA0nI/HMpXeV8Hk0P60koi4xiWaAPIuqMWgXgc8MQBPgt35BmilQYARb932VR+S+4/zABapw1loLgE2fswdAybcRXoYz56WJDMzlJi4nh8eVyOjoklrT8TH4VlfBA+R1GNh8l9n9yHd6PzpKCuOGmjUQAxhjyWRSmpA1Dr1jIwDYtlMUAJn+hGE9CBuEhtJQT/tnH+7728vHBF2QBsEXf/NlfOitR6sdxnSe4ubfSOrRbKeKmhZ1v/xmNDnsX7ws2jX93KMvXALgBguwmRkZ5SiC00muK954PJubHjZwrGnpNhpex2TaOCRdgHQOZ4Q8TfVfNscvanRGbFkOG79vEGeBHAW8SGkzoMlsri8CMT0waBQymVln/MQbamgoOQT8TjTMWJKxUc+y+v0zVGggGUmANW7UwSIirqF1DRjpbXjg1wJth2oRFrkAKM5qKNfyCWVkAYLP0FVr6bYXpy8fnkjTea16YDh55kibJhQ2LnKykGugppOpGH5+YDpg8j775/EN8Ye3Pv4yLxlqvvtl49OTT/34bOvqgcUB+b8eu/5ov9R/8Pj0WHcw28IGG1mGzk2ejnfsYzzVXm8ZgtJYYRzSZTx0skUVJEpqpI1cowHYJ6gM0Bk6sQtNfigz5WL4JJ/OMQzX1RYHU3YPRFFTBJSrIlaSc5eF0keSdDKbx0ABOGd7ltQDUUCrCc0sQSIBEBLkZzNDX/2q/fqVhu8dwyRZYH0IQSM45FgVVC9Rpi53Pnv/6SPnR/piuCCh4gCAoIgDuB2sWuIIeCxEwaNgDnwK8zB1Nyz3nRx5tzN053G3zZx649HE5XhNELM7ebwIWfDwtxZM5V7NngNiWMwmDfaA7l4xfMZvUyTadObEx6w8hQyPWN1unvOP/f4hjuM0xjKb5L1qunFxgG5cMDN0RIxM2NlZHq/UUqnzffl97/bfXBkNjQLWAhruv8vZ/KhOufLBizMH/oykQzgqxmeHi8iYpkBdfJF54GVB0E/0tHWNDIPmUN4iiQglER4PzM5KM12T7Scv7tyBSNGhuNA/Aar8oLIBODx2MS8Y5Hxe854/0huzg4VbNlml8/im9csdn7v/5ncDA4OjiNlHmAYnz872XQRIiykUy3iLGfe5D84cbMeZTFGVA3M2Uc4qAIDJP3//J2+98emP+6fHSmyZ8kvg1nrQ9KNHuxMmbf/Rxnubzh8ahDm+Jn6e9bHRnF3OaUTJKt+CJeGPX0zOHm9ZjthKgWZEHDhU2RIIAC0VEFclueIOMnEUx8wevCwdG1aGnyM1iaEstmAp1rC5npsfiKSQQjx74ZfxUV5KpwfPnOFSIyRZyIQBzoIKJyg3AloFJaXAf/OD0NhIAF0JmyqiAm12GtOHxo5HcPOJ/b1CtPbBZxsX8GNvPRgNmHy/3anPtUU00v30rxGD5cJrLw9OSo5lLGU1sA6biQLHdu84/vRj7/WOFa0v/cnPH9/5/W9OYlp8UqJ6P7j2qfcG7t+c7J1a3OypXlyuuf3DPVGV8wA7jS/+ipTtin/6dgkGRAMYDYGyBs3ZQiqUBYQvobSfRSS6cj4quwGqy7xyRj+jAcFE2RhgYh29hU/3WxzdnL9BzWdie3452Q8UXTFZgEk/dz0ddJRkpscTQzxpAr7KAFc9Ty7YFMTSuev5TJZf/sV7DPGj7z/7yqt7ZvG/vHaJfv3Sd41YyeLW6Oh+aTpQ/7UvFYJ+NNaNr/NMn56RUVCxEhhdZv+CO1HW9fR/bd2x8/3RYVAUBM3VlYzTs7q5duBkx/EouuBwp7P8l4u+vv7dP72GMjFkBgnOvzadn4X5GUP1MpPVDQrjZRt8qKk8HEkpsYTiMYGF1+NWO8hJudhwarZXCE9K4XwykkSy3TYkTlsD+ZH+ZFLa+cFsFQVu+7oNu+t6bWYXzRhK6hXK7pGZLGGxQGYhRmIVbhYscE+H0GhvKvryoKUmbtv+C09NrddYc+HPD5dT431TpSGpgIt+29hUIg88GOc3BJZJly6M/WG1/XM3FYw3OCqcWC6cYlAmWO1b+EAsbE4d/HDg0H4hDuwmwlctO+2usXivqbqiqK2DcIJ2yTX+s1fK1q0Pi6bQWLi1vALvHYRQJHy15pJWnV1E+WJ1215p+FOLX3bZ/fpk5MPj/T2zL6XGL09H2pbNL2sOjYcu8pYAcMxbaC5bZp+3LjrSO3Xg0w23EcZESNRk5ORPhFg/5S1lODNm4dwmGjAuYFoUm033nI+PD+X6PwtRw6OLjCBQVIQO7Kyg8wN9ly53TmOb58Fk6IaFTry2NsjHE5P73zAa1eDi2/M5WTq+Xwx20SvWZxWjVlniCqxzVF7Xc3Sg908P1W1csnlxk9p5eqRYYcqMMlLWvmuPJ9Rfr9C33t2ydzzw8w/efih9yGonZ0UOYVl9Psm4al2LbiP0iUs6itF+1DkPhC6gBvPoWOq1d5/9dHDU6DCUBv1tl5UKwl57512+1edNZo4r24RxDKop/uUL/KsqQWoURLuSoSEpMU457Q5rHPc5k1PUwW5jXMgmR98K9/fPjsdgEvhp4PHNfecnT4Rmn39hNgk6ZgBRCkSuct6yxW5HMXZHUdbrtnaemzry7ol1997hcpPKubbQ6QLdaMONwOAIYtzKoQ/2h9//S0mFSVMUFHCtt28+e+xCzaKWhoUbjv/8Rddg8rog5vUoeWvF9TZYY4zNv2GVq7xYxRFL+TJL2SraZMd0kcAaGYrKXD6gJ/A0sEy1dwx1H9n40PeWEmCLT12x7NrB6bEGBxlw2KAwANKdhDiAWvQ58hSQSEX2pjN6Tg4wScrGF86fyncMMRIV+PnTu8+e64bhyWy0QKpEGU2XevXUDlkFGuqrR3h+Fqi+RY3VS1dShmIbi2pCFK9aEGjvSlpXb7ArWNeu3y1vZhNTiWOnwcrdLy547EahsOH4zx6fPtS7ershizoGT42U3/Vlorp6ScWzSnfHVO7xjeWqtR/IU2IsFJ633TOguXc83l2Taq9fWWZe/hVTy+flxGx2pstT3TobVz5+7RsBh9dVub64tiHbP8x0CMyLT8jZqeqt65q3NCP5Q6g1h5cvxUYAkMV0SuretyeXZ+RkJtUb9WRnGooEKFEHQuLrU3peS1x3ff/25YKYBgoAfBQgMZkU5Vwe2IyAcwLR6/XWLC7mbMBRrqCUpMpSZgiFHI5o6fM9sxWrjV+9zndx78Hs0i/zjbOzPX1HT/HIDlmZel3r7NXD+Pl3RYiP1DuwEmIMsHVNDXQ8LaQnuivqQcXagFZwCS3rCnhzRjm9fnsgHwqrhT46ecSq3SwYHcc+efXYWzujQxeN5c61237qcnrmKnnXzkomYwcZuQkofg4IRI1ny+WLqYH9H9hGL9XcsE7ztagm56k//YlUQNAIyrcZffd+9dy+cxNnR25d7cDlVKaQsdvLyYCNYKwIgIgYhQUZyeeMjGYsrVFNjaitXqNZKPMqBBiOAOcS3TQ4YDy3bvFHL7736P2gaSGxLDFTu23N0tD4u0f42F/eu7YETGURAw2mohA32xxMiprdB+rq7SxlRwViUYun9XZ7690A+PTinFOAuWKxNro3NHji0oWesXf2sJPS7n3R0IHP1jjBVx/02B85IzKsAOf6R3x+0XoTMC7b6vbXRkM50NZ9cvdnv3/t/HwAbm8E9LWDrGdhXZMX2eZz+r00McPT1GTGUbziLu8CAy8IUExAqACSRXAKoW0azioajwESqjyEskRwuogDiqLq2h2QAGgQVTWoIirEgbm6qd4rsNOp3HRZOb7v5x9SKz3XbKrtO9wmmUHMTKZzUnU5Gwio01NqQ2sDuvTzE5f+TijputV1SNU32iatu37/cjwVquVyZRTPuoK/fuFE5ML5cjNpt9PDY++duwBWUmDdIqO9dFW+422BW8A2NQo9n1jKSsu33jEer//lb3Z07/7o4TW5G29Y2juyZOzkmbTTMHCkK+BaIwaW+mt5t3VKgsnT74jO7NmVX/lleGwUoChmNKOKrKqihmKyyqMwDzFWRSFKGDVdhUI49+2PpgNFNATO3SFEIJjrWzn5h+sNvsUsY7WIxzBX845fvJAzWjeV5/icNiHwRz6ZvulrmwM2w9BzuyyIVL/Ziq+9PSclWEvg8PGpns96Js93TaSBHnTFALR6wYQIHEFrg8sw0DND2jUFqDyPToaxu+rVa7YsnBiMuEqL7Q++ASeORhLJI4fDOx9/ZjgTv8UJbruBnnfT9jNnJi7tOFDZgvgEzVEKqC/9tjDeLeRVkraKTDFiKleQuSZJVcoDoAKMhhinQTD3M6ouQRFSw2mgUhDO9R/OdTnOwdSudFxpqqoiVzqxcJyzzv0Ubism8NXm5fcvRxelzv1trHNoza9ecZ74wfTQtGPZbY58v5KWgksBvmolVtJgjyLS6IWnnz94LBR7og5c34wd7kdHk1jXjDjmJr+4mNyy7rb7d/aGD33yhYWoimhqXu0XyOKJaGJoquy6TUpySkyrp/bs2/PkR9Um8P3bq4srA2IqkTPW1TjaXGvJCMJiTgeoauZ1oVr2bQ3VJFHF0Zwi55F8EpELGswCwgYRBFXiEDdB3Ah1PAim6ezVDaD7d+4RvdKgoxN5rk0QRVE41wkJsO+vLzeWVRLOSjJxIbXnv701xWRuIKFoJlcVh8+o8UvpVJKiLUX1dnLTzYXA5gPP7d79xz9z02233VB9edIwPJ4o8ZH9CY3mgNWkphG1I6a4V29LFIRUT9vqSs1MgTOTeP+oFCDFCpcY/MmRSAx/ZttqON2/ZiFWWczVWaPBR14Xwhr/1E8srfPQpqVs7Qps/hcV/0qZtihiGhFzUAwj+YSq6PHJawQHKadGOlVEx6BoGAkQGkH02TCGqKiGqOAq0H90iP6zERaZ687FdNdui/SJVsrrUKaOvTP43OmA8HHnqZ6XDowRU4dW3ngP5imSQudSke60HR0czu75zVOH9rQPpOamMasWGjSebu+PXMqpZ6OoWZPv2VQURhx9HvvNCyr8p3b6TNn6EtAbsX08jty9hrXEcx4HYaslz771l8Hjo8mC7gzNS0omGhpcNMIXFKdLqrlZ4aoIg0clzJKY1fiEJiYhzGsIrtfxK9golbIqqBHVVA3DNZxDNHKup0zHBbUrLZ9grtP1aufg3C4V+UfT61znrh7GGBdHLp7q93Yf7v4sxmO0nVNPDcKLY6gzV7BTs1X3v2CruI5z+GA6GW/fqxREnwvYUZCNAb9XoEByYRUoqShyqMnP37qohOJJITk9Od0+nnSpkVuuX0AWr7R7jHeWDxdhhRMjoHJN6+xYPDZ6uXZtrcUiO7B8Ra3PPm+hijgVz3K18cYC4VUQRhGyQMmhQJ2jKEZpODnXGK9JesQC3KADQjQJ0cS5RyBrUI9rZG7fHHehqvtClaGqAE2Zq1XwSrMk0D2LI4R+J5EXV4FMFjhwIMVBMgkow9y/0l+cJOsXLJg9dXzd17Yv/8HzAOiKBxRmTsX69hYm2nJj3dGBJIZSrJ2qvPamnFpLyR1Fq+88u/sDuefcWCbdLUrLFty4YeMdQ5/+zuW1FqYuh3tGtLKlvhV3S/EsQmEEbclNtRuz+zlXaSJDjo/OlrRu4uxBXkGVSAcljmP2RqjXGD3fooQ2l4AkIOdVwiCTLKqiqiJeaWzFVR2gqmh6lGuYno51XADHURzTdIpjBIYTmr4HQxEcwzACYBiiP61bWSIAp7F0PkI6p069HzvakxqTiwLm+x974OLzM0/++PWRibDHHcDsfrvHS1JViKmYqairrk0UkhhldgHfQiNCp8bxk395GhNmOBZ8zpPdOjPN45PZvGBqvKtgKC7Qw47avC73pUyWVYdxxHPpwM5Y39G115ZilB/FZz0WidTyMBfGCmFSzwMYW5g8jpoqUWujqghQkRBVVOdqi6wpBd3ROmnRuWZB/U6jpG4UFCV1SBSC4nPLBmBX2t7RuT7SOSNc7WT/R48wwCljscU7X7H6DOXrnfOvF6ofO/Xm/nODsfDZVxd+8/6acy/sePrQuiKQygBVBUZ9ckIilW52YZXBdd8fp8L9J7+7VRcv+TTQJZ7bBMrLQKaqhq+7tmCqlcMRAEU52Q4gmk9MZcHg4NxUwVe/sJKiDhT5rIh/s+BYZvByJigVkhM6OwHnE0k3UKCCBRHKBjRCBXPgAKoHMI1gFEApAif0MjyHjcTm9iCYTnf9kDlnzt10Ka3TWA9YHaReIq6gvMKBufjWjSGH2xFExex386kUZ6Dpzz22qGI19s7fu/d8SjmrKostGRNYtgzzllvHYyofS+IJrYjLUyBP8Qft7kbKVMIFikosJhxJWudt0uhylDQkY/0zfScMtmmUNUuCbmuKz/OqKssQszjdkObcK7fj4IEMSSr5GKYJCI5DzKxTVAcAdULqhdSoI9HTLiRQQr3CRkx/jc51gaJzvaB6VMK5BKy7HZmrtfoG6PkZmdvOHaYfov6z3XmuoftqG/SVQjX0a4vg2UZ75tFIWsMYjfPR1iJUTFw6oofrBTQzpE0nZzPAvay8rjghRZKFhIXAOUNlCU9XyHQTZO2ZVAxJD9SwnbDx6+fOdeza8Z5Vm7xzo5MovkH2bsQJQsolE5FJVOMFGfEU11gtnKSRevVA5v5dANcREiQ1tzjAXD4lUISE2JzLkDm36Zjniudcr7Z2ddxzquJK9yt6JfUiV8Ho3psLXD0vo8jVDu5/1CPkH4tI/KsLHBEvPskbF+psVdJtWH5ajwA99aMUjroXp1L53OQ5efLkpfMdXWPTN21cVrPgmhwI5jIJiJoIxlEQk5icU3W+5AdZjIwL1pHe/afPDvtc9mWtlYR7EWl0TE2F9MH7A2UYjhMkrctgjDQwZpsMJExF9fHO9SnrquCfiyXgYC7wriw0MacW5tq557gI1P87fjBXUK+66x9I0H/18P/Dmf9clgD534sZ5HmFEGdkKa9KCpoJSdEOXA1juT7Nuhh6lmlUUXLscuH0o+p0L9byXcnYNNP92rmPTrTWWcvXXpcsQFnkEcJlICcFrkmAxRSHWa2srJJpXh+UzlFtZjZsMJp8wXJFnrO+PLe5sgyC7rm5NVN0zHOy6GrzPTp3n4u/uUI6t7kC68q44X+udYL9Y9GJOaWBXFnQBfkHhf/nkiv/CTgaS1y5vD7vFPQcI8504f8fHdeS20QQRPs3H4MRAVtCkeIFsEE4B0DKPTgBCw7ACVhyA07AKZDYskdig0BAFgnRJMaJZ6Znuqupqu4ZG2RkaaT5uutV1asq2fPaz2C/wb2TcjqrzcN6deF+vL88/zU5epYXt6qzL/U6Pzyc9dO5dbpv6Hdjk92ld8pli+wvFbKlpnSjNFIHB/POdU1TG0OKEppaPCDhAfJSXCQZBGJ0C5miZLIwuo9ilVHYkSggKAiuGAAc2/8YuddmefrzO0JqVImUp3RAdgBSrClo0IAGsE03RT6Zg8y82yjiwtv48Ot13VxfOtuItu9sY+vGIV7BM6toleFG45BSFGg/lkiczDuqJKzykoROxqTat0qqKCz1QoTMKAQZ0aCXlzEwQozxwPgoKYdE/ctUKQZIRcKFpGmYxdEYKnR4ToEOeRAt/f+A4iSTPdj2Ai/1wMwOFUaM8w5jUmkfMjDILir32Br02OUAVhdFlVOW5Z3NzdWbt6+Pl8cvnr8SolhvKux+EVkYBWmE+J94RhKx4XVHpY3obxp9sLuS8e5YZcdklgMKfC/HEmK35bAgjMRmhXCLcjgaJzonsI+Jw5RKyjsMYGSJwAyhlZEkIQOQoy+l69ATOmQO+t631rat662z9dW6evxoWZb3v55++r2qFouniALWp6SWMepn7Dc48AAUzwYeg4i2EW0+u2Nj3B+Ecdj+MMZNPAjpEhYfGvnPexdNhCQ5M0Kc2E7xfuCQo+fjBqu9I90ZQx8HmfFZnpcTj17w3YPp7OXyRAn94eO789XZ0eIJxjo2ujIVD8WZC6PRowaO2Mawp0DbLt4PWImdKGE7qZmiMo155aLYCDkw8CrpIH2Xkn8EGAD6jPbibuFX4QAAAABJRU5ErkJggg==',1),(6,'I piccolini di spinaci','Pasta, queso, espinaca, salsa y aceite de trufa',1,'Pastas estilo italiano',4000,1000,'data:image/png;base64,iVBORw0KGgoAAAANSUhEUgAAAFAAAABQCAIAAAABc2X6AAAAGXRFWHRTb2Z0d2FyZQBBZG9iZSBJbWFnZVJlYWR5ccllPAAAAyZpVFh0WE1MOmNvbS5hZG9iZS54bXAAAAAAADw/eHBhY2tldCBiZWdpbj0i77u/IiBpZD0iVzVNME1wQ2VoaUh6cmVTek5UY3prYzlkIj8+IDx4OnhtcG1ldGEgeG1sbnM6eD0iYWRvYmU6bnM6bWV0YS8iIHg6eG1wdGs9IkFkb2JlIFhNUCBDb3JlIDUuNi1jMDE0IDc5LjE1Njc5NywgMjAxNC8wOC8yMC0wOTo1MzowMiAgICAgICAgIj4gPHJkZjpSREYgeG1sbnM6cmRmPSJodHRwOi8vd3d3LnczLm9yZy8xOTk5LzAyLzIyLXJkZi1zeW50YXgtbnMjIj4gPHJkZjpEZXNjcmlwdGlvbiByZGY6YWJvdXQ9IiIgeG1sbnM6eG1wPSJodHRwOi8vbnMuYWRvYmUuY29tL3hhcC8xLjAvIiB4bWxuczp4bXBNTT0iaHR0cDovL25zLmFkb2JlLmNvbS94YXAvMS4wL21tLyIgeG1sbnM6c3RSZWY9Imh0dHA6Ly9ucy5hZG9iZS5jb20veGFwLzEuMC9zVHlwZS9SZXNvdXJjZVJlZiMiIHhtcDpDcmVhdG9yVG9vbD0iQWRvYmUgUGhvdG9zaG9wIENDIDIwMTQgKFdpbmRvd3MpIiB4bXBNTTpJbnN0YW5jZUlEPSJ4bXAuaWlkOjYzMEUzRTNEMjkyNDExRTU5REExOTVBQjIwMjA4RDlGIiB4bXBNTTpEb2N1bWVudElEPSJ4bXAuZGlkOjYzMEUzRTNFMjkyNDExRTU5REExOTVBQjIwMjA4RDlGIj4gPHhtcE1NOkRlcml2ZWRGcm9tIHN0UmVmOmluc3RhbmNlSUQ9InhtcC5paWQ6NjMwRTNFM0IyOTI0MTFFNTlEQTE5NUFCMjAyMDhEOUYiIHN0UmVmOmRvY3VtZW50SUQ9InhtcC5kaWQ6NjMwRTNFM0MyOTI0MTFFNTlEQTE5NUFCMjAyMDhEOUYiLz4gPC9yZGY6RGVzY3JpcHRpb24+IDwvcmRmOlJERj4gPC94OnhtcG1ldGE+IDw/eHBhY2tldCBlbmQ9InIiPz40BOSDAAA4rUlEQVR42jS8efBlyVUmljcz7768/f32paq69uqq7mp1Sy21WgIkhAYkBpAYNhvjYRh5DAF22DAzEXbYs/gvx8R4GIdhxiMcAmObIYyQhIQkpFCrtSAhqfeutavqty9vX+5+M9NfvsbV1dG//r337s3Mc853vu/cc57x4jd2CTWUIqUoiUFMyyKESPx/JZWUjDHDMPATUUQpqapCiZwSqd9iUOI4ynSowmcYJ0YhC2kIISWtFBd5UZ7m4oRQ5Xh1x46UpCX+5FJUSkhb4q1VwRkxHYsxm0qey1zKnFc57i6oZRBGlWkoqnBjqgyT4qZSFMTgVSlJVRr5vJwPC1Eyz/WiDrdrWVkkyZwTZRBSVVhOLspcCUGwEywemyKEC0Wo3g6hes2GFPoVvIxfEn0zfRYSP+s/hv6cVKXCh7BsKmTKLOrbXiFUWs2okXKamdiwxGemefxwPt+1TVFjXc9ft+2GkF6cm0VFy5wmSZqlsSpKn7qOXRmGpRguTgtp4XbUsBjFWeuVCNwLvyoI55wy6+316RNnOCVPGaUyXUE4boqzxmtC4RXKuVnhXQbVB4zT1ceG85KcUorzgP1gSWwYfxjephiO19Af0O/EexanI/Wr+LkkSZ7MqxR7dp0aDwgjZZYfu2TssLElKwNHSmaO2C3zfavKvbJbV3PL7Fa06zqdnIQyp5mTzxxWVhVnGWewmVFVRiapZfucWEWVZaKohMjLvKoEp5ZJLcf2HNs2lMDatA0YMx2HSpNwC7Yh2ghVnidUEZNZjmNx0yxFRRb7oout4T2cM744M1xBGHrv5O0jwMfe3rLSf4S2WaX3L3Di+F1V9E924zyr1/0y9WoOMdJ9ke9we84Y7ARvKUJjzt053moIxgvPLAizpG0Jz8xhE2lV9aBMk6SAn4s8jueTuVBmaNWWuenOR5PD3ijO86wqYeqm04r8puXA3hwbNkgFAwihKMeLJqzAmQ3zFjj2MmeSYsfwe04NhCS2irULODb2wA2uCI621C7O9SsUV2Ds7V1qq2Nz2o3h1VVZ5fgPnKWClyCYkulosI+z9LifZ5kb7zK5b+RJZVHqeJww2zL9yKsYoSYri8JIpjhB3I/L1CCRogbnCeNJnM/z+XjUOzwYz2vtTWVO+4Ua9+e7h4NJSdyg3ap1YHcnsG3LMhVXqoDzKiqpgXO1DFzdUHBUOIttGqXFy0wHKIU3EwSGqZ3akIXBZInAKflkPkzSmWVarh0xC4tFHC8CVi3+gTvA3kArkQtZEMmZiegusnRg0kFo75t57JVNj1OfTzyKsMNCEAIIFZezkFKbchxlCSir8sRQVZXEzDBha2rYWJ2EheNROh3I+YmdpfNRPEmc3ePRW3vTXLjr3e02W1u222tL657ta9DMMynxV8B1y0o6Tsv3cKNSwxyVjmkZXlhaBkAUcFcZlYYgbVyFUGSU41T4ae8oLedRULeZZzouVqw3uwh3svhRm52+jWsm08uPKzHNsxOZ79WdXsuet1TpssDyqUMiboTSrgCujHgG94S2aKWxDsBZAjlLYLuBo2YJBTJXXlKWWZnJPK1L4jGelWUi1WmR+bAlPNeMgzB37YKZOPEiSdN4PqVwECmm06kgNCA+dz1mcu2E8F+CszSRNxC7pMgLKeOySGdzLN50TNeybLxVVAYzXEpN0wKwmW+jl45uwhcZAStV2nlYYKjMQuIpezI+UNmBWfVrgdFynZAWNi25G1ncx9EQgD0D6HG4ssZSJKkSAWcV1FJINjzU8Mt9YobMc2oW82SWjwcnb93Ny95KqxvWOpdv1FVj/e7ewQvf/cre6DUzdNITFs/ieJrAAQPbchAJRaKjlwq6yGwIaGQqInFtYHOhmCSmQQojy7LeBCFS1OqRZbcVtXmj2YIbOgA1G7lR5x1sT+dhUuiIJ0Tooya+CaCISd4j6QNzeq+uDjst0/dt36QeTs71DTsiZos6DYOqqpwZvAS6wIUBJZX0pPDh9YT5hPpAJmbibR7zQpzqPOm9NRm9+Wg6nky2ZLRpq81WZ3P78cBeu33rB0k5DGpGGY/7/cNBbxZFkd/p2hY2HRgGDzysG2lcL1j7DtNZReAnBCblJtHZ9a3jtx4e3rt0Ydv3b5q8zbvdLraEOKWKa6g2DDCGCtmcCV5pRM9kKeGkciaLvXz4oBrflcmuwwsLJ89C7vjSaUjPoqYt2DKL1lzPL+J+ke0ZIq5IUUoLaULxQLKQWKHkkeCuw214Tm80uLd772DwaDwdHpye5vNeLxl+f+e1G7PeTwSXQrf77BM/HJcntVonNqus7bnUDIOwFQYutSzHtB1s16PYoEC+BHwjOWiEzqSRJHmVZKHv16NgnA++9/rXT0d3ijS+uHyDU82Y9FYBLDAtQq2UaVWUSGzgIEWaTZNpWqRUHVvFQzW5J5N9WRTaIQVNqWdy3+dBKEwTB1pYJHWi+jqjUVkCBVKOkKcJtsyIQ7mPrRrcFJTltKqy+HD33t6DV3hgXTq7tdWqxaPDjMzune6VJWvWl/xotdFdm+ejweB0QI/LKekEwkeCSzOkW5kBnRGyCVIUwEbBvWGiAl4/Phn3Hzy43++dnDt7trPUDgPk6+rOg4fxbDK4eMiN/z/9IB40v8RmqpKIItVMaDab9sfjozwbGLIX0XGoRq7pkrCbK5AjLxeeEr5ZsskklySlhhOpsts1JYGHrzkgC8gD+RR8gEgTuczU6YKBDJbxlOb9VT9bfuopv7tJmFNlMwv5jlav7+9sb72zXltHuvctx7NXQq/TiFZ9Xhv09ovJIEt7cZ6AiHFRt9TUYrYBmLKiWBi37t16+farp+OTg8Odo+PD1Tsrly9fnGZDL3JnebE/HtLDl/mCRWnwpgZ2W6oMYArYjEWR0SrnMi/S41l/1+UxDalf67pek7CaiY9wFjWW/LAGNjQdHE2z3Ilo0wrhwKApzOqYrg1/A9ohCYOoGyLlsjBxmrPjavRQyb5fc5xGm9l1wRwvakRhqD/onPGidSAPoowtsiN4utnsNGuNSX/10cPbaRlXxchG8qwKkSbgZsz1KZkXWXH34ct/+cIXRvNT02FFkY/f6p1Od4NGIKi0fSMt1fF8yHV6lkxnKxBNgHg8LfNTTuPVZlgLmnleY3Jw62QPmR6wZDdWOChx6UWOE7TCqNECsGWzOUiIoF7YWgmiVkWxTg0Y2KfmBJqTFrZX4QpVnJfz02R4Lxk+rDiAvVGVI06Gjtem1J/NVFkp23DVPB2TIfDQhI/AV0EGIQY47yxvujUckn36wBXlFCxDlSIrMuQCG+5AST1its+KERJP5TiAaZnEE7AGanI3CJDEkb0WFkaGRcIURpzM5uMeEUe1JbHcyFr1KhPhbN45PG4d9Sq/igre4szBZ5rtRtjqCmbC8/MksYQMap1odd1sBIgQkcVJ3Ce0CgJXFNBHZRQsC+qUmhNUsjJBKqLu4/WVK4lkeKskgwoEs+JpEjsWcbh/MjidFZNhlkkerq5vbq1vBEjHODqz5jYey9moKu2wbhl5nk6TPK8gpaLQvXrmzJOXr6YxFjWX4K8mHJ8U8xwJ0W74QJk8zdmv/sN/KsCn4HtFkYx76WTPMw6bTt8Se6Q4LouhaSkvDEw/9MKG70a25cONbd8VMp6O9maD4yJXVtT1l1cbnU2TuhBl49HReNozbTPw/TIv4XqOGzHHx549rwYyqtx2c+up7vazWckfPbo9GU0s09M8V8gFh4c7ybhIjvune4f7RycnWSXCegRWmU+n89GMUm/9zIXO2tmg3hZmMC51fPlRhKsDjSbz+XA2zfOiyIQA+ajgawS0GGKD+pTHZQLVpcq5MZ+qLOFkErAenR2P+icjkPKw47c2HlveWl/aTAScpG5aNWjT2Wwi0v58vIPYX956pr191XBspTxWIQnlwjCi+lJjeZVZpikSylMwU5pOieKxqPyVDbd7Rigf0jZoN3FMk0GfWb7l+tx2tSaTJahLO+w6Yb3R759iB9PJ4e6jABw/mxFBN9Y31rbXteglpLOZese9h/dfeXn/wWh8dHfn/iyZMocaFVcVBLIElwcFSqaZCUfzLT5J+oHF1GQw7Q1Gw0NbjaScx9WBSHvEcCww6Kz0G0nQ2K7Xl0HiDTOapRRg4QSe5UXzdGZ6NUoYIgIcWoBKKafWXgNvxQaQ5czQtAt3Pj3J8wE1LQCF6Zm1RiuX3myWQPCdvfBUmswsiyMjCpEJpJwSxJhxO3RcI4q6j1FwPoGMkSSJy4jtmkk+3D8y3KBZ99zIcS9vbxbV7KU3v/+1v/n2g52HswliBHdGBgR3huiRrCgNUIteCUdnP/fxXyLzeTEexrNeUYwdktnVtEyHRYb34rxxLkgoU/gEkA2kFVEBhEMyaNTbju+WBjwxhA/igoBUxheKzLRA1aGokOs4dIIih4c7w2GvFgSWa+HUwLcgdHTFQWmU9cLIslwO6cK1dEN6BCFm1JKEu3bYCJuWCa2TU1lxzXJpXhb3H+0+enSQJ6lWl0oCLJhjnSRJjHNodC0vpJZHuVUVVZnCsQ2y0JQiIzys9vJpKZNZzS3ajRpXIUsYfkPITBQsTZB0QPoTlfXAR/LZgLk7ptt0rG2LUKF5BYcksQ2QfZzLHApBGjZQsAQKSQA2A0vP5gkuxy1ONUmwpGFlZeqSEiuCW8R4n+A2dcAGbeYbjplTaFehMyWBqVKEImFuFLaE40DYTabz8SQZDiej2bTIR7NJyPKKOoAtutq9kvKNtCyOewfhbEzyuLe31985rGYzmSbaDSWONH2gyszmdhQFQeQIYqYxY6Csts+l0T/dnQwelTkEsFEauVVNDGPq+WM7yNJqWjCvmBvIPRXlJdPaEQrG0hUJIHQJhWVyr9AUZr6ysmEqEP4xEhhJBch9BXtZToWtaZ3lpEbJDGJxUGN3occ1oy/LeZrOS2Rv6thuQG1LViw3gJKzrc2Ny45XlOls1Hv9pe9///UfML/ZPf/UWmvtMJ27whBGSOJ5owuNHOTDYToc5kmM67Jf+ZlnuVe22p12twOnx8Fafi1sbi5tP7l66fGg1YHiB43Qy/IblAdlRcssh8LKDTqdFcksrmZDTlLu8oqwRYVMb8fVVRYfUhjWhi4Bxx0OjoWIGQhrIV2oViJmWVyBlHlREEalVHmRQ0fpWsOiqKSrMloVYJFck2T83qBJLqEQanUfittSbi2C9wZv7N378y9+fprE21vb0/Fg5/5tQxllZqTjNB3PK5wPIAGHBQeDRvitX/tI1Gl2OpuOH+XQNsr13Bb+Eq/Bw4brBZYVca9hhm3Ta1KIOV1r45JFmXSQAItsPu3vO1wtd1chCbG0EttAvOklUjAn0EvLoFkMJtuXVQpXRYqqdTccL0yTOVIH7EnBLShQy+Tc0RcXugRh6LKLdhYbgGZaeY7EQnAooEhR0MhyMpjFp/0+5NL1G9fiOL5z+248HDx445X+7h0zn4nZUCRTH4EnRRqPkzzJcIk45UFriYIo8iCGpxHbDwPKXZxxjPzdq2yVC4BM2KW2W2SzQkElwgFbxPKQG5lKbGRMz4EeGI3nOjxpgq25jis18lT1zhKCWOQxVelytw0vHUG4Q8JVADuGWBjPBlwVwAnq1Dwvglm5BX6SIXvi7PMKsVSa3AHlwmFiSQKE3NT754F/8Ojht7721e3V5U/8xid+9ud++d7DvaTfe/zMRnfZB9mVzHbrrdWtsyrz77zx8P7DB/ANx/I4lg4kSOeJUNx1PcLMuJwrJVnezyc6S3BdsiuVAhnODFqZXsAsF+5hpSlSjMHry9tXoQFnFa/ZEXxIlHPHhw/pQgnsA/QCLSeyxAYtr5ZUZDwZQq006zWLFo6syHQOCECMiILm0KgOMN4WYI3YKrMBHvMkcSTzPQdq3oK1uZYf33vzlT/44z8aHz567Kd+SiRZUZEPffRn4Zlnuy1apQ/uv1JVqfJcaPoRklndffLdz1y8+jTIP68K4GU1nyWn/eFgNgb0gctcvHDm5oWLKk9PT0+kyE0LaEo8cGnHq4C6RQU+ybFAZVSgsd5Kd2ljPgfy6XWzfIKkXMic01CUVTIdl0mfKrwZNAcq0sa25/OxSE4dm7RqfjHTOdazdQ2C2EzIHKDMuS0Wxeco8LIsARVRFfUcd1GDJ0mZr3TbH/voT9AyfvrqZV3tyMtGED5+/fpKsw1rGu5k2tvfe7D/6p27BWebly6RPNsdnFhJzFXOTSOyzTSLR3fefHPn9GQ+mSSTydmlrdXu+nRO4uxUWbnOjhTB6JVpmiVTzrlr+mUlGo0uNWFwa3m9oyo5JSLp9/vDMQloxGtwTC6gfKdxMTXCiDJRCafd3VD5sLd7J05Eo15z6w0DkA5yWwitjpiuR3HTwbJkVUklbKbJeVbkcFKtn7hRs8MnL0RPnj9vcwYRi9isuU4GPaO1SlkZRXtjffviY+cn01b3jXq388xz7/4X//Kf/S9/+KkLly8bb37zC2yhxWbpdBbnaVkmcxCP+XJ3eWVpi3FgTypJhm1CVBmEJ/EMWbvWbErpAgaWVjZGc8BlY3VjXQhdE5LTyehkJ5UJ2GLgNzybz0dH/cGxaQAPPebWbWgjG4J7gpRqax91AX3KkG64Rm0fnIPgYMocLwDSY8gdQGvFLbdWai5ZgO9qui0FKIjj+jhCvKFI83mSeTVwaWN43LNsq9tdmoIAjyftdvvM5vpXv/Xij370A2JWsH/8X/0jmKuqQB/IysrKua2tmm+3oRHMqij6+Bsn47LAvSykas8POXwvcEpdIbGcKEqL6uTksN3wQF7jOKXEdF0/iEJKCfwZgh8SgujChzAZRIEEUMFHknkMlg+8g9SFGq+yDHvkuorItb8IlerKMU/j2enJYZKmYC+24xYlFMEU/IWrt0vrcHpQeEfX1JE/PEcCZarCBiu1OYF3FbljsipLiji+fv2JMxe3X7r7CqLKzUgCgDEVyWbTKkvjwYnMRuDEpczjIuW87vuRG7SgcnSxS5F5PI/TeQB5A5jJsk5A1fTRNDuworVCqiLF1mSS5HBR3A4AU5kWMR2RpzoRJnOC9CoM/ZTLKCTw1/JgVJgpTYcGTlUFDjiPTsQlPmpzJBbCHQ6OEU8niiTzfFoVRlhrWg7sqZ/+4JQNXW+HLCsqvEap6/hFkROjBGZQ265INRiffvwjv1Rz1/hoOAZ586D6gmA86SX9MS1SJnGaclYITZlb50xnKdFV8pMsTUACQZ8t241nQ89o2vgJsAY5JgVLMsue1GvLueE83O8vdxqdejM3NJEHW45z0JQEfmRTXIOBqcMKRRaDDMOwg/GQYQN2IOnclIB30A7T8xt+EAKu4TOc8TJDtOXTeITAQ7pqr207jg0vyFMFaoOLTadTJVKv3qyIAEcD0GJ1puMrxuYZGHjyziee1dy+5rUrYAUIVaDZsR20GkEzyWdkMmm2Vt3OquEsF72Dyel+q+msrK+kxAZzPdp5NMrI2Y2tbHxYb60FMCvetPuAGLbTOtM9e6bTaFjMEgXIwgwbcIJIICjzOE5mZT5XYGOuj4iI07Le7oZhWFR0Ohp7ggQRFJXPqEuo3R9C1cRrxLKwym7b86zx0GIdkBRdppVQD9NBpYCmLjdtbrqanyiG1O3a8PlSP0KR+N9Qu4ApRie73PWcWmu9rJwUR0IDTpsMudivedVQUO7A9IAqoww9a3u9bULPZkevvPracDrxwlovNpcfO7e6ff72rTuJyM4t12CseZk2XdLidjkfPjw5oqbhNxHqRpGUvmWWiehrjplihxUpoX2V9v9kWRekudBle5GNJ1Q/HcxnsxjppUhn33rze54bnLt8pdNZZtwzoLNtF+m9d7CTJJNGdxmJjMFxLJDukCkznaaey3PEWzwwLVdXmQxdt26027xK4sKZGpaYjHfLfBKFnixUbzSxrGlV7QxOs4boZKUF7GdyNIofCTEtBg96x4fCjY5jZ3//lXdcu267NXjtw71TiBm7FjU61q2/+cGLX/7K1rnNpY1Nu+Zw7s8yXay0uag36o6zLSTXlBKpXMTU9ME4wzBAJA9GE2aS6cGUKCuK6kutrhTeZPBwNu0f7u1Ox7N6Y8kPasA/4Ek2j8EbRZEAcnNDpJMBkkq9VTs+PX71pTuIAMdzr92Mljtrg/F42J82Qo9n/d1idpzk2Wh6oEjOlpaYYYELV9A200fz0cNs7MNHkSmnycCQp5zm59sWzAoEf+uoODndyU6tC9evO5FVzDOz1uxXs0+/+DmXWaSJ3z+1sXb++HToubZqNO69+ZbF5r5t1Ovrpt2aziagbo12uLl9voBYrTJVmrYvaq1WlgHDKjiRaRt5bj31zIeLPD3YeVjNTuclNtmtLa0ABZhJTY7NW1CX4PWMwSn603tHUOR5CsDNan706OFbozzbPHPlZNC3YsV+4ceeqbIBzgaIWhXzuH+6wOrMhnAp4nR8imyjHytQHo8H+fjEKAoVVySvbGKutdbPrG0sRzUjHSk4DykRCrd27vzrP/j93UHvZ//er1y7+Kxp1FRlglYEAbA439+9u7/zMKp3N85upaD4StSa9ajZTYpiZ28XnKXZqQVB3fUatusnGQh7iVhlBjSjjbRgUSxy4loKUn8+n8PUoCllWfmuL8tsOjx89PDN44NDIFOj1YzC5jPPvO/u0d6//8NP/sgHPhSG0a1bd9hv/tZ/mcnq0o33LV24mWTEokGjtZETyE9PZaBfmaCmRLbzQ1Elp8c7AOqiYFI5BH8Nnxgm7qifvoET4pxUQq3sZHDUaJz/8A//PBW+BN7aPJfjsO4HbphMxr4frp65VDEbmYvbLqRAMk1nILSD/nTUC3zTNa35ZHa48whq1eFlmY5VkZkiNZjKpUVtgG5yuLdvMPPilUujMTb4QIqKKZAYjxkOl5oKSGatbFxcO3fuU1/49O/97r++dvXy+554x9FkxoPOZntz02qdJ1Zt8/qaD+3O1N0Ht4bH97h0TH9FVPEkzo6nJ8gByl6J5xPfAYQ1XA2mjVwwzfI9hyG9lmkxTFzH+YUPfmR582kOrWzwsNv80otfeOHFz374/R+4sXW9u3WNlJDTSDYgC850NmAcxMQMGw0/9IHJhmVmSKgI+BwpvMgzNhgcW9TA0QNDW+11IuvjCXQb3WwvAX/7416SxUvMRuryg3q9sT5dOXnj7qtR4LfWl379d/7b//Vf/c/EI1/+7H/80Hve+9z1q+xXPvYh0wFlt0nFHMc3TQ9wnYzHRlmG9VbQXkty9YNX3nh40AtBH9ceazbW/WjVi7peY72kjZWta8urV0ejRJaFzW2TW6a0m45mXtlk3uy23ti79Q9/5z/965deePzxS9cuP+1aTSROYLDru/V6eHC4c+/BbUM/mcXi4bc0L7I8TQLPW9/chCjIssIwSoOks3lSqzeXl5aR75HROu2zrc4WITY0XxREpmmDWmoyo8j9gwf3d3bf/dz7P/elL/+zf/4/1GzzF3/mQx//6Y806kHUjHjDZ1A01NSVvoJ53I18V4Wgt7F81J882NkTyThsr16+uXbl0lVLUYjpsqr6w9NX7z86GRQ/sXrt/JPPHw/n/V4KSLQ04eZlAaZ85DiVVe7v3P3LYnb4Cz9z5cbV9arIbdPljuWwqn/81sr66vpq53D/7sM7rzwi9y4+dnN5ZcXg4rTXm07ml8Nmo9EEmbSs0KSW7zVt2wY7TtMcxNJ2fEnMeVzWa2u1sN3r75we7I6Gd2ZzTUTe9/wH7987ON4//hf/3X8v8uHFzaUPPP/evd7pX/7Vp9k/+e3f9kMI+lDZhtDNA8y2IGTFOI2ZXZulFfzr3NmtTrvRqLVms7w/nluN+rQs/+zLX/rMF1986bV773zqvfVO6+Hpo9t375gIWC8UuqPqbYqVqHLfpjvvf+59NbPZ8td9rzad9EnRH508BGuoeQFn7N69N0f9/vLSyqB3crB7V7d2+XXGrCAMIUjj6awq4+FwAidnTMZ5XxpjapWUGUk+z6uEUQspl5qVZemWsmfe9c7V1c2vfuVrN65fec+7nlpdWjp//uJ4PPk//viPXvjOd9l//ev/gHBLCpfqp0ykKtIqz1xo1qi5fe7ijSefvnLl6srSap5W0+kwL+NHO7t5bpw9+8Ta+tVvfeO73/7Wy3k+fd/z7wXkvP7mq1EY1EPfZaZtB5ZtFsVcIcBqy2c2b64uXR1NKz+KuEf3Tx9KZQa8LqpC8QIc0GY1oOVe7+C1116ZTmdgVLWQPnjrzTTOQc8mo10FrOfM9yypStAm3+S3X3kpns067WaezRELsEzg+dA/k3j8/Vd+cO3a1bNbG0ZerrZWIMg0W7Wsp558iv36r/40MyURuvONadtSqBAoGQHpUOiHeLotD2zW9VzXqzVqYS00BK2KioO1y+qNV1+79erL25vdq5cuMN3XVrWjqBH61AXppxAZSCfbWxdKaX/q//7cv/nkp/rp/NUHb+xPToJGu1lv9w53ZT5r1BvNzqrt1cKw5Vr+d178BifFY9srX/7Lz/ZP97e2O/P5IIC5gxolNnShjSSfi/7JkeeZUWCpYqbyzDTYdD5/5fU3RhDzZ89funBFFxUs27GsAhhOjWuXr2ytrLO///EPciPTvQLEpHAv3QGH/0CBiTzDlgsw0ipPmUFhBgLUxY4jH1atyvTpmzc++EPvvHr1sXt33sBRPf3O53S7GGW+b4/n035vREFwzXAS51964YVP/vGfHo+TL7/wwle//cLR5GDzzJn3Pvcjk+FghoidTcdxn5LM4UYQeDXf3Vpfmcx0V0er6VkWyXTTFfikO5nowrfLaVmK5eWVVquWgntOToEs9XoQ1gPo3McvXL5y5Uaal3lZaJliGtxhWRLnSS4LydPZmJGxcqjlGQQhJ3A1W3cFUGnq0iaXUIi6gFjpRxfCNZRyHHd51UMI4Z+t7bPPPf/DDx49nGbl9vmrQWv5zqvff+nOHVkkURB2lkHRxAtff/F7r7yEJDwC5TnOvCUyPtrdO3gwTtNLT7x3j9Y4jw8P7096+zN2xG3/0rVzVUGPjk8//Hc+BmH86NG9lZWO60XIHqYdeJZpyFLqon3LtIQY9ap0YFB7MjjorK5f2lrKsrSYDyC2kNpj00DSAs9uhjWLWKay2G/88seMKqeSAdFLWRSlriFWRQmqB3XOTUu38oDF6eY3Zds12w1t14ODGWD9hBmmDZHfXl5tr60xKwwbS6P5NE6Ts+vn6rWWfpZtUxC/b37rb4aDeHvjfJHGP/mjP/RjH3iPLBU3ojMb1zyv22yvwq5lWuJGoCVu2JCGvbS0tbF5Seo2RNFqNCB1sbYw9CgVWSGccMmPmsgX83ikytgwVKGrsKN41qMEkjAEKvyHT/37f/vvfnfn+PC7L/3g0sUrS60lJgxuOY0SitR2mc0l0EPA7DmkBce/Rgy05Vx3e0nlQrjuDYcVUbbncFF0ggAkCU6bluCtGZR6ATJs00uXr1+/fJXl6uj40Xh0/PDR68NJ/+/83Q/FMXvr7sF02P+5X/rl4+m9L33y/7y0+izBfiw6zyZhY6Oznhkn+6sbm5YbnJwOLYh4qcDzotZqqfsule6IBBeRpORhK4yMKkumA6IK7tjAFIV/8x7OzPeXSJUNB8PhYKdd509cu/zaa/f3d0/OLp0ty4zbQQgB6NltxCeUC5JbhVDmuiVvgVYF1a2mVloaXn1JpdXn/uIzaVkOj/Z//id//F3Xb2Iljqn7VCA5BAJIzCC59ZMmi3dXt8CT5+lk7/Dg6tUbrtv49rf+7caZc5lhvHzv7vs+8IGNra00zUzTyQnLKhq0NkqDBa3V0A/zyjL1Yxef8cRG6hIgKi1OyWR8lKTF8nKbizKZHmfjXapS3e6r+49kls4rlU8mO8w107T8+Ic+tLzcCRprH3zmR2TFp7OYc8oBfqDlonTE4kOEUF35NRfdGRaLs/jB7qODk+Mv/NXXg87SEzeux3G8vLq60m4kRT5PY1PoPjaunxlYVFJsYDZPK1ERSV1bl9ovXXtHd2Vz3js6PRk+++wPfeCjP3mrd/fr3/n+T37ww9RkWDbVPXi2bjSjpuM3+6f9vFH6jVqeVKPx1ORIcCb0bJnrTk/DjOo2iRyaJaPJaL/MBhzpXpf1FNKJoZxiPiXi3lglQgVtHpiDkchkrblqeBGIgaFbYQxT92JaDtX9svmi1dDQncVC4TyARn/xV59PwWmrZLvuFfH4x37o+Zs3bsDXdIVJKlykkoJK/TyFmZZSJC2FIao8TkenY6VKy9JdprXOWtDces+P/rQbdv/dP//UD/7k9uErB8/8m+fCC8bBwVtSUcfzK4ZEmEz7B4WYdtc2kHUBP6ooTK7rFlkci6qs+YFjszTvJ2lPkqkyilmc5TruXFsqBkwRZXx6ZFYpd5cID/MUgnsa05zZbStcJubiCRiRAl4EOS6SiS4M6A5aqZsICQmD4MmnnnAb4UZnbau7zhdd5CyeScYiy9F1d93zpMu8QghDCdNEEnCJY+s2pTwej4Z2CJhAWq4fHk8md9+apC99+v/6NK686W+dXd42VJmVQ7ytGXUsPyjz+d6DVwUpWseb7ahtGzpHLFqlfd2tD/uoAqZ4cPj617/2hUvnNp+8dvON43tf+epXLp157Obj15BNjUoc3r2ftiebN4KMlPqBnFH61K8qezahvtHlnh9atmRUpmkBxDJ1/6whdPMNfJw8dmb7wuVzuSh5Scq4pLZhgSIvWhQR2YLqBlT9kM+gVNFF7RSJzCwFRBRZX998cP97X/zK10dJubZx6ebldywvrf7Jn3328NYhNnx+ecWnk5PD41rQbEaPZUllFKXPKLjkrXsPh7PZqOE0IXOtgBrMj2q19iolrMx6tMpmo4M/+tPPD4bkFz/2/v6w/+1vv95qeKbaUvOZShPXqN568zXJvfPXrmcChDQDU3VcotNPQdl//vf/k+PhCBt1Ih9KGkilg1I/rWTavbFp2LwC59SMAqfBLKtc1IQ5CIEB72D6EHV/srYzftQRoS/APc/fP771wje+8J0fvPb5L37j6cdvrrY6w+P9/tEjOOmv/uJPNVoizXfwts7SWe64t2/fBlh2lleUbsqXjidDH14EF3aieoOZniLlfLzXP3rQrDfOnb9qmO69R4d3Hj06c271Xc88yUUs0r4UY4fPesfixS8+WFntOEGelgOlkiobcW5A17JL1zb/1X/4/U/+yZ/OyuzKlQtALLgyBW7p58LYN9Nt2Ey3+S1mA0gcz9+89SaEC/ggQJkseqqRMAy9T7UYGdA9j5TwSpL1zc7g9NFrr965e3vy55//0oNbrz355NbzP3LxE//Zr3344798741XKKvanRXLj4bz2W/+N799d2f3ueffD7D780//v3GcPnX96dCvN+pLnlNHOkjjYYYtFSVT9hNXb3zkx3/qve95/7PveN9HP/xLT918d1mU/f5RlU9g68NH9p9/48QV5c2nNkfDPV1AV+V8NlJVxi5s0c98/gWDZBvLyzevX4ssiCZhELHoKNeTAPDtxVyL0EMFEvctIGWjWh0G19MWOnnpHlSmHxYyqcjiIYaehyHMtx12ZmP1/u1Ho9G4XvNfff3+4eGrqZysnrl84fH3dTubUjppxrK8gre9eu/+H/4/f9JoNm/euH7n9u3Vlc0nrt0M/Rq4Qo54m40VhJFJuOkyaopMt9H7vnvxzIXV1Suu115aP1eO+rOjvXlPfe7Ttyepmh2NzwMntteP9x4pMXXsosgm7Mffv1avs9/69d/46Ad/3MPW0pjox9bgMNDS8FtqWoveE10mBNuqHNep1Wu6ZVyPvSweiVKuR25AVZjODEoQZDVmu4UwkSwatfaFtXNXLm5++APvfv49Txqu+b1bL3/vzZfbUff8peut9rLpREzxOMnguDduPHn+zHYez69fu/HsO99tUeg9gMs0SydUFpYePNEjHa5jMpm++fJff+tbX8FLL3/zawdHb9VrjpqeHN5647N/9trtw7RjOPOqPLp7srW1ZuN8pj0p5kUxY//4E888fePxK+currWXHU7n836Vz0UVV+VEyJToLpVSkMVjPGRXJXQTVVkaemYC/1sQPReQGaRQ+K1MQDyEnAtZIn9CgkicWl5C0DWagRc6Fy9uO4H/cH9/vbN0fnNZZj0hE9cJHTcKa+1ua3WpWTs9uD8+3bt54/HId5CjsmSCRGMa+jm4kkANUyOJbqpPknR0782Xitng/luv/PV3vmyUY57Mh/u9r/zVfdiqRqRH2FGcD093NjeXDQbumVZJyv7JP3iyHoF4FMTICZ1ixY5R2aywrZJz5IBCj7TATatcj2iJFISOFAkOhehW/KRMx9B3ohoL1a/EVKp0EdCWFnEcGy7mSKZluqh7siqJA8d57OzV91x/5tLmMpHTZDLKi4JwPXoTevXQtSyab64tB7aVZ1MNlZDBeo4LzmQpoAqQRBZcZVDajkWWW83Qcy8+drbbqFFoek3dnVrby077OHwgH7B0eduvL0WgU1mud8l+8+e2pSwQw0m8l8cHlpizKgY2UZqV1UyRAiip2zBYaTIcs4JepkZl0MKgJWfQmWBkirHK4gWzTdOue/62bbdB6IsUyzV0bxo4t5CsxNKNIAyWWiu+5yEDO4bUdUlbWOaib8TQHYfddrNWqyuIGangIyZSKwKD47/mYsYm40ZpiZJUMW5hMaGZQKX52MHx3rzIvSjsdhpbm20/lMwqOqvO9sUzUT10HA/cOStKLmEr3XaUIn3qTuvKyyGwKz1yAv7DrCgTGeMB6LSWh9zWD6SZgaUsoIzgB1BQOJkupKfwO5AthcRe6qeBCXd8z/fBhWbFDOflWCawtCpSYzEbYSL6IdPIXBUDPdEBlGR2KZQertLtkA6iaYERYI2Fjg5EkwKtSvJsAlfXBNYA59dgCTLXXFqBgC6hbSze2mr5bbp2WtcNtKajDCzbc1zPciPdlK0nd4rKEDmiEqenaAwWwSTcq0mQAipAFrYoQa+JHm6BvgAaL/CDmRXMwH2YoFx0gOTlYZ7vR6LlOyt4ewVP5abjOF959bseV1c2QB5wd0vKRasisbGHdD6TaWFYGTEcYrb0TCM1ta0NyWE+UQo9S6f0fJoUpiFm6SAZHVeyoNSW0lP6BuCHat2rg2OU84RLkhYj5ZmN5ZU8yRIJfDFmScGEDAObfeJntvUkFnTS385mST3joWvrundILXiHbpfXTMT42x+ppVcF7k8D0HmIaqJtZXELxhnl6e5kfF/K0guaFKJSUOSwvEhn02Q8Glk2a9QCqY8C4bIYZeQU9I1a4LZcD0ZKDte1LD1tBuwgkPqyRHo0qKPzoJEk05M4GynmU9ZgVmDaocEsofu9gma9Ca+pVAIjMumYdMGPdTu4HooQQneq86rIdcq1mNJkyYAEB8QZcDXYVXdlQ/fggPUkms7PiF4QMLlwRjB1WJbbFRGVyE3pCT0UGEJ4lelsRvp5eQwyVrE0Pj1+8smbZ7fO791/K3Bh28qkOWJa+6LhUZfCDZQWHoZuiTSqNJ8d90+gkupBy5Qu0zmg1ONBSqU5SZIckeW5HUqit2dZiooqW37zje8naXLp3FbkQx0GMIRIICoEALTSI0yyLOAresOFHs9jplRvT1tqO4JMa6WIO2iaiD3rwRZD21i9PZVIBBxEGAz3hip09NimHryNZMU8j0XOapJRUVlWxJK8/5m/+I/1RvvmjXfpZ/nc10cOXIbG9WBJXxH9cJxJfZtFUi9Hw8M37ry+unbWD5saNbQlMoK3+zUpW0LVEI4ACxy3qCjo8OJ5sDVM0//t9//i/Dn+O//FP+q4UUVjbuD0dUMIzfSzQah7XTb/xEdX9ZCPlkh6mIdxTSe1INb8kEPmGtTUrmxofF4M1OpuWkNZkjBQL85sRmtaIdmcMBjLIcRh1LPsFhhFrdM6ON75vU/+7te/9cV63X3m5lPICNygnHCEEPV5UmT4L9FdWhoADZ1+kPKJH9RrrSXHDZlhS7xqAsOxdw6vi2cZfqoEXNdiZlivdWzHR5ivLK0X8bAaZZcfe7zeaAIdqA4ErhtgEJ44a12IFuzXPrpEF7aDO2ojwVdxYIwvapemLoPoub2FZIQ0k7p7CaSR6idsSrFKv8oCynzFAIbUNnWHN8Q6TsrxdWkhy8md+4/e8czT733n+xvRGlc2UVi5S0zxvXvf/L0/+F3CxLVL1/TMkHYdDjP7Vr1ZXzHdkCqLa2KuD5eYtNSNINK0vIJ6ph9CWE0T0VzZXr10Jad2VpHnnn3P8+98jlM7LRLLqvQIF45KaJ/UPc2cqcX4hJ4m1qNL2CJdDFUYCxsQPa+K1I/DAPPQQ6y6mocYBp440B9UTzHaBfEsWSK8ShAtk1fIVlpbpUWRF7q1yOg2V//Hf/o/GRDtSZEmwsGZwBkR2syZj/PpcGxjRQhDnbC5zsS4O7EXVQx4klrMdmvyQ0gxGhxFXrDx2JXJPGWeVqST/iQrjHlWdtbWW501S2ELMo/7t1//fjw5QA4xzBSfBdwVlVnAfXACf/O/Pw6jcqAng3p3uWkRneYR0hVsCSZBDHuRx2DnCkBFaMjcutQ+z4kTCNp0zIbrhUBGu75eFmp2umOrqWkHSeG4duiFgeXyssynsxmWr3sTgCcVQg+KIS+ysePAR1yxKOzDOHrgF0bXaKKPvBRlouseUwt0O50AA1rtbZu1K9NODTNyaqRMewdvhGYa+M05WIlNau0IbOh4595ssIsUS2hsGYapxwKLvJJ6YF7322sH1oU7xKqGalUYeioPeI6QR8LKtFLQ1XCEBBUIQztMS2TnWI8MyTieFZnh+9GyIg1EciF0kwaAP83GYLxe6At9NT1kqRGRGqUOKMNxrVpYExV4YgWZoOealR4SxUZx3DoCVYZF5slQVSfgoUzOi7Q4mN5vNs+5weOlbExUZttg7unJ6KWyAVkZFTGdJFGneba7seqGlqS6sR/SCoTUB+6pUjdELdgM0/WRtzespYIwF9OpCFwwCr0S3RYidC8ZyfEGrY94gA9URUJIPh+d5KwR1W8ScyWoLatS6XFFsCWokFmGz8GUxmIcwAKh0hOrevKCKuQI6FBHu69ejdLkzVg0TGP3CrolJ0VqQsmIcZ4cqnKgq+CUxuOJKZnnXy4QYiYPgyCdqf5wVzNAyzTM5TGhld9SrGRmZjOfONFkPo7nU4vq0WpDt+PqsTmNT1oGEj1/LDTDwsK1dNALXFQ3NMXVMU8sx6q5tUyx3hD8LGGCe04oc/g1NBZu2xJUDpNe/3h/fXnddjzQac0MC6FnXkEnwdUo0rxkb1dLAMFUSzEN0aAj2DdSq6iMHPxPONzMKgrayECkcTKMVFkyiCemc9/tvMuon1VWp9N5poz7k+lBIvbrVh6Zgue9qjwt5THW6njb3UZ3Zlvz0akuQRMt3LULSxyz1GXexYQ4ciuFGgT+6xZ15E490whRBSSB1HCL7FRP91tdM1jxHYszd9F3MJGCK40JZjo4zZHj7bBUBicmTlR/RUOpZ+CgOrUi0V/rUOq5VlP3aC6+hkDp2RilvUnp+C2UyIDNjNYN6qbJCZPa0yqWETKJZ1PQB8ssZimzuVWrnwuj5igJciMH7QUyimIqsr0cKtccBq3teu2crbpcMUSUrrQilpWRcjJfjIRDu+uyuv6KCh3EhiGQwlShOw+ZxeyMhdRv+cEa97qGU6PaKbXEM3IYPMap+FZjc3ljvbOi+63yFGenn0xC8egnlTC2rqjoWRC5GNg39INdzW5LQXVLLX5KIYOhtIlKQTCp/kIRBtVRlEKXza1cakRIk8mbWbZTVIVldUV0LvJXGt6FkRrqr8AgGfYtiK9kXmbj4ckr6Wzi+Wf1tNcCjytCdeFHLYwqgaI6kivAHZcW1wN0KoXs55Hjb/mNizxao16HmTWwHGQj7cbAR1w7TeGIEp6QOq7rg4nLRTMHA2OBphPadxe2XUzb4zghSsCfK8ggYi6+MER/f4osiF6VrjToYqjBK5Ei+qAmJX6/KKOB8HOeyDyvEgBKXEr/ZHhSNK/WG6vcAu7PSnUs5ZSryDDGpRgVmR4YySZ9rivdCChdnSoQVbgBsmcpCkQrQjUvAXNUFYRagdNYrbdW7eCM5W0bVh02k8rWk4b4gEYcUDyiKaMBpmUSKfI0YboYqEuQsOoCDv/2S1GMBaWS2pX4265MFjV9/V0punFAo7ROTPqk9Nc5EJEzMyAsUNXb39RScgv0CRK/sCiSXguJkxtFf/gNQZfa3XebYpLnO6DQtIqYjkxYDoc/k0XBdQnGYvrkYFvAJpSCnmuqVKaftBfKoUbkNVpBc8uNVk2nIVkNilJVudS6GO5u6hkwhCH8R1NUa0FFdX1X8xSYSOe6xdeB6P3okpfm3dRe1Pvxl2tZRvUXxFRSl3z1DC24jXYFnJGrf0syaXmmXPKjSTLJkNSkYRViYWrdMAYu1FhaWs8hDqvU9YklR1U6lWmuNM8eS7Am6enhaE2LCe+dxI7LbUdBuiM44oQsNsBwDFCnfrTkRMtBZ425rTwHDuAgTc1CcTok0cszNP2kmq/CJNg810bSOkTDEKAQsa8WA8q6WgSH0enP1tmALEq7ugpo6lRVlbIsdV0YGE+QwgGOlc7M0JEioRU0GbX9temsF88OHJsvnry7oIam6/vNjcp1REa7tWseo1l6UpYJ0UxVB2ylSz2LBLRYIq8tXcqSUZqk6TRXzA3bF4iedcyDYMnzW5YJuev1x8nooLe2vAY1QSqHMQ9QrIvQTOOO1mYLPNeVoAXpJvrBsX64WcJVkfVcCOW0SOcynduup6eRNAyyRVeB7unXD+6I/poNXFJ/3YUuDuuj0xzY5fobMkRQ2i3OvXk1O+qdOBntdFZc23bwj18D667KROc+SM9UFnK2cFIthxZfELD4FhYtvRcDiTd++O9moLnxdDjoJal9/srzeMve/p1KJoXWixSI8vnPfkZw+vd+9udlVUC+SZWB7hr6Oz10JUJPICPiqX64vPhaIKZvthA9sDa2qytEyk5VYpk68RKAvz4teKylwxtcgPAFydN2BzjpC1AtTBdfkKRZJqeOEwaeF0Ster25PegfcaNM436WT5ZDbuph7wSavMKpK7MiKXwdF0QCNPSWdbwQ+fbEucELK+R2y66z8DyQzBWqgVecapZOd6scWQHZxLz2xLOIzTjJuBsqpBIdFQz6dbFAXEpjjxYgmrToJkRNTkksC8M2A4ezSuchGYQRrlbk6WJ2AqRN2rap5Xsm9JiQNrZub9dFD/3lC4uHGBrXNJiV+imOAbLj2PW12pn61jgeHAwOXiviu9hgUo7TPAYzM3XjtO7P1ZpDP01YEKgFg1s8VdC5/v8TYABp3m9b8I+uhAAAAABJRU5ErkJggg==',1),(8,'Lomito de res a la plancha','Lomito, yuca al ajillo',1,'Dicen quienes gustan de un buen trozo de carne, que el lomito de Chubascos es inigualable. ¿ será el corte? ¿ será el adobo? No lo tenemos muy claro, pero sí que gusta. Se trata de una porción de 200 gramos de puro lomito de res de la mejor calidad, le quitamos la grasa y lo dejamos madurando al menos dos días. Ahora en vez de papitas, lo estamos sirviendo con yuca sancochadita con ajo',4000,1000,'img/menu008.png',1),(9,'Olla de carne','Sopa, carne, verdura',1,'Una sopa de carne con cantidad de verduras y arroz amarillo. Una comida sabrosa, completa y deliciosa, especialmente cuando hace frío. Le servimos el caldo y el arroz y Ud. se acerca a la cocina de leña a elegir las verduras que desea entre el elote, el tacaco, la yuca, la papa, el ayote, la zanahoria, el plátano verde, el chayote, el tiquisque, el ñampí....tiene de todo!',4000,1000,'img/menu009.png',1),(10,'Asparagi e zafferano','Arroz, espárragos, azafrán y queso',1,'Arroz arborio al estilo italiano con espárragos, azafrán y parmesano',4000,1000,'img/menu005.png',1),(11,'Pizza mergherita','Tomate, albahaca y queso',1,'Tomate, Albahaca y Mozztella',4000,1000,'img/menu006.png',1),(12,'Passion fruit Martini','Coctel',2,'skyy vodka / fruta de la pasión/ sirope de caña de azúcar / servido en copa martini',3000,500,'img/menu011.png',1),(13,'Eclipse','Coctel',2,'Diferentes cockteles para el disfrute de los clien',3000,500,'data:image/png;base64,iVBORw0KGgoAAAANSUhEUgAAAFAAAABQCAIAAAABc2X6AAAAGXRFWHRTb2Z0d2FyZQBBZG9iZSBJbWFnZVJlYWR5ccllPAAAAyZpVFh0WE1MOmNvbS5hZG9iZS54bXAAAAAAADw/eHBhY2tldCBiZWdpbj0i77u/IiBpZD0iVzVNME1wQ2VoaUh6cmVTek5UY3prYzlkIj8+IDx4OnhtcG1ldGEgeG1sbnM6eD0iYWRvYmU6bnM6bWV0YS8iIHg6eG1wdGs9IkFkb2JlIFhNUCBDb3JlIDUuNi1jMDE0IDc5LjE1Njc5NywgMjAxNC8wOC8yMC0wOTo1MzowMiAgICAgICAgIj4gPHJkZjpSREYgeG1sbnM6cmRmPSJodHRwOi8vd3d3LnczLm9yZy8xOTk5LzAyLzIyLXJkZi1zeW50YXgtbnMjIj4gPHJkZjpEZXNjcmlwdGlvbiByZGY6YWJvdXQ9IiIgeG1sbnM6eG1wPSJodHRwOi8vbnMuYWRvYmUuY29tL3hhcC8xLjAvIiB4bWxuczp4bXBNTT0iaHR0cDovL25zLmFkb2JlLmNvbS94YXAvMS4wL21tLyIgeG1sbnM6c3RSZWY9Imh0dHA6Ly9ucy5hZG9iZS5jb20veGFwLzEuMC9zVHlwZS9SZXNvdXJjZVJlZiMiIHhtcDpDcmVhdG9yVG9vbD0iQWRvYmUgUGhvdG9zaG9wIENDIDIwMTQgKFdpbmRvd3MpIiB4bXBNTTpJbnN0YW5jZUlEPSJ4bXAuaWlkOkU3MzREQTFEMjkyNTExRTU4RTdCRTU1NUQ4QkI0MUMzIiB4bXBNTTpEb2N1bWVudElEPSJ4bXAuZGlkOkU3MzREQTFFMjkyNTExRTU4RTdCRTU1NUQ4QkI0MUMzIj4gPHhtcE1NOkRlcml2ZWRGcm9tIHN0UmVmOmluc3RhbmNlSUQ9InhtcC5paWQ6RTczNERBMUIyOTI1MTFFNThFN0JFNTU1RDhCQjQxQzMiIHN0UmVmOmRvY3VtZW50SUQ9InhtcC5kaWQ6RTczNERBMUMyOTI1MTFFNThFN0JFNTU1RDhCQjQxQzMiLz4gPC9yZGY6RGVzY3JpcHRpb24+IDwvcmRmOlJERj4gPC94OnhtcG1ldGE+IDw/eHBhY2tldCBlbmQ9InIiPz5AJvhxAAAhN0lEQVR42nR8echm2VnnOefu7/btVV9Vpbp6qe5UV++LRhM7nWTUBGNUQjJOFHRgZgRBBUH9Q0RQEJT8MTCDzDAIM/QMAcUYh2g0YGzcIkmbNun0Xul0d6q7v9q/7f3e9d5zfNZz7xfxraLqXe5yzrP+nu3aIi+tc85Yb4INxjrrQzDwJwQLLwd/bKAXHGa8D8bg9wZe9L018D7gOQa/tXi0oVPoEBcCXBi/oQM9nUVHwe08/mYN3MPQ8XhVOB6vGfgO8Nnwl/SjpRvy9/CD4ztbPN/Toi1fCq8m5/Jl6YQAy6+TPMsT5+TytA441+FWHX4Nn7z8RlSAu+DSeXmB18ekMXRnSxfhDdJpQEr4lq+M1HMuINXwPV4Uv3Bxt8bEa1heJi2Kf6JPxAT6ZOULxz8y5fUKRBDhiok7R0IkWZbHy3nv4Xfn2psgj+TKdBaSANljZft8HK0igT+4B5QPH3jRzHnmvdzQo6TQqm1kAnxrZYuWtm6J1sQyJjStz/Hq5UU/IRllaXGlgeRILmf5lGBUJJMsyVgEeAHWKQllvwYZTdswypagwkD/0c8sb8RvIyRzvBciEp/LqoN3h7c+NB6PxkOcidtnUTaeVaLVH31nrUq4EyYKZ3AZolaBJEeogqRvrx9CKjQgZbQkXURvpzJrSNHovVyRtJI2wIQIxEJRIqIc3JyXS1ohNOY3rL3MBMP6oQJG0hBYRjp7I7tiXLB8K6KuciDKjqzTRFEOrSwEFhE5LMVTQE1JpOhgkb72OFJRESiiPFPPE2mI57ZpGmag985Ge2CVx0SjqIkspS6xLFjMSzgtsSygVqhP2kO38SxqgYUfyIj79yJToSvjTJH4HX8VxMrQAkiHyRiLcNhWmsVGq1lk40MahqzDtXrjrOiJGF6jtgONL37fNCAPPkkSvqIRgXCqQ5GZqqmyVLGWpOwi1Py+wz0r1LOdD6yWplVcvS9JCKwkz3MVY+GuY3eka5NvnBV+w/KbSA90ZMhnBxaLjTP/hLesmwaNRIICedzMCmeCSIJ6GfJGzOTOAkzcJAsWkT4RsaWdONWMoJbJiN1y1kQOiLTCelJeMVufaAmtXoPE2aoNEb7L1kGT6Tw5Uk1M0PWhlTKt/LPZQp7zLljWeaeibcTH1sTKZkkmHeEEuGbKSqeuy7b8Zlcc7W20MEbMBXI4TTOQN3YDcIUGV4AQQ/RIlIn0lsyxrIbZ5ZQ9Ij20f7IFpKVO/QWRiegCuyUHb8lumCQVVYKD1fxZNiFWeWrlZSK0YQUztrsxsZdCIxVIq5do/XCeF2S2Ais7/IL6pn5fkJRVERQIJQsQTRZnZp3omMgpb4C9mgqNSDUyOqjwW6E1f2lVF/EXxwoazxeoEy2felcCHgzZ2sNDpFY06cThLBONJw4wHxgdktSo99dT2XSoCVf06Qj0oetgrKeQSK2K4BCiqLMErXghwUdAZcQooALiBekWrMvCOBF4RyqqaBWu3sENxBjFIqEDoIyoRlIUBSEbx7dWISKgKKaTmaJmMEoT8QP2zmC7tXIs/EpW9grqlIyzrl2DZcWyRmGZDxEEmkgjtSbo1lmCI9i0KhBBbHdQ0RR8qW6VISBvGK20OAw6PxF8lCAhRdJMRKqtExJZVEq2EsTmQEnKoJz23fpilySiKlYwjBGxbMGyaaOKEAQyWQ0G1MMFUbeI3CNisab1e9HbkkgnWQedd5U8RLEhtjijkqoM8tG/sRQhggtiwILAJvJ+gNFZSQhFhBiRGFGbSOxoI9mhxIuIq2KwHWQzjPnFZIjkmw7Iij6NYykWNp8ShbzultSGiAoWVC+AqE3JjqfyWzhpsVgulktBZsdeLgXznzr0AIifk9wlJiGgRuIHLto3HmMV8lh1XTc1EKUJ330d1QNj0zRx9MILMB80JA2OzAcGP00Huyi9orkj+wALS+B2BAwZi5BhYAxMwafXWNeh0yIW1UiCqt87c/bsyfWBb5b5cO3s2XeVrh6ldnwwaYpe4poaLm5riKEbO+hjlDRtlouJ74cknZlmMZ8k82ViGpcWU9hrU4P99IvldDJfoFlbuuVyPm8OptN6PpvXzdHR0f7+/vho2iVuAkAxTWFpsKZgWoylqkvRA3E2hpupQvyOEWhjbrJG5KUBLcPGszyDbWdF2R8ONzbWN1ZXt9eK8eHBkc+buj6YjXdns729w0Wwy3q5rJHky+US6F438C/wlK5CSozWjhYIl4dlo/FIMTSHu6dlr6qyqqzKIs0HvTTUedEDYclTN68xvARCTsaTvd3dnavX3tm5Op1NAT6lYBcshcVk+zgqM9ZoLkLQgh0ORiBa3RgwdHSB1QoWmiAhQQwDosgUtz0Zjyez6XdLX1KAJCeo9IlkFZzVW3FsBfrbkGwmAgUwHsBVAckYK3gQcERjPlo4YGNR5EN4Dforq6O1tdX11dWEToMVfePFV97eeXs2mU4nM1QksrKoO5RpsOwF6VYgR7bfG8Q8Dgf4ZJEdgz5WddjoysoQrjOZLCZH4/lyAd8D1U+ePL21uV7k6f7+3mQCsjgnVbfg2wlLNcsaVBPYynz26He8l6QKvQTN2K6z0exQF1/hrl2NYsOvBa+tqnontrYW9XJ8NAYWg5GYjuecfgic/mk9IrIdNgyCkKLECjH09p2oC2MxODLY3mDU77ut+x50Znni9F1PfujDD9x/0dT+6b99+q3Ll4H9z7/43Msvv5g5l6F0wYm+ylIyFYUhUw2WCW9Ei0AykIg3vIsF0KY2//YrLyp4ARMpu5b2ByPrsvl0//DwYH19fXW0OpnN10+s37hy9fJ3LgN8ZEgrsF49D+ow40r4IUG9EqDgKaUQSQ4OaDI+2jizvXflWu+gf/HiPd/32GMPnb/nnjvvHg6qUye3333vaTjuLz73Z6+9+tyd5+9cW10FbU/pBVwkv5YEv4RbLxuQKzTHQGwiOnzELc/n9WyOm7ZoL5bT6Qy0dPfW7s1bt/b2D4/Ge7tgsg6P7r3vwbPb60VZ3Hb+oa2t0009Aen+9usv/8ln/+iFly4NRxtXLu9IzqjNB3UTEMaOhisxKNXIpA0kNf/lJ4eHFx5/bLA1+taXX9w+c/ud777r1Nmz29snvv+R8yfWB2CVru8BNXZA313qFovFbLE4mkxmk6PZbD6fwQu5WIuQBzJdNkVrlYCxykEHwChlaVkW/WqArOz3emC0gFOIiyxYqdX+yJn8A+//EPg4M93f+c6Vd3Z2Lr997a/+/tmvfPUfL73+wt0PXNxY2fzSFz6vMKuTpiJFotBlmUZNaTeKGuCtxgn03hVlb+fSm7edPr/xwc28n307vHpp5+uLS+On/moxHR/evH5UT+B69HdB5sb/K/d8LL4/HqF/10f2IAD5cmNK4/pmMOiDT9gEg/G/q+3Nra3NU6c2TxVpL0zm02x3OchHo/XzDz3w5tdfAntX5KXmakyEY6TVGMfblZVVNBlewkGvtoqi9qC+G1c6PZxsv+fM1o+N3n7p1YOrs8XYmLnxc4ARxjWY13aeUmIe31vPt2JSioEWsI+JZ3NcilTe+D/nOTZsJBTDMyUPzS+Idyoz2sjvuONcf2v9cF4HQEAvhTe+/K0m1OBFIozmPF7wnBJHhJNURcUL493yaiJ7reo+ZRFss++H91ZudWknHmQD/mb0r0WHjmkpZ2P4ygFkkKDDCR4UxeHQ2hF6djHcJ3Tq6IaJI8XHK8K/4AfTPMlyACkm65mi5/ISlKe+Obl1fe/tZba7ceHElb/ZObhxwOaq1VzNATBtwXBCtFRJ6iiQ9eLVaRYutOLmkyyZH86LXjG6r5zemgK2AePjOaEUqHARE+euTTUFzv/x5ayGwBz2O5IAJBSdmyAhBOMS0uOQ2KWU0oGDwe+koNBgno3LXVa6spdUo+LkxZP1q+7yl64AbGyjlhjwaGhEjsqnmhn1UnCw1mvW03oJCH2QQAQgxe4zB8NH1qqTRTMHpwIwNjSEttHxNlQQaRyHrSARjDQ4aAWlcZIo5yvaY2ItwU7MbErkGzh3CYsCoiS085R8S2FsYZMiKTeK3FVv/vWN2izKtNDIIhCUYIK7iLoRGeUE6yRpEDP5PhzLa4kqBpfZxWGdVfnwwWIOLr4Jkk22IabokBXI0iCcZG4LjESuWk7J0je0BxKBxPIB+D2xGr8B4Iv7xG+AsZhTRt7CPq0rTVol+SBbv2d18qx/6x+ugxsUDCGEbJP7MfEFIp1a28aZbLEIaYQWVdM7LwUkiIPM7jNHg0fXq9O90IzRJNAO69QHWFZDFqdhgOYl00dZRMZweBkfzVk3jJNoOUgeMyCHOOij6+PfDDZsMZwtcLfZIO2drpJZdfWvr6FZgA0r8YPGRjEBF11QCqDXa4EvECeCOVa/Et5qeJj20tnB9OjrfvMnN+rJEihmkqVJbJg7NNaNhVgKN+wptPe0YokK0YBLbBqD2sgAa9p0FPPJ0aIdBRkJEhqRUQa8BQ67bJAVq9nK2bUbn53uXx+XZd5xgiGm7XwIMSbgPWMiXgNstiuSP5XClqigkZQar6gOzc2w/eR2su4XR0vPSVNVHVRFkEkgAUkv/ptQopfNUkLXAD1M6BuHVh6tUULynJD7TelvZsgNGJuLJKelA0lOekk+hL/Z6PbV8E5x+TM7VCJzpq2kai6GrYfgAUnEp5yFaV0RJ5HE0OB+Ha6Cy2SSvIRbHu7uH3x5vv2zZ6bXjwIFBXhXTImHxnkU4MYINg+EaJsgqWcvEmw6OQ9JxlvJdwb2TJIo9+jbEsRXFrS3dKC3+TDtrfdWtk++/tQ703rW61WIy0MjyVBrtBjBkTAbLVGiBAIOLjeQW/K2W3lzCSfjukonrrQJR2/MzzxxW3rSzPaOgmaG5VeRRhO4JAFONSXDw2xk85MIn8HHMFfRpyPDHX6Z4s3RMmeYu04LB4YKdpsMs2KUl6P8zON31i9ml/7fpQyCJNup0reGXxPz5F+YquSH8yKoy7WanGsztMF365QKhgIE4wcHe70wPPexcwdXb0AE622bIm1VwGJq3nJ6Hmtg7HXJAiUo+bgr4CfoZ0ZHZQReyHSDc8a8EEQfoHPkgVLQ22FaDvP127e3N+94/ree37u1m5WF8VpXNG2qtC2UaXqHckC44VIyPppzDKFNnrVe0WhqXrJMYGztrVd27/yBe/rny4Ort8BSIWzwWgklGiW8WURLjiJzqvvRPi1l4XhvDlnqXIo1dcCFeCTuFosqwGFD2pv2UW/LQV6uDt793kd2nrr6/F8+VxU9Kne4Np3c1l6CRj4h7h03XBalomuCPxwYq+5r3GFjWkwrEuDB06PZob2R3fvJ+/cPry9nM7GI3jPo5coVRu4ZBEQJeV3cj6OcBP1E/ARPg1E5inECUXxKbhGhpTfE+bRy4BoyAFXDLOv37n7PA9mb/ad//UtgN9I8U3Bnu0GIlV4Iazp4y3DqpoANc01F0qVcW3K2ZacJbW2zk/qxJnPZzrffPnH67NkPnrl15YahcqFXp4PGgiQZ00MJlVhTBscWoRLpNoaISWKxvJVingRtO6BVYAQJAmgv+dusciDJxaC3fcfZ20/e+/QvPX1952qvNyAHyCl6Fx1PWyRt2yEU4DGWDrFZhO20iSphNWwOsfzL3osPhQ3U88Xu83sXP/awG/nJ0RjMsQByUg7uzCB/bKhqh4VsCzsUrU5oV/gRC3opYBbQi4YSeiYFSa6SpJ/mVQKSXAx7w9W1R9/7xEv/7ZV//sIzZdGjsq3U6DzX9HmpTuL6thbH9UHlcKGppEYaigIXpqSWJKk/QBKUHIswk/WjKIvd3ZvZbHDx4xf3bl7D4nez5DKqj0VkS9GZCzkE+GVlyUSD8GIY4BA5JRgJgcNtMLizhDHALINNLpOy53C3A2Dn4JHve+/iWfP/f/2zQG8siUnQHvcTMxZSMRDdVb4jzMcNl5U5VikX2B46Ii11AOKwVnpt25gU3NvPvXXHgxe2H97cu3kLrGugCjDbhA5gBjdjq6pfVRUhEITKEIHB0rMiDxh6YOoAzTXQpEyS3OWVq0ZlOer3qsGFCw+dye7+w//ymf293V6vH8GfxAWCoLnQG4IWirudQlwCYbcUq/FcwjEa1bjYBWQknc1Ffy2u06FZnk7m470XDh7/xPtCNpvOZoinJeYlXSCWUrY1y4sqK8s0B8CDqd+qxHQO3GfRTAGvgAdypcsAOeY2K9NqWPZGg35vePbUnY/f/6E/+5XPv/TV53oAHILkm5XuWmQyKpEhdrN0gDKVUECWctP2ZoRYj5aQ3ZhYgtBeCfro2rIX0KNI8xvXrlZ+7aGfeBQEGwADKhUhaYtJK7o+WOsMNtuHv2CiDIplOuyvgOma1Uc+LOFIl5u8sHnpijyHA4teOeiPTq2f+8ATP/bM//qnL/zPz+VAjETNr9RExRfFYCeGbVqFtDHTrm5JwIYUsm38Twsv0mQoRVqOjF1oRYVMRxPe+Nq373nsoXOP3rZ3/YalSF0yGBQMJowfwVSD0XYWXGiv7MOJs8V4tjy0zid5yPMEJCArsqwqqkFvZbB2YuXMk+/72ME3Z7//nz6N9Z2q1FRM27/EBrV1udGUtUlp4X00WqyfgqKinQmdUihDJU3FSJ3UaacVFrvydDqfXHnuyvs++UO9YTE9PECrjIEBtRcmWCFFrXOAyXyeY+oaRGy2hN3uGVdzEqeo0rIqsrzs9Xqrg7WTw3c9/uAHB83Wpz/5W3u3bg16A4+2U2tg0mPUaUykFXpBuE4Nq/S4kDFnPyyJNmti9CyFfMspTvIgidW2lZhAiU1yTJQyz29cvTa71nzwp39kMR7X9QKwExzuCEUjckIP7ME/9cshCC04oYU/8m6eZhZEFXablzkJfX/UW9kYnrpwx2OnNu/5rz/1O69945Ve1fcaycdesNixYmM7m+mwythOH5aUFyk8jOVi0/Fe8eJq6tTQHzfp0eYTPUFhX3/+1ZWN0+/5kScnt4B1HkMA8hEMlQl7mGGxctf6hWCbg+YG7BbYm+ewW/BxvNvVUbV5buvCA/e////+6h/8458+DQIee4VMpy7Dna0dW2zarHMLhG1saiErXZZR+p0iX27YseZYA1SnzM19cUa6RLmtiHgOhnexmL/8d998+Ifef/fFew5u3kJPm1D2RlAmMr3KBqdH54/q/XF9o8iwC6EE8130htVwpbc+6m2dWbvr8e/58F/+9z//40//H7Dt4Lpi0zG3zkjDSCcC1uxzMNrb22nREw6RSOdFbEVOEN2amPgT5xSsJvoCd7B0Q7DY/Me3B4rnRTGbTr71lVff+8mPDvrlfDIrwM/CVlOXoS47UNUsLWtMBM1Be8s0HZTlSjUYVivDcnO9Or09vP2xx3/4q3/yzO//wu/AldHraoNLpyPLHmsla9s3Y8CjgVPbv8QbznIG/VIEj11yNrDXCex4g5UCvDGdPkEbq8rRe2HtLM9v7ly5+tqNH/yZj5vl0nrXKwZwoxxcMRgyjPPWB8Vq4nyehVFZrPfWVvsnBtXmsNja6p976NF/980vPf97n/o1uCAWN02n+1p6QoOVLuQotJ1OnCj4KtohsDEWo1WQj5T222i0GKx5qko5Yaxk+WzsM+qmWOXqQZpCjL388iVneh/+yU/4oxlArSKt+nm/l5Zgnvr5yma1nrq6X1Sbg82tlbOD6mRRbGwMzz788Idee/bN3/74Ly4Wiz7y1mgahkJSbTfsmhKiuJNu4eh7Zamu7WAUKw34zbYBluo9eWbqwaDKdYgNSK0jkKYWaeSK7Sks3oCqfF2/8PfP3H3f9/7HH/zP+/NrtTFV3oc9o4VK8n7RT5PQr0Zro+2NjbOhWP3IuSc+cf7ff/Frz/zmj//ceP+wV/ZEYkRXQ6frLRJXs2WSVw4ReEgOgGYQ2gYV2BFWD+M6fYgl6NhhLKCGq9iJi+MQWrmWErs2vsReM/xtPB5nRf/3/vSp93/kB/bG1/aP3jk4/M7uwfXpbAyLSxPQ93xz7cy7Nu8737v9jNl8+oV//ugTT053D8EPx1DPdawur0ZuLPbJciN/zLp6ylXyWZ4aiLRa6JfLhV0ZrYpf1UtKO4hqCxutNmMUTLxEbDcVTfFSZQgUrPGno6MjVxQ//z9+91M/+h/et7V9tbnyxsEbN6c3lmEO6rzR37p/+MjQYADzua/8w6c++pH5zXHcbZf2IGjCIt5JiC0UQcoL2putrJD/g6RrEefUYFCGg1F0sxjTcUsVR4LBmmMtmqbTKCdtddL82LGgQfsaiOQY5B8cHJi14kd/42c+/RO/fOHOe7uptnFtvvbKt7559aUvfuULX/zdp5YHk0F/0HgvUR5ZZmGXjI9gzCNc6SQejYby0XtQp0Gsgnvihqlr2rBgR27gM577KbFm1E2dRAAXGGk1XPDqdnZbjR+NDgPE1s16PDv10w9+/48/+cDovo0T22dWVgBxfeP6d/7ptedeuPxqk09e/4O/nb180B8MqE2K/W0UN6fYQRowmX86X9TinmA0d2o1VgpezqLPSwB/2ugYpDUwcM9Z4zqdyKaTB5VyDID9trHVRd/tqWLC7fqx/ymgy20mz15/6wO3Xnjr84d/fq2+NV8pV66Fm8mZ6txdt0+fnYaXx0Va6LhJiNVphkJGmn20qRc/Oi9lP87OSXOmlINDpxrPRs2LAqYxoRFkGsT6oLGmlIYUUXEmhaehyIhTJ3+QzlLtsIzNo9rEjH/SvDh6/eb+pauTvaOdz3zDNeZGaufT6cr33L7cuu36V98ES5OXafAy6+CkmqUXlnpcm0htI6M47WNiZ7pOvrS5uBBxcVJixgPrAU4L37bFn1Std2K9JC5zUqIz2h3czi7xO2dD7LcWccP0ejNZ2oFp/GJ+aS8pc8xUNqbY7Htb33z6dYyC0kSyp1Z7RIkD7dibeD4RKmc7LqXTLO605dm6Tj+alawluKVRHBWQJfvW3Jvu1EbsWA8tvOkogjnWnYzGwEcAjstsrOkD8jR+P+QQsTjg8Mytk+296k2ucFFa6CNwD23bM4VLPiZ32OCobyTUIFW7dgCA/DHZI/ypXi7AFZasMCRJrjOl1Sk3Gk102Nhcb2KXOBuVbuWTYamO6HVm5hp0A828phA5q2dz72u3dAhhkja32HG6LjYKR2igdQHt0ae2bXKE3YXHFo82PCST3qTUsuO5BRczlxD9SqHRc4e/KmQ77qhTXqo2BqeXglxHXSJ8yYlLliiidjJI7TANS5/3qiTL68U02arM0i2Oplj+IxoF247fmcgrTZ/yr55DBT0EG7uZDcoVnRgzMq3Tkb9Urh+8ig6PY5EiaaYymNh17lXuYnQWnX7Qhv1OI72Ot3ATRJg19bxZNmGYlVmeHYHW3JwnIYUASpwDBc4KFDlfJmC37R+LpivYKPYapMZ4UJwathMdb44SM6s4W3IGTsYmOfh0bXDQLTnL4KWUozh49jJd1ZmKEAMnJjAfVXBM7rK1wapf1Gm/cmna0sd0R5RYMmw3Dm/7go36lWMMbAedrDUx+9XtJHGx0ZCKdlZ4yMmAdhRREkIypaJOPUjTatDJF6/SyDrm24QvWdq69v0cO+wCzarlVdEvR9jpbOP8qGm9S0R1scctlgZjbVknBckHBcdFOhO0w7I7WhrUD8ceYakKsRtxMg8dm8qYh851FEtYgj956fKREeOgtRmGPWRaDUH8ObZTmhSzw4VNk8V87uum074eOn2gQcT72LRmLMiamEsMmnp3bTFMhrOdYOsWojieVQgy4qZTZ57LnqFTqaAMAI7B+iizrCoyhNvp11e4IrrtNa0Nd5qPp81iGQc4JoeH2D6tXpuYF3TWiNplxEEFHXJtaW2j8TU6tBTHeGLuK9oAns3gUlecwo7ju51qYbw5NWdStc5oBssbbgeOZMabcQkR1tc0jTlma/GYZrkEq5Vn6WI5m06miU5zx1FZRx4VTiYtinGPNEXEETTfBO2eaHluYvI8zil1Zmr5WxcrMUFH9Wy3HseBBhWdeVtdqgXt7At4/zg2HmRw6bjy8Bg5XBZClhz8UgVRUY12wSVMKUbpQdsOQmSXqJZGRFQxCW2mtH1KASuTFsaD6QwkRzNNDdxeugA7U5/qYQmIW53sjjkFEtPQzgXJKinjKeYq1mJ4Dh4T8kGgkS+qKklzgYDxlpqkwImI+OCCzoMONNcT80lUTDDcL8g5HR+lKT44wXT6Yzl+czSg7tkIR8ODWNDXbPpi9w0JK2URlMpiyaNxpZKbPmeB6S2Dx9wyxZqGoztLnOVpdR9vFMdK2eCrWjnXGQSLZaB2hrydie8EeBrAdQIOBh6x/tt5SoINmtagEJ/gl8xqB+d0eM5R8O3aSbXQdiV18qQaa7Tt2PCxwREll2FTKci4ToGJPNJFbIseut4/Vqc7Y5nGtMgvpmYlEyKDXS7Gi46TJnxL0WfPLXRY9+MWfbaiPJmhM1KBuc1fdsFriEY1miMrLabc4gK/lb2yLPKm9lzFD1ZdSxuUGe7uDR1A3J3d7QzTWZ0g83GuWLEKxcY2Lipw0dp47zVrwVNzkpFu2BSxUnptX1T9oYyfs9rwy9MbEhZzk4jA6E6jmKpUlpZpmoIp1ucvhM68VBdUdYdGGWqG7iYVYJoQ4nM9Yq4l4R85uxPTMmksLzCi4vybdN7pYwVkOltzkzEjnJDALJc1a19geOEDFt4UKomiWq7r+YZgRr/fX1tbxVE330grJ+3YC2KRgEODf02n8GJc+xQN9q3aamdbshjXybzabgN+ygPdQZ7c0oj1a1BvY4FUXM6xUS6rwFNGKV2S8EgStuk1XnK7PGrQBJy7d9RQTbfePHEKXthX2DQ0yRu4GcXy4BSlbKTFQHwVM4JGhYWJ1nR73VtjL12yhlvXA+WlNUnEftjoosUSuNZ3U0si5/s7Xl6gj77o6R+GWccBujpPSbjQDALhEBuw9m/MYHUjLXpBntqjzcwd0OwkyhVIFUcvuHNfnJnSQs2TCTFv28bz0o8W0WWq4sNBFsc08QEtVt2J4ZBCMFp8nAA9hcbjzDSnJ3Hgq/MEInnaCSZPmljmwdsV5cpsuixyHG7iPnpaE/UKqYGMBVCjTxlReChD6DwdqmZbUx86Vu3lsTahHeRnHRYyc4okttrGjIaXxJwi6NaYMO7lvIHMDshzTLgySY4vdQQx9dE8uqw7zp3d271CmpLgsGo3ZaTPFOj6dqvPNOpmfIJiSWloidMjJg4Im4iOotdNKU13bKoo2n1LD4By8qAZ8XY4Y8VK60Tp4nhX+4yiIHNtrCp8kEQddKnR6poJ09l8DiQRnrClUI9nnIscC9rLG0Kna1QNkQ9xKCjE2kGQlFDo9IvLp38RYAAXxiy5lLeaBgAAAABJRU5ErkJggg==',1),(14,'Sexo en la playa','Coctel',2,'vodka / 1 oz de jugo de naranja /½ oz de cóctel de arándanos',3000,500,'img/menu013.png',1),(15,'Caribbean Mojito','Coctel',2,'brugal ron / licor de naranja / angostura bitters / lima / naranja / menta / cava / servido en vaso	alto con hielo',3000,500,'img/menu015.png',1),(16,'Squares Delight','Coctel',2,'gin mare ginebra / martini bianco / limón / azúcar / uva / albahaca / clara de huevo/ bitter de apio/servido en copa martini',3000,500,'img/menu010.png',1),(17,'Fraise Clicquot','Coctel',2,'veuve clicquot champagne / licor de sauco st germain / fresa / sirope de canela / bitter de Jerry thomas de naranja / servido en flauta royal',3000,500,'img/menu011.png',1),(18,'Here comes the sun','Coctel',2,'Beluga vodka /amareto disaronno / fruta de la pasión / zumo de lima / clara de huevo / azúcar /servido en vaso alto con hielo',3000,500,'img/menu012.png',1),(19,'Spicy garden','Coctel',2,'bombay original ginebra / frambuesa / lima / canela / agua de rosas / tabasco / ginger ale / servido en copa gota',3000,500,'img/menu013.png',1),(20,'Flower symphony','Coctel',2,'Sky vodka / licor st germain / cava juve camps / canela / menta / lima / pomelo / servido en copa gota',3000,500,'img/menu014.png',1),(21,'Cloudy Window','Coctel',2,'bacardi superior ron / sirope de canela / sirope de miel / lychee / granada / fresa / lavanda / servido en vaso alto con hielo',3000,500,'img/menu015.png',1),(22,'Summer pure','Coctel',2,'belvedere / amareto disaronno / zumo de manzana / manzana fresca / lima / azúcar / clara de\n		huevo',3000,500,'img/menu010.png',1),(23,'Sinners future','Coctel',2,'zacapa 23 ron / campari / sirope de canela / albahaca / bitter de pomelo / zumo de pomelo /\n		cayena / lima / servido en copa gota y borde de cayena',3000,500,'img/menu011.png',1),(24,'Moonlight San Francisco','Coctel',2,'Ciroc vodka / cointreau / sirope de chocolate / fresas / lima / clara de huevo / servido en flauta royal con cacao rallado',3000,500,'img/menu012.png',1),(25,'Old tennese','Coctel',2,'tanqueray ten ginebra / licor st. germain / miel / uva / clara de huevo / lima / angostura / servido en copa martini',3000,500,'img/menu013.png',1),(26,'Mediterranean Lady','Coctel',2,'london nº3 ginebra / cointreau / sirope de azucar / lima / albahaca / romero / menta / servido en\n		copa martini',3000,500,'img/menu014.png',1),(27,'Pink Floyd','Coctel',2,'Belvedere vodka / licor de moras / moras frescas / melocotón / miel / cava juve camps / servido\n		en copa catalina',3000,500,'img/menu015.png',1),(28,'Amalfi sour','Coctel',2,'grey goose vodka / limoncello / sirope de fresa / miel / fresas / limón / clara de huevo / pimienta / servido en flauta royal',3000,500,'img/menu010.png',1),(29,'Spring Essence','Coctel',2,'johnie Walker gold whisky / kway feh lychee / zumo de lychee / sirope de rosas / lima / clara de huevo / servido en copa martini',3000,500,'img/menu011.png',1),(30,'Sun Tzu','Coctel',2,'grey goose vodka / aperol / kumquats / lima / pomelo / sirope de almendras / servido en flauta\n		royal',3000,500,'img/menu012.png',1),(31,'Dark Temptation','Coctel',2,'brugal ron / passoa / veuve cliquot champagne / piña / vainilla / lima / menta / fruta de la pasión / servido en vaso alto con hielo',3000,500,'img/menu013.png',1),(32,'Mosquito','Coctel',2,'menta / sirope de miel / lima / manzana / hielo picado',3000,500,'img/menu014.png',1),(33,'Monday','Coctel',2,'zumo de arándanos / zumo de manzana / sirope de canela / fresas/ lima / servido en copa catalina',3000,500,'img/menu015.png',1),(34,'Natural Elixir','Coctel',2,'limón / zumo de naranja / piña/ sirope de canela / arándanos / jengibre/ hielo picado',3000,500,'img/menu010.png',1),(35,'Gallo Pinto','Arroz, Frijoles',1,' ',2500,200,'data:image/jpeg;base64,/9j/4AAQSkZJRgABAgAAZABkAAD/7AARRHVja3kAAQAEAAAAPAAA/+4ADkFkb2JlAGTAAAAAAf/bAIQABgQEBAUEBgUFBgkGBQYJCwgGBggLDAoKCwoKDBAMDAwMDAwQDA4PEA8ODBMTFBQTExwbGxscHx8fHx8fHx8fHwEHBwcNDA0YEBAYGhURFRofHx8fHx8fHx8fHx8fHx8fHx8fHx8fHx8fHx8fHx8fHx8fHx8fHx8fHx8fHx8fHx8f/8AAEQgBLAEsAwERAAIRAQMRAf/EALMAAAIDAQEBAQAAAAAAAAAAAAUGAwQHAggBAAEAAgMBAQAAAAAAAAAAAAAAAgMAAQQFBhAAAgECBAQDBQUDCAcHAwUAAQIDEQQAIRIFMUETBlEiB2FxgTIUkaFCUiOxwRXwYnKCM0MkCNHh8ZKiUxayY3M0RCUXwoOT0rPTVCYRAAICAQMCBAQFBAICAwAAAAABEQIDITESQQRRYSIT8HEyBYGRobHB0eFCFPFSYiPCFQb/2gAMAwEAAhEDEQA/ANDSxkjJJcAEZg8MZzoyRvZRyL5qsPy8sQhXezhjgfpJQqDQf6B44qCyrDZxtQBQATxHvr7cUkE2WXijRONEXKgOeWLAKzSOxKxx6a86ZnxyxUhQWbVIo2OZklVeJ+6uITcsSpI1Drz/ACjJcRkP0UEhYIM2avuAHM4hYTjtoxQ6T1RwfnX28ssXAHIuw2fCj5DjkMXBTsErW3jQ+UUzr7a4uBbclm7urTb7Y3N7cRWlsoq09w6xxgf0nIGIUIm9+vnprtRaNNyfdJh/d7fG0or/AOI3Tj/4sSGRtCPvH+au6oY9k7fRFHyz7hOWb39OEKP+LBQBIkbp/mH9T9wYrFucVircI7G3jUj2BnEr/fiQQA3PcfqhvdTNfb1eq3EGSdUPwGhcC71XUtVs+hTj7N7wuTrO3yVbi00iBvjVicC81fEL2reBZT047xb/ANLEvvkr/wBkHA+/Uv2bEn/xn3dzihH9aT/+PE9+pPZsRv6c91LmUg/32H7UGJ76J7NitL2P3Qlf8NG/sWVP/qIxaz1J7ViOPaO8rA6oILy3I520jD/9psWstfEHhZBG29RPUzaCunedygCZBLktItPCkwYYJNMk2Qw7d/mJ7/gAW6+i3FBx6kPSc/1oSg+7FwRXGTbf8xO2TEDdtqntWLVMtq6zKP6j9M/fgXRjVmXgPu0eqfYm9USy3iKKZvkguibeQHw/U8v2E4jRE0xglZGiSoDIVGmQEZ88iPtxAiqzqCahip4N+IUzHvxRZSmGrVQrVm4E0BI55cOOeIWD21qzKwAZq6Qx8csjl9xxRZHHMFYB5NOZHl45fD9+IQnTcLdPIGGsn5uWrhX2HEktJl2x3krpVCKjiq1IpXI05YisVapfTfbaRsygLcWofccxickV7bCUclSQzULD5lIag9la4IA6kVqNUKwADJxFQSBWpriER1pHy0PhSnPhTj44hRDJb6k+WvuxZSZUeClVH7MQuSMqp/CBTxPPELB0kciuF0rq4tXNRXOowIehGyHWfMdTUqxpz/diEK9xK8RiWOkkjMANVQGPOh44puCJSTW9A3PhlQV5mleOIQtipYhBRqeRW/FTEks+RSuZfJk7VLcjkMsuHLhgZ1CjQKw2xkGkuRGRwqB7zhkCpFbub1a9Pu3C8L3jbpuC5Gz29hKQRyeUERJ7fN8MTiA8hlfcX+YbvC7LJs0cWw2p+Vwfqbk//ckGhf6qYJVAeSRZtu2vUfva6W5NvfbvI/C8vWfpj3NLQU/ojAvJVFKjY+bF/ll7muQjbvuMVnH+KKAaiP6zf/pwLyPoguC6sfdo/wAuHYlnpa8Ml7IPmMrFs/dkv/DgG7PqXoug37f6ddk7aoW121BTLIBP+zTFcV1C5MKR7Vs0A/R2+BfaVDH7TicURt+JLpjTKOCJB/NjX/RiFHwyT8qD3KBiSSCNpbkfi+4YouCJ5Lg8SD71U/tGIQrywRyf2kEL/wBKJD+7FQWUJ9h2Sb+12y2NeYQof+AjFcUXLBd12R21MD/h5YK/8qUkf7rhhiuCC5MW909G+3bzUY5ItR//ALEAB/8AyRGv3YtStmU0n0E3d/QS6UM9nG7DkbSUTD/8b+fBrJZeYDx1+Qibr6bb9ZSMgCysP7qRWgl/3Xy+/BLOuoLwvoVNu7h717VlAtbu724V/sWJMLf1W1RnDVZMD1VHvY/X2+Wke/WCXC0obm0PTf39NiUPwIxHUNZfE0XYu7e1O5UA22/jkumAU2UlYpwOfkY5j+jXAuo2uRMt3yS2z0EZccw1ciOXGtcC9BlVJVcSvHraMo1cgKkMBzzFcRMjUEcUrRzsrKxLDg3Akcs/fiFNFj67zjSRUVDBRWtBU0PE/di5KSJori3MpJVdYzIPAZVzpl9+KguWGLe9JCEsF1fKPdlSmCkCAhbztwGonPh5hTnkTiFMuValNR4/N7eFa4sohinJWmrM8CMXJTR+cKaE8eYxZRA6ih9meYxRZRmt36jMp1B2JGdKZDLPFNBp6FK5KqSC61oRpWrt9gwMhIpyUWpKhTUVMhzFM/KozxCyTqWsoVTIA2dKClcqn35HFaE18C7BaVoRIAMxrdhmK5H4c8VxJyEvuj1f7a2CV4LN/wCN7silTHbnTAjA/wB5NnmP5tTg1UXbIkZN3B3/AN8d43QsHmmkSY0i2fblYIc8gVSryU/nHB6LcQ7Njj2f/lv7t3RY598lTY7I0P04AluSP6IOhPiT7sC8ngRU8TZu1PRTsHtwrLBt4vLxf/V3n60lfEA+VfgMLeu4a02HqOBI1CxIEUcABTFE3Oumx44hD90TiEKlze2tvPFA5rLKaIo/acKy5VRah0o2TyIoA9uDpaVqU9yCQxIKuwUcMzTPFWuluRJsHXO/9v286W8+5WsVxIwRInlRWLEE0oT4DFLJV7Mt1aLnlIBFCCKgjMEHngyj4VHhiEOCinliiHLQqcQhE1uDwxC5IXtcQkleS2I5Z+OJBcla5jM0ZiuEW4i/5cyiRf8AirTFMsWd17K7dvEZViazZuIT9WE++KT9zYFpFyZx3F6LLR5rFKgVPVsqsB/Tt28w/q4KuSy8wHjT8jN9z7R3vbmMoQzxRmvWgrqUjmU+ZcOrmTFWxNBztr1f7o2kJBeuN3sFOcVyf1VA/LNm2Xg1RhjSZK5GjWe2/UDtnuRVjspDb3pyaxmKo+X5fwuOXlwDUD62TL11HMAxVAgHlP5hyBPsrgBhSnW4tiVkj01ocjQkHMAHkOWKegSUn0XcilR03YIPKNPkWn4SoJq3vOJJUBCz3CFXDSP5pADrYkDSf25chli5KdWGod2iQAFw/moxbyqAPAZVwXIDiFP4kPp9WsaeH4KUpWvDwxcg8dT4I7tWoik5VoDXjTwOK1Dmp2jTIatCyknkOI93sxaYLSO5JRQoiF3rwFAB7zywUgKpRmiYLW4lAQk0jBovxr4YH5hz4FC7ktkH6IUimZGQy4Z4jgtS9wSXe5enlT8Wo8gML3G7IFb53j2927a9W9l0yMtYoVAe4lNcgicFXlqOLqp2BvaNzI+6/UruPuUmyjBsdtkbTHt1rnJKTkBK6jU5P5Rl7MOVUjJbI2OHYP8Alz7h3dIr3uZ22PbGoy2agG8kXjmpqIq/zqt7MC7+BSqeg+1OxO1u1rX6fY9vjtARSScjXPJ7XlarH7cLYQwLHiiH2QrGmps/AeJxVrJKWWlIMm3lodZnAg6b6ABU6jSuRp4HGDL3F05WiNFMSYE7o9SYNlFsIYEu7i61fpiTSsaAeWRudC2VOOMuX7k6uV+R0ey+0+9MtpIU7X1U7pjlMtytvdWzNmoj0aQeQKnUPjXGSn3fLOsPyOzk+w9u1FeVX8xaue8u97rvJ7m5jibaZS72sMQ8qW6rQoZCNXUA8ze32Y6SvTuqStGjg5Ozydvd1s/T0fia/FuVptu2Wts1x9TMsS6KGrEEalJqTQUPPGh5a4qJNyzDXG7Myn103vue17YtrqwuXitJrjpXskRKvGGU9MKw+VXzBPHlzwvDZZbTbXwQyy4rQwK0u4xIWlYyK9eormur31xvFJaz1PU/o/f3E3Ztv9RC1taI2jbjISWeIAVbLlq4HCXlrO5dscbD00cjxsYSCwBIJFQPaRkcFW6ezFtRuRwwzrCqzuskwH6kiLoUnxC1an24OCpOjGcQhyVYcsQsjJOIQjYjniEK8kaNiiylPagg4qApB01u6moqCOBGBaLBm5bZY31TewB5OVwnkmH9cfN/WBwLLM+7o9KbW8D3FqvVcAnqwqEuB/Tj4SD2jBVu1sDaie5lW8dr7rtLdYjqW6Gq3UVRpI/MOKH+VcaKZUxFsbQ1dper25WBjtN/VtwsRRVuQf8AERr7zlIPY2ftwfFBVyvqa1t9/te62Ud/tc8dzbLUKymlNQIKOpzU+w4BoenJ8vbVkUMzNoZNRAoMhQEebmvHAtBJkNnHKoaEERyoSYzSorWjgGvA8fjiki2+pbcteIr6iHXgW4Ba/KaV5/fi4kifEl+lb6P+2GitdOrA8WF7ikbBbIBqdWR6DIGh9nDDIE8iH6hgf02oCDQ1JzrlzOJJfE+r0rjUJk8xy1cDli1qU5WxFdWlmqszRgn4njiOqKVmAb+R3l0V11yCLnzypgLMbVGb95+ptttqybTsOi6vlNJrw+aKJhyH52Hh8vj4YKtBWTNG24mdo9jd39+bzItirXMxI+v3W5JEMIP538afKi5+wYY2kZtXqemfTr0e7V7NRbi3j/iO9UpLvFwoqp5iBMxGvuz8ThbtISUD8I6Z8W5seJwJDtVxCH2SWCCJ555EhgiUvLLIwVFUcSzHIDELVW3C3E+87ne43aSzWRBFbMzK44Mp4NXnlwxxs3c2d+L2TOhTt0qz4lDet3untZPp4nmhIrJKtGrXgdNeHwwm97NaB0ok9TId83u3ue4bi3ll/wAaFV3hKMhRPlUUYezGPLgvHJrQ9D9v7qiXtp+pHUV50kNTpUcc8YrV1OtyTDfbPcO0bnZ3gWGRWNRbTgoEDiquSAa6Wzy+7HTw1tj3+procDvr1yLTVJ/8Ffae7Lixv9xs92McwtYuvazwfpR5miROH1GpPMY1+zW2qk4lr2q2nAesN1su9Ng3jb5YEMXlhkIzV3KllKVoaxlRXBv0RrqLpfnPgCOyfS3tSGzj3G4skutw1GWPrVeNVWvlEZ8prxqRi/8AYtfZhvGqh7trvO+kk+juQxMUoYTFQodGBIjAr+CoFcYsuay1GrEaRa7nqiojaVbKZBwqcgca8fcta/mZrYj59Wz3TQKhAT5n+FcsPfdt34oH2oUslMi43JiYPhlWnji5JBzqVgDTj9uJJCGREpxpimWirLGw4Z4osgYkYssiZQ3HFEKs1qDwxTRclCW2INRkRwPtwEFyCN22Sy3AM069K5Ip9UgFT/4icHH34hZk3eHpk0MjS2arBM9Sqqf8PN46D+BvZ92G0ytb7CrYp2EvZ977g7W3VpbR3tbmM6bi3cVVx+V0OTA/7MaU00JTdWbn2Z3vsXd1v0URbbdlRuvYsc2BoWaIkqGU/auAdTRTJIbuLAxkHqCOVQungzVHlBbhqyajezAwMViob2dQF41NT0814HWAKfZ7cU2RVR19SujXrGrXp01HGvGn/FwxclwP1xkx4/HBMTUHAapFHtrX2Vrn9mAG9DlWbUzDMVzNf5cajFrcp7AzfNyjijkQt01Caicgooc6nliWsVSpiXe/qVNuBl23YpWhsmqt1fLk8x5pEeKp4txPuwdKRuJy5Z0WwS9KPRC/7qEe67sX27tlTVXHlmuqH5YKjJPGT/drxwVrQJSPUOy7Ftm07bDtu2WiWO3QCkNrEKD2s54sx5k5nnhQYR0+GIQ5ZgoqeWKkgvbr3ttW3u0bsSy+Gfwwu2RIbXE2Y56i99bt3dJDsu3jRt7S/qRqcpHXP9SnEJxxzs+d3cdD0XYdtXBT3LfV+wB2nuXdNkuJBMv1H0JMQatfKBSmfs4Yx+3roTuHW2viFdy78WTbo49uuBHcXRNxdOwoInr5YhycUFSRwwbxprUxLRglO5It0vfqdwQytNGkMpFC5KN5TkASK4rLVvcbivGq0ORs4uu67PZ7l2jtpdMj5jV0SpbLjmaUzwOPGq6jsvc2stxT3Xd02fu/6DZ7xZ4AWik6YIMUiuylCSKHJQSKY3rt5xtvf9zn2zxeEG7/ALc3XfLR9zs2mWC1qbqWFdRVwAQStQfJx4ZYRjy8NIkrNiV41gJ9iSwbNCEe6dyatOUGp2YjjwrlywnNfnfk0MxYlSnFMLf/ACNHsVt1EGmxSM9J582YMaIfLka4mOlnaKl5FWJYH2H1A2abqW8PUg3Ig9CaZFaEkiqklGJHtqMNv2F0p3FPuE9Bl2rvW78kD3RjvIqR3ELsoYyCgbh5WqeFMZMmNqeOwODNVrjf6zU+39w/iEa3SOCAoV6Ag19teGNPaJ2cvoDnSroFXSvDHXgxkLIRWhxZZExkXhiEODO3PELg/dRT7MQqDllVuI+zFkK7wniMxioCkhYEccUQikjDDPnzxZZSuLalSBlgWiwdc2ySRvFKgkif542FQf8AX7RngSxA7y7Es7yAuVYxoD07gUM0Ffzfnj/llxxdbOuwNqpmP7ltm7bBuK6maKZDrtrqIkBqcGRhmDjXS6sZrVdWa76eepEPcPT2rc2WHeVyhbIR3NRTn5VfLhTPliOo6mSdHuN9yiwSkmQs7MW8hAr7CT4HlgBu5Bptev1Ok2ula6+VfHV+7EhFyzRb0aQSoqKagBln/I4JiagYPQgDM1px5YAeDtx3y124mMyiSUBqLQUpy1YvYB6mE9/9+3O/XD2Fk5XbUJEsqZddgeA/mD78MrXqzPfJOi2Hr0Y9EBu0cHcvdEJXZjRtv21gQ134O4yIh8B+P+jxlrC0pPSkNsFVPKEVFCxxIAERQKAKBlkMLDJtOIQ/UxCAze5THZSEcaZYCz0CotTDd7mkm3CQuTUE5YxWNtQRbXabHNc3cFos1zOP0pWYhYjzOinmr7PDGXJVzKN1cnJKrehR7H2e43XeZpbsg2Hz3bPlVqk6T78y3swEdCZcgaubDtvujum6lhIh2fb7aO3QRFYVldASzrkMsxQYd4GdJpal/wBM9m2jd9gvoRJE0i7hL9MCQZEWIqFqczXj8MLypco2lE5NKSKbZph3jPeXDQWpikNrbyzSrGNQVVWM14avw4Sk54jpXGRD7f8ASjuW43mTc9x6K27zSSiaGVZ1dnYklGWoamYx0s2de3oZKY/VqbF27tTbbZGC3ziofK5oSH+apA4544l3azk0t12IoewuznM8212526/mX9VdT6HAGnIOW08MiuWNmPKskJuGugp1dJcbmedwbx212vI4vtrj3O+qYrWyuwJEjK5anDVAHu48sOw0tezVdEtyZGklOsnPYvZ0G6bDJu+07XTdNtdCHWRSl31ydcPTICIIlZXB48icbPcsrw3MibVSSaGqy9Ntn2pYN67jmFkokjDlmqOtIaKh0agathbxN77CG6r1dTQoe7O2bNBbwuyImWURVcva2nDKutdhdsye7CFx3DtkOzndmk1WSqWDJ5mYg6dKgHNtWVME8qVeXQkqJLO33kV9ZQ3iK8Uc6h1SUaXAPDUKmlcSuarUyEk2WDBX24NXT2ZGiB7XlTFkK8lqw4ZYhckJ1rxxJLP3UB44uSoOXQMP34hCvJGy+0YkFkJoRiiypPADmuI0QHTR0PgRgICTE7ujtKyv7OUdHXbnzSwLk0ZH97D4U5j92InD03JZSoMT33YL7ZL5QW1RsdVrdLkHAz5cGGNePIrGS9OJpfZHfa79bLte6v8A+5xLSCZiB1gopQ5fP/2vfiXqPxZfzGj+H3GjTUaaV00PhT8vDCoNHJGpb1cpASuvSunUa8fhhzM1DPN87tjRehZtUDjJnX3DC5GtmSd8d3T3ckm120ppwvZgeX/KB/7X2YZSvUz5L9B09D/RxN7aPubuGD/2KBqWVmw/85Kp5j/lKeP5jlwrgrWgUlJ6eggYkO4AalFReCLyVQMKCJyAG0V8wzK86YkqYIfCuIQ4IxCwdvU1lbbdcXd7NHbWsCF5riZgsaKOJZjioLTMk2+67A7k3OSLb97invHDMkDJJEX0ip6fUVdfuGM7xo1S0tgDv23wLM8ERJVcgfdjNeqG1sxZnv7+yja2hnCQSMTLoy11FKNzwmtVI2zYhW8+/XU1xZWdy0MW4XX0/wBOpXXr4AkcQoFSTjo+3WtU2Yfes7QjUO0n2fti/lt9uT9VUjWeSSuqXSOJPI+7HH7m9rWk6WKiiOoVttn2zvrvKQ9wrcRWbxM1pYxhokZkKqlyz+ZJGdQ2RpQAYfXOqpPTlbcXejS06D7uvbbWVxZjb4xFttnD0XhV9K5GiMsZ8FyNDjN3astei3JiummnufZFMVo5IYClCVOdDxKnGO2RpFpSwLuW03pNzfS3f0m2pR0vJD+rFGAB5go+VPDwweLDr/4/qFkzJLzX5GZ9x+nW6706XLl3WEsPrY1MsboxrrHCqmlQa4di732ZW4VsdckOTWPSHYLPZNpfabWWS5QOZri6kQRamkAGkJU6QAvNsBh7m2bM5UVgDPj4VQ2bx25tW8Q/TbnE8toGDNb62WMlTUFlBzpjO895erSEwojRkcPY/aEQDR7RbmhADMCzV8SWJ+/F8214gpJf8BSOys0ZVEUYjjyTSAoX7MsVo3D1SLUpaHYt4tWVGfnzr764iS2Tllyzv6YUFKinLIYnCEVzOyyI9JRRQK1OQw5d3bG9W4B4cloQvoJBIGlvy1OfhjTT7nZRySj4/Mr2SvJDC7FQaN4HLGvH9xw2cTD8wXhstSlPZshNBwxsVk9gCtqZTQ4JMkH4kEfuwRRWljPEYkEK5PEHj4YosrTxBhUDFNEBs8TK1Rkw4EYFoJMUu6u2rK+tJg8Wq2k81xEooY2H99H4U5j92Im05RTrKMR3jatw2DdApY60IktrhMhIgNQwI4EfccbMd+SMtqtMfP8A5a//AMrq6f8A7zTo9f8ADw/tKfn9njni+Goz3tPMdu7fUBLxjFExCJWi8ARX2YB2kZEGc9wdzGC1ItyPqpqrDz0jm/w/biUrIF7QX/Rj0tl7y3oz32qPYLAiTcbmtDITmIlb8z8zyGfhhrcGc9bRCwsLSNiqWdlbIsdrAKKkUSiigDllhM9WGl0Rjnrx6pXsXbsNr2ruEtq7XGjcbmDyOYShoquPMoL8StMVXIm4QftxqxX9GfW3eYd1ttl3m6kvrS4PSjmnJlnic5KAxOplJoM8JyV4vmh6qrqD0fY7xZ3ryQIwW6iRJJICRqCSEhXp4MVOG1tJntSD7f3iWlu0zCtOCjiSeAzxLWVVLJVSzB/Wvu/fNz7a3DaWtjb25McpiGbMIpA/HnwrlhNc02gdbHCkwrYN/fb7iOaIKtxGwMUxzaMg1Dx/zvfht6SMpfSDbrHfLS/7ZQ3nTO42rCOS6RwxmEnnRzQCjaTRhhGaKoKibYqbwbSYsFQN/PFeOMfPyHcDn077V2efus7hdSyQTJG8UDqmuMyMtTrYnynQDpwy+f08ZgX7cOYkKXG0xwbxdFJjInXYwFgNTrqqCwzH+rHMyZlMI3Uo4ljx2paRDdGa6Nxa3BCtZP0z0pBnrFCudPYcC6KfVK8GVezjSH4jrvd1b/wud7zSYkjBEWZl1g5MKZjlh+WbUat4beZlxr1KBX27ZO5t3vZtzt90jutgLr9Hthj0TwaF8+tyPOxJJzPClMIxYlbGlXWyDtZ1s+Qw7hsdjuuwSwXMRnhjcER62RXKHg4UrqU+Byw1WVcbt/1E2rNkn1P2yusVutrYwJaiItBFbToIkcJ82gD8PgaZ4ytPKk6tT0nr5DOKrutA5b295E+nQuhVGuYkCh8PdjbXBarjpGrFO6akE7d352pu8jra3Ovpym3DGiB5QaUjBNXB5EAg4Tn7eHqtPjoSj8A50pUcujeUjga/GmMeTC6X9LDVk1qcRQSuJCCAnNBTI+OE0q7JxsHayUHF1eWW32j3F9IVSIamCgsxIqaIFqWNOQwylNYe4vJeFPQpdwd07ds+3RXPUa6u7mMT21lDpLNG2SnUcqnGrPjrjom7eu36LzFYXbI20tEd7Pezbrtce5S2Mu3yEFvpJT58jTURQZH24x5Ma1deg3Fke1tC8kGoBoQEfTqKA5V/ZgK4+tdHHx5Bu8b6o5Ohkq6UkBHDL4jE0a1WoSmdNj9K41aiNWmoyzHxGDeVpyuhSrpBXuLSF1BU0rlqJAB/0Y6eH7m19Wq8RTxeAOmt5ImII4Y62PLWylMU1BA1cOTBZXmSuY44hRWb78QsrTxhgTzxTIDZoypqMiMCwhG7z7Utb6zaKgjic1t5Kf2Ex4D+g/8Aq8MXW0OUVasqDGf4PuH8V/hnSP13U6fQ5a/ze6mdfDGzmonoZOLmBsurmEl5ZZqRoKsyg8uPGmFpGhsGdu7DundvcltttjGWur1wka8o4q8SeVBmcPSgzNye0+0e1Ns7c2O12HblBtLIA3EtKGe4Pzu3x/cOWFWckWgA9Wor99rj6FemCS4GE5dh+E85917va2NuYZyJJZR/YHMlTzI8MKrjdhrtAo9r2u3XG9RNPJ9KtWcOrspTQCwCMM65YfdaQy8W56A9Ot1ttpiHe3cXcVvH/EUa2toWAMksA0qjyFSxZx0g2lVpz54y0vGi6DMi5aJabmh7hHZ9z7Qt/tG6LdRpWrQtqXURWjDIq3sIxHid66sUrcLREGLd9K23Rs243IjWpVFkq2sjko4nCKYHOg95FBlcfa1nuly0tldrCnzGMDzAcToQkE43K7qoZniXoaB2RFsO02s1juEDXeeqSdtWrVpBoOGQB/Dljmdzlu3K2NuLHpHUYLPYU7lN9cdtbUXs4VCLNO5EYdVq+gkmrctIrTnjP70RO7HXqqbvUH9uxXbxRwojQpG2u48rKx1GtDwoaDPwwjubKRlNEH9/uLC13OGXbjG/6K9R+GlwTlmONMR5Kt+nwKx1ceoqx947p9SlzLeN0IaoiIQE1NSvlNak+OKbs1Eh+3VdBw2e9O47hHbXPl6tXlkkqCEAqeGk1bB0TlK2kmbIoUodNq2i0sUDWXlVwGqHbzZe0nD8OGu9WZcmRvc+7pcW237RPdrpihiBkaIgKrNWuj+kzGg9uLyL/wBTa0jWI8CY1N0n1Be8X23XFis8djLcbpEqyw28aM4I1DWrFKhcueM7db0+n1bqNh9K2raJ9IW2JRcxGRQIJGUFozqZQSMgpbJqe7DO0XNyvSKzvjo9QFt3ph23ZbpLvEVn1N2t/wCwleQkqVr8tKKK6qVpXEeG9q3pL08+vz8CnevJWhah+HdIpL1oJY9DR+WXPLXQHLnjEr09yLrVLXXr4oa8T4ymWvr4JJ/o42US0q4Wh0qcqt78XS6yX4L4XmL9ppcmLdzsV5uG/wBvuA3DTa2lTDCF1ivBtSnIg+PHGXFltW7dWvyk0Za0dFWyc/OAvPPPEwhltwwRC6TKilTwyqc8+OLyZcn+X/Px+gFKV6AruLdd3ttlnm2iaG3vAoPXuSFSNTz83lqeArheDL6lu/luTNi9L1g47R3jeLjt+yl3KZLq4cOJLi20sGKOVqwTyg0HmAw7uLul4SfH9Rfb15Ul7hq5vYLWzmurl+nDErSSMw+VFBLHC1L08Q7KD7aT2V3BFcQ10TorxsaqSrCo1Kc+fPF2olZp6MpWbU9CQsiEIaFT8f8AbgZS0ChvU/Xlv58jqVvwt8re48jh7vbHaav+jBo1ZQxK7ys97uoItu2G5jtrm6f/ABUzN+tDbLnI8acSxyX446/a/cFfS2grNhcaBBITHEkdS2hQupsyaCmeOomJgrzx8xiyFSRSWDVIpWoHA+/FEK1xFUVGKZaYLuYUkjeORdUbgqynmDgQhT/gEf8AHdfSH1vT6f1tPN9NWurw1fh9+XDFS/wBjUyzuK5i6q2UJ8i0knOYz4qv78b6LqZ8luh6U9APT0dvduLv11FTfN5UCAOM4YczUV4ZccXdxoKSNihiSKNUXJVHE/tOFlzIkeofcctts7PbWont38rzsAVWvDKtfjjLk7msaGrFhc6njfveW7k7jvHlViZXrFQGjKfl040Y3oDdalS1sry3vwt0psp0pSEg6wStPMCSRqBqRx92JZqNA8Sb8g3tk0jdztt+7t0mIEMcTHTGnlHSCV+VTln7cCqJLQurfLU2rsvvm57V3Jtt3mxS3EljFAjo+kyPE5aJpIyMmMb0yPt4HC1ZLYLKrWa8PER/8wHdCb3LtNxb2/RhgWaN2GdWkKmrfBcsHjvyYu1YM+7Qup5r5rK3i1y3IWMXCmhgOsN1K8qUwPcXVKOzDxTZ8Ubdt/Z1ruO4G6kvfp9oh0/W1H6ooB5EoNJ1eJ4Y87/uJVl7nQdWtEa32zLsbWsdns6fTWVquiKICgAzJJrWtfxE4R2iWe9pleAjNV41qZ1353/s95uMtr25tY3HflZYre/Wbp20nAv1FQMZGRvLl/vY3YezrlrN06/v+QON5U3EcfMSJO75bGSSw7ts7aw3MOqPayRSRylJKaZ45CzI6Vy8Rh+T7VXhONuUMx9zZP1Gidj9h7TPuEd3dGGaZKNboCCsZAJrU/M55U4YV21VV6vVhdxlcaIm7/u4rG6uZtvSCQ7LFS4htpE+oZpaMxkXkEFMjnxwzu8fJqq0FYcnGsuXIEj9VN0te3GtNgitp9whC9KC9bS0eo+atXRWA4jzYDtKQ4/xD7vG6ttpp/mhHte6e592u7u87gvLjVdRdO3iQIbfzGjHpfKrBQNGkV56sdSa0UmfCldwuh6F2+wWyhsjbJ0H6KQzlaipCgsc65s3zY42bdWpp0Gq0yra9Qxf3U1ptkktrGXnA0xKADTL5qHkOONVr2pjmi9XQRSqteLbC3ZX99ZbHNdyzM6yENEzEakV6KHzr+I1FccvtnbHjdpk3Za1tdVSgG94eo+z9ulYLxX+qa0Nyt3pUr5CaK1SGq2g0AxqzYbZMcV1tp+5npdK8W+kVPTr1fsdzuDBPZSWrXtz0jfu6lCzjyJJQDRWlBQnE/8ArcmCj4tWn6vkNvnrkfglsaVdzfRXDlSekc0WvI58scbuKe1kars9h+Nc667gnu+63uXbZItueS3naPVF020yAqNVWYAkaiKaRjZSrq07fkItjVk0vzEXZeyd5mhhh7gup5bYEziGV3bU9QflJ4g+zniZe9SXorxnr1Axdl/3ty8uhpm229ps+3x29lGsMSirAAKKsM6jh5sY75rbtyx9cNdkoQmepO9yC3t7Z5CInYNKoOTIDVl/rU0/HGv7dTnlTevH1fkD3cUxP/y0HTareSKCNc9UYAC1rUnj7v2YwKbWdvP9xtoSS8i7HcbfcoXs5o5um5SUBgxEinzISDkw8MOvVJKPnqIrZuToX3k0sC689eRU1yoRxwCz6a/qH7WoK3XuK2sNwgtXsbyU3Hy3VvAJYxzoxU6q/DD6qr1lJib3tXSG0W76yRhHMj6Ca1Sg0sKcTzBxv7bv/bhW+kq2PlsDZoTStMd2mRWSa1RndYB88elq8sEwSuy4ohRuYaGvLFMJFSh1acQsyL0a7Im7y78t4rldVlbML7cmIqCqt5Iz/Tb7gcdEwNnsmFohruMlgiXpwDIARpxP9Y4TPUKOgq9ydwS3U0NlCTbBgHckipBypVTTLhjld93cKF1N3bYOrKW5XtnJt30l+Y2ghjLOEyairxpxxy6PM6pO1YS6I08VylJyzD933bt243M3U+29W2g16beMANKflCua6VbnUcMbe2yXnXZju4wUrVdbdRSt9usr+5rc/p7ncXEcfTcroAlejO/iM6A43Xu0nBmxpTqaV6l+knakPfXasDTGw22+i6d0wJkkrAxIYhiTpYlVPID3Yr3HSnzFpWyN2W6HfeeyOxt+7kS6m3ml8yRW15tdtPBpnFsCEZUOqRXXgdOdMsBbuGqbPT9gFK22EruHtVdmv5DeWwvttE+m1iLqzzRux6floasODCnHArKnDrqhirK1Ltt6f75vthPue3bem0JAmqw2941je5K6g6+Smhhpoodcz4YvLR5Vx2ZVMtcb8i/svb2/S7GrQCKG0CCWeOWTRKhatOolCdbcacuHHHDw9v71rQ16fj8TbbOqxKeohepnc020WEGx2O4hlvyTuwhDRlYlpSEs3EPq83upjqfb+0VLO0yxOfJyiVoUu0PVpdjaeG12CO5uyyxWcomSE9ECmmrKTUtU5ePsxuvhbcpibXdtBxf1kj7hgijv9rs0mt3X6YlhdMhYebzuigZ5GmE5q5Y01RePFVOWEvSK33NO87i4nsza2t9I0tqzUAdChNY1GWktwxltWclH1GXf/rsgN3R6Z7vunrHut7s26rCbi5aS+Ok6EtmQK8badWpmIKgEU58sbMuWtppH4+YnAnStbfoOvb/o1awXpubvc0VI3BtWiWjsFzDNqNAa8hXHN/0a30d9Do5furj001K/d3Zd/HvV/uzWUc+zWlt9cHSNY21wsGcKitqZgF16aUbDF2+ZJ1rr+mhjpkwuytaVaPnr0Lmz99jeba2urBGiiiBja3mQxyagcyVbPMUzGOX3WbLTIlpounU6Pb9rjtRvX+gydxR79c7eg2xao8f6yh1DVYVoK0xtyu96rjtGupgxcK2fLxAO27ta2kEO2bjG8c3TCyrMpDHQAKmuXhjPhyOj42WiH5MfL1VZlnrr2k6bZ/1DaXslxAJtU9vKSyhGXSNBX8vt5Vx1+yyJWhbW2+Ziz1lS90ZTtm83MJt7KCZktBL1aGgq+Q1eFRyx1HWdxFXB6A7Y7t7m3lTtd0w/jNjF1oSQqNcIB5g3ISKCKcj78cLvuw9StXQ34MyS9Q09u7/cS7ktreokchQlUZdMyvlQNyPHHO4ull1GtcqjFut/Zm5t9qlkiW4JM1sjkdRgB5igGeXAnA91itPFL0icTqnM6voWpXEllNbTldIUjU2QPh5hwwifS6tlpepWQlWm39qb7cyy3MLTGykMTCeJl0SKKhlWQKGGeTYWuWJ7xyW6fQ0O6uoiYfVDPBLIsDwhiys2RzyB9ueE1u0okK1U3IEteybfZd2uN4gvJlluBSWHVWA6gPOQAcwBxxoyZLqio408v5E1rR35Jav42Otp7t2++3u42hYZurAK9R4z0ZM/wOK8s6njgPaivKU0+hbvNuMNNDTbDIECtTRhWop4V9mLxLqLyEkgJjYxjUOSkcD4YY3pKBW+pTuFSUrGV0MRRDTLV4HGzte8dLJf4kvjlSCLm3YMyOulgSCDxBx6OtkzE0DpEKmhxZCGWMMvtxCFHo/q0+OKCkJf5fe0f4F6fJuTpo3PuN+rqIoywZiIfCOr/wBbG7I+hgWrLHfncO9Wk15t8Murb7YK5eNfMq0+UkY5nd5LL0pnQ7alXq9zNbvvKV4YjcytqSgB/FR6Dl9+OVkw81D2OjRqr0Bu7X99udjcRpNJbWrgK9wpKtxHBjhmDEqw40XQXmcyuouN9DaRW1uuoW4qQQatTjXU1eJxr1bkUkkoD3be7duXFvaw2EaTXaXay3t0Sdbqrhk1FvKQgB0hQPjhfcu1VqoDwpPbUKev3qXZbnvtrsmz6D/DYyt3uAVS7PKNXRjY5hVB8/icsdDElelbdIMVOVW1tqK3Z9huu43kMMMRnugFWI0KiJeIkyK6aHza6ip4VOAy5FU200Us9L7fsgmg2253Tpy7jZdOQXAXzdZVozBssmzyxyO37X27O3LdzEGXJdPRbFi8j3iDdZLizTXazBJXVq06hGltLeJ01xry1yO/Ku0ICjpxh7iL3Ftr2vccm47hbXFlYXrKsnTf9CRmYdQsyFlzp8ppkTTGDPW9b83X0tr4/E2YmrVSVvVVP4/AQfVrs6w3PvC5OyWscljHBC97FC1OjJ5ldghIbMJXy8cdbZ8qeHQGis6RbxMQWYW9yzRlhLDJRacaAkHOv2Y37oxy0xj9P57m87ktrK2tnu2lJ/R4ghQW89Cp0ZDURywGRpDsWppqdwfxXt26nsH3Bd/lD/wq12fKNKHKqhSyR51orZcsYcipzfLc01T0/wCvWQI3fF92rCttY603K6KrMkg0M02QJmaQVr7TyxnrgtktroHd1rXYgtvWnuaHdI7qSGB0dwrRwPLPMFNa6Ax5c8sMv9srum5EruYUWSg9Cds2HcV3sVwd4WZ57+PqCNmVX+nlWgSPp0CkLnQ5144DFiyKfGNPMTlyUcRsFtsttoktQ0ES3MZXzpIBIxA40qK19mE4642vSuXin8foHfJdPVx5kUl3ELxLeyin+nlidyQCwBX8KkVKZGufwxmw5q3vGJOF0/p5F2q+M3eoH3KB96t1hs3SRVC0upSWVafiBAzbDuLy6IKr9vczD1QtLa0uY9t22aW7urqNzfxIh+mjoukHSDpDuSarWtMOr7VH9SG1x5ci0q4+Rg8fafcoZo1tX1RNpSvlJoaZBsda3eYl13MH+rkWjQ17V3V3L213FA19ol3bprHHDO+vppKop1Ch4leHm54G9a5qyn6QsdnRw9zWe2N43vdJyb6SBpIn0xmBCrhlOepqkGnsGOJ3WNUtxR0Mb0kLPdbtunqFZ3Eds0kezW8kVzdIBppP5iBnU5qooPbgb2XtwnNpX6GdUfuT/jDCXf8Asd1u1vYXVpPcRSNcAfRI5RHoCRIy/nQgYzWtWlXaPqYOTDa7ST+kI2EG6Dabe33OT6m7iBD3QTQGCnygryopAOeOZmsm9FCN2FNLVyyeMyRzNEQ69RgAc+XJs8K1Uj91IUVJZkjRFLsV0sOGdacK8PDDFV2hLUzuyUtlHbxClzPIqdJw9ZEoQa/KRQZYrrPgMvqoC8Elu8ji2zQmsq14H2DiDhtGm3x26mayaXqLLkC5MsRJqAWGVT7cOb9XKopfTDOpIY3Qx5EDMPStOeGwtgVZrUHX0KyecGrUpq8aeON3ad7waTfpf6f2KvinbcC3cFM+eO6mZoKRFOOIQi6X6lcWQ1BIFgVbe2jWOKwtxDBEvyq2keUf0VAGNTcsx1WhiXeN/uFttd+lzKscDSVvJa8q8KjjjkWrZ3jxOnVpKfASe1tmtu5tyRY5wdvFZLm4qFMcUfzBtXysfb78VbG6uBnuaSWr71C7Zj3Pce3O29vjvLHcIY7KTc1Z2AqGWWVA4IPTDVjIoCRXBZKLGudui2+PEvt6Xz2VK+O4geoexXlh01sWc7cF6U5JLFHGSqW/LIMxgftvcLIm7L1Gr7n2DxwqP0tfiRdi9vSTrCxu3i1ulIkOkGpPlJBGWNXc5E50Odgo6jZ3V6f3MPc0E94TbGbpiZ7QpNqSoDfMDpkVBx+OM1e5dKxoPeNWcnovtHYdhtdMW1xBo5EWVrlvNJJl88jnzOxrxOE47c7wnIjM3VSwpuF3aWks6Xc9OmmuOJBpOk5VJOrVn8MFkvWlmrPZC6VtZJpClsfcu7SbvK0sjXW1sI0gtmVFRGFdciuo1Nl+b4Y5t+/9qqnVI1W7SW3I6GexvlW1lT/BTilzHLpZWFfkZSGBDYd2/wB4xZL1qtKveTJfBZJvqtoELcOwbCx7u+qud2FlsUidPb7ZvO7s3mZNTf8ALYfpk1NGI9uOrNaPT6BlO4s1ETYRvUv0JlvJo+4ey4Y7zb59Ul9Yg65g2rNrcEeZeJZdWqvDD8VldckxfuRaLop+n3YOyzXkaXKPaz3EDGGESkwGaNgJYJemyvVNSE8RmVNcJyytZjw+Y+/ktOpp1js+ybDZSTbnsP8ADfp1Krd2iIQB8oaMxtQjhRWFfEYS9HOSvnKAVnbSj/BmF+tUm37pBZborON3FI9y6gK62VFVGVPlUaV4L7cK+391a7fJa/x0Oj3HaKlYnToJnaW3WyXE8txKesYZI9KLnDq8pk1fdwx0M920kjDi7ZXmWeh4PVDuDbra13CDbX3S2gh0zWUTUk6dAOouTE0K+Bxhxq6utdEOy9quLBHb3qOm43u5b1FO9mt1d+XbzQxMjg6xGwCnUHHHTiu+7Svt3vV8Mm+n8mWncP3K496bDZtXce43G6l9ntWuoYdKzSu4ReI1KmqgZsee+24MiusiUONpOlnrVV42Ze7me06c1hPf/wAOS8VzG8ZRGRwfOM8iATWntx2csK0N6P8AfzEdvOjSloR9h2zb5buQyFbpVLkyHzCQip1Cvic8cS9vXEneyZrqmmh+3bZY7q/imaIwWduQVkiqiE05sKGnsOD52qnC0Zly35pJvXczv1Y7ZS5upd3SHpsY1W3uV5mFAGjn8TpGpG+HDHoftmfjirXocLvMbV2zSvTLt2ft/t63N+3V3KReqYhRiCQKIGz+UUqRhXceu8r8DTVtVgYe3rvqy7jfidI5usfqbdlYgEKM6jh7MYVRy7TDHWiEo0D8kltu0Jjjnja8i/s3VvlfI0ZRnQ4DLSuSsN+roDWaOY0K0SXS2btJLqoSGikqSDXOhHEY5fGExza5aFWScsyqo6gjBYsDXyA0+YfDlhbqxq0CFndyshlBHmahA1ZLxp4jBUvqLvRbEJupYr8yNoWCagYjKnGoy/fic9Z6F8Fxjqia0SG3nZ+qZFY5SEEEA88XSKuZBu3ZbFsXaQxFrlSozIkUEgqWJGYGCmN1+P4inWXoLkfq32xFus+37gJrFUfRBdOpMUijMMrAVofccdHHgd68qufLr8jnZc/C3GygaYLqw3CMXG33MVxBLx6bB1z9xyOfPCbYnW3g30NGPKrLTUp3kCMWCVyFRXiRwrTHX7Duk/Q/wAyUe4FljKtTHVEnFM64Io0DdbuO12C7u5W0GRXevOr/AC40PaTLVeqDyf6q9xyTWKWHW8ryhunU0IzzIryxm7bG+TszVlvokgH21v6bJ2zNZkLG99MZJZAfPJGFAUN4Ae/AdzieS2g7trqm4XuOxdztO07b1HCRDa7phojQt1V1yGISMtAoq2XHnXCrYbunBs39r3uGublGoKtdyv8AfryLY1CyS7tNFbqJWKipoq1PKlKk8sTD2qxqXpAXffcFlt6R2uexrXtffdqk3W+iurFQY2t7PqmNGXMayBUqSKhvHjgM2VOrVdWYqqbS5Q3b33PskkFqwj6rSVWybMmhzyrTM15459npEbGnHRz8whsHdU9hpRpyiKD8hoRqNdNfZji58mTl6G18jrP7erV1UsNbrvFzvVmbrpMtqF6LblpORPyorZBs+OGZO67nhzvXlXaf7mSnZY8duM+r/r/IJ2SHdhdQwvJFOSSUeI9IZVpqUnPLl44zXS7jTG9X/wBg8lVWstDRHv8AabYTJeyxogyBdgATyC15nF9riXa2lrnb42/qYr4nkWmge2+92Tdkb6nSZRWnmFU1jPSRwqMdv7f3ePKn7vptbp/Qwdx298bTXQz7vvZu+exdxvu9uybhLvYigm3vYp2Z1GgANOgJ/KMyhDDwIx3MGGqT4uV0M1snKFZa+IN7B772/ubuZt8azgs7uaESz2cMgYRLp0kkkLm8hqfLnnxxzfuHe+w+Vk3rp5hdv29rWaQ4bubq1tH3DZBYQyTzPLvI3DqvHdq4+UAGgaopwyXIUxnwffFkpNlEfqP/ANBq8V6iZ2z2F2f3BZXM25W6XVzds6QXAZibbSzALFpNMm8fZjX2mVWmq0k0d5W9LLlujGe5dj3vtLf7qQ2atCsjKJShICk/I6scv62NeLKrLi3FkL+l8ktGMQ7/AIpba23OwlWznsolivLZw3SKxgtGygBiPN5PDMcMT2+hpWRLXdP9Cl3Pe7TZ95XO/TIILS+t4b20hjOoDqIBIwVacZFbEyK168a9TM61pkbe6Le1+p97NMtvsyys+nzUUggE8dP78Y/9BrdwPrmVugRtryTcd3f+IXFYoRrkh6jSIzcWZnYmn8/hheTDGgyuSNgBv/qBum+b7DBscxtLO3pFFLENHVNamTIVCD8I8Mal2FGk7qX+wqvdWUqr0G3b+7962S5n2+a5G4WCANczXQ1EBjp8gUDMsdVGOCv2dGnx0B9xtyx1se3Iu5e31FxP1YJVLwaQqgyEFQWoD5WXiK5Yw9th4VhPqVnvLkRtnmj2fcbqf6m+VgxtzFOzyiBYiFaOPI0CEU44bls3stS8VUuug9beY9z2syWF/FbQNXWGQu5PPqLlSvH24TSie+gxuPMq7HNtfbC3N1f3sE0xZmSVV6bec1KqGLM/Hxw+1NNIcA2u2vALbv3CGeO5tr5F1Bo2DISNK8Gp78q44GSzu5e5ooqr5A7au442fSRprQcT5q8c/DCL42jQmmglbb/aXW9S7fBG308MQnkuw2WsHKNPHhXjgvaSryb1b2M7yW5cY0jcg2DvG53G2kjvtue1ViQHbzKyk0rqXJSRwU54PNhrRTWyt/H9ReK1ruHV1GILYj9KOOizIGorGuQHPjjLp0Q6LdXsWmka2uIoFDGICihvMQ1SMG5q0l0AVeSbK972b2/fwFPpEUZtVBVSCeatqX7saPOu/ihLyPa2q8wHYellvYbzb322Xb2Co4eSGEkLKgNSjofL5qUNKY048136XFl57mW+DHPKs1flsN13ZM8qTI1HTyyLX5lPHARFk1ujTW+kPYC39u0crKfwmlfHHp8V5qmY7Iq6cNBKXq73O0Uv8NhmpDGoEgBAUUHPDcj1gTjUKTz7352/dy29vvtrdQXMDoepAhPUi0EqTwo/DkcTHkS9LJer3QjRXFzJ1ZJn6gICqTy40Hsw+EtEKrZvVmmyepO5N6PWnbkP/loSLecUrlHKZF/+mmMax2WZy/TuaeVeG2pnG29w7ntm5Je2LhbmMFF1DUCrZFT7/HGrJirasPYVXI09By2fuvedzvFa9eIIDVkjSlQBVqkljjnZO3pVaGymWz3GW83NJNviuoT5kkIqAAQVYg/txgyYjdiyRqiva92m43OPbrhVZgpcKlKtQ/jpmo+7Crdm+HJHX7f7lV24W0t8dBh3Hu/dTaxWskrJaoaxW65ICBSvtxhvidlx6HSxdvinkodvEk2TeGk3Kza5lcK8qISg1MAx4jGb/VW3QX3Nq1o43NOls9hhtbVjaR7juMV0bgXbsTIjMxIyJpkrAU8MaO6uq4ooq8n112POY+V7OXFYiBqtbbbd7sxDLCbDckGqG5jUJKKZB1YfOvJlNRyx0eyvXuMXDLXjf41T/cxZbXw2mr5U8Ony8vIE3Xc+1bTDuGzdxiK/hhVYr4NHSN0lplIjVXgQcssTts77e7o1LTDzdr7tVeuisZxd9x+nfZNhJt9js7hZ55ZoAjAvpdq1lmYs2lMlGRyxmtiv3eSzt9HT+iNFKPClD1e4V3WXeN87Kk3LbI4f8NHHfGyLF2a2LMHYMBRguknSRUjDK/aOMuVprEGjD3VKZEnL5aSd9vd+w7m3Xm2prPoKG3C8toq2teAeRlH6dRlVvtwfuWtZWS+lamfue29vTlM7TuNG5W/a3dEkMd3KltdFNLX1VKvGBWjV8rGmQw6+fFmaVnxt4mGqviTj1LwAt92D6a7Lv1nc7dtnWkCkNcOC0EtQQwNKRyGnEaaYX3XdVo1XHZ2XXqMw87p8kkFe5fT/ALE7t2aTt62sbTbzIsfRu4II+tCUYNWJuIOgFeNM+GNfb/cK2uklGhkvgtVS9TOti9JxtHeu87Rte3bhNZWdzE1tfMUXTE0eoN1ToWTjwGNOfla3pUodhyKtFL1LPfPps24dobzu2qWz3XaLWWNYImXTcCB2eSSfp1V3lWpFOHtwGFzZ8o0fx+RLWjbqYZs2z93xTQXVjtV1oNJIZtBVSOTBmoMa7ZKpS2iqpzEGpbvcbZa9l7df91aoNyiudKxW6q8lwVJPTahA4qGJJwir5ykHZwWOzO5d9toWbYv1bacGZLK4WtKgtlQ5VCn5Wz9+MuTE62gJOUaAqDe9kka9txaXdx+u0aqUo5ALgV8xqKg1xlVpbkbxiIPLe77jeLvl1FeyyCS1mlgVYmaMKEYqKafdX247WLHVVUGa9m3qG+39xs4pzuN6zTMUZdss6GRpW+UyPqqqoM6e3hwwjucdrLjXTxYdLJ7msemu57VMku33Npqv3dZY1unZx0wP7tTkjcn0/NkTjh/cseSiW0F9rjrWzX5fHkWu6+3L6a7hl26llHrJELKzI2pfkama+xhwxl7buVWeak0Z+3tdLg4a1GrZO39lFuiyXLG5RB1HRiqBuJOedMZnkra2wxrJWssqdCayZoYyhjjc1ANdVSMgeFM+NcBbdmjG5QYiult7VZAutV8gdBmFpkTTPCYgtrkwta3EMqpoATWtfMARUGla8c6YOvhsIvVolMyW80Vu8qws7EKrMB1K8lrxI9mG1raIS23E2tXd9dgqyU8knmAAopyINfH78aL1jR6/uZ0+qIbmTpLqoDycD281wNr8RlKyUN0iWSKOcfiGlvev+rHe7HLyp8jPkUMD6M6Y6HQWeafUXfbu83pZZJD9KAHSIkklixqTyNABjRjWgp2hiztO+TQXckB1tYSEu8Y/ASfmHhXni8uNNT1BV9S5PF2+YHWFzEGBJUHh9uAq7SW0gBBeSQmSykmP0MranVDRWYfKcx7Mxh1lKlbi04cPYuW8KGOttCrSMQGWhr7cKs31Y6vkEdos72S9RbNiGIPVRRmF4fCpywm1lGo+yiIC3dOzXcM9ra219NFasv8AjtGootMy+kEeFM8DiyV1lLyAyUtpDgZNk2Pbdtto02q2aWadAZL2XyySA5gsWppHsxlzWtkcM2dvxxrQD903d9TS9zEoQ6VjjJJapz0sOOKx4Un4jr9y400HvsK1tzHYrOXa5+admbIVYUHwUHGDuFQ0878TXYtq7d3bd7SZb+SKOyt2imjt2ZFeQtVSXGTaM60+3C75e1s61taElqYlfNjq/T9T6jBYGSyoJdEpj1BHLAtTx4ZasZcXevBvFkpjX43E5Esm2hm3fnf/AGbfbZe2++Wws7tZ3tI9w4FlBKqyyJU0anyuMsdSme2aiTryyRM+HkMxY7YteUU8DzZvO4M928scjS0cokrNqqqtQUPChHhjq4aRWNhWTJNpPQHpjuG97L2kveG4GGft6ZRa3EdS860kMfUKgENFqYqwrXnSgwm019a/x6DLuuVrHtbox/7M3Ds+97Rk2yKJ7fbLovEOkW0zKTq1LIvmBI5NmBjJg7nFWjrdROkeIPdUyrKrJzZfoX7HsjYNuvYLzbg6G3YkW0r9WJgQVpRhkc6g4WsFK25UWvg9ULv3N7qLfmtA/c2Oz7vaSWkqfTu1CdNEIZeBp/oxSp2+dtR7eTr0/NdfwM/LJiae6BeyXEKbvcCRVe6hrbVBBKlTmp+6mM3Z5uOdq31bGvuMbeNNbbgLuXvPeVvLm22YwC2VtMlwwLSqRRXZVrTLPiMNy/cmsjrXaTTg+2p41a0zAn98eou2dv2MuwT2UwbeXQxz6TLGBK3nZ6lmJZkpp4Y1YldqyXzM9kk02xXv97aaSxeS+jS0vJRC6pGeorBSyr82gDy6fZiVxclo22NbgyX1BvN1m324SSSa4260NLUsDpRXJA10FA3I1446XbVqq6GTM3Oof9Ju57q2u7mJ7hYIFttCs4qNSvqXmOFThXevRDcFZRpln3dvS2e27mxVvqVlDWDJSiqaiUyAnSaEeU+OOXlST3NWCrstVqZ9fdr7dd7lLfXcSvd3EzymIHUil21UYkeahPuw6vcXjTQ6vbfaKv15Py/qcXNjGt8jyBWa30mC6QBWSmQ4fhGG4MsB972dbViFV9P6DL2TtU19vtxezsLFoIDo0FmUzltIpWrKunM5n7MJ+65quiSOHixWq9TWtrvFuU0TMC6UJqKmoHEfvx5ixstWNgD3xbXQCosbLayoVvFSqaiOaMOWHYVDT6oFxejq9mZVZXV+u6y2+2bi8VrE5iHmYsGHzAqtF0/tx2snH21a1U7M4uPDb3HWlmkv3NU7e3WlpHb7iTJdxrpmuFpV2BNDwz8pGOHnVeTaUI7WFWVUm5sH7fetoa+exW7i+oCB4kDBmUEHwrQjPy4F4bKvJr09GB7tXbjPq8AHvHbXcm8d02F9MFG2WM3UkBJQ6VIoY2Q1qSBlXLGvBnWOl9HLMvc4ebrDUI0qNusyvSmoE6Bnw4DC1rr4lWXHQ6aFmUr+fiDnz8MXD/MpXghuYw9lIgABShov83L9mOp2GTWAMniAen+rTHZFHlnu3b5rm1EsQ1SRk1UcSvOnu441Y7QzPdSJVqbhJ2ZVNNJDgjl/qw60QAtzuSeTSUrQHOvPFJBWUliDtvfry3S6gsne3fOOQlFDAGmWojAPLVOGy+DeyHXZdla3hAl0i8ZM8wMq/KG8cYsmVfgaKUaD+0bbZ2c8cFsqG7u2rI65jygmlf5VxmtdsckU+5Z4khuYUcO0Veu4Fc6VI99OWLxy2XbYBDu7a0slsrxJI5FUB5VZzw9oII91MavZbcoT7iiCpsl1Y3W4lirvIuqS1BU0QLwMjHn/AC44rLRqozDdOxqe39md12+yT7u8iaraMTDbZCVkMbVDMUHAqPHPHByZK5G6rod+mTFVqv8A26j/ANmyzNJZRSWjyXV2A1vDqCMVpUyecUMdAfNjnU+12yW3+Px0MXd5Uk42RosW17hJcqLqFY4WWp0PqAp+Emi543V+y2vkXPSj8P2OU+5qqvi9TyR637vcb13huO42dvMuw2hFtaTlCsUjqdDzLWlQW8qnwz547/a1x1s0muTe3l4Cs3uWqtHxQE7T2KLua3RpUeJ4HW3mmXJJNIFOPl1aPmOA7zO8O3XU1dpi9xa9D0R6adjJF2vLaX7yTbNIztabdI+oFiaNI5ABoGHlXxzxl7Ve6+V/yQfd3WO0U3XX+BYggk2PuKSzjnZYbJnWzhLHQqOQSdPy1agqaYy51vXzG/UuXijTdp7immhUyipIFSM8Z/dshTxBqXc7SG0aeWhLjRGDx1Hw/bjN3WWtcVrWUuIXz6FVxO1kkZ76iWm62W6bd3jsU88N8NG3zW1u1RM8hrC00R8j80FfHF/b+6tkr/j/ACo/r5eA3HiorcbT/AixbV3DtF0zX92j311M0lsbhjQSTNqZZX8AS2eNeXEr3Tajx/rB2MfeKuB41r4eS8PPyG3uzee35O15LxIxuN3bukMd5AQyQyLn52rSgDGozxvxuFqcV1m2hl1l23fbXuDzbraGe63KXVZbezmOi3HlWUNyYcfuxpp3CT26EeKax5jVv8+w7VsC7Rv0Bls5lE+6LbrIWZI2FCxjAYnUB5vZhdL2teal5VVV12K7+nWw7Vsu2Xm2wXEc15c9RmkYy9K1lq9Jx8n6a6VBHOuZweTL7ici8dbUagr3kjyyq6TSNaoztaW5CrGFpk9BzYDInGNpbHp/t/b6c7L+/wDY6urGKDYY7yTKeeXTDFmKqOJGVMHpEnRVm8nHoil0VXSXAcVBNOfxwpuA8teQ89hi1RpYUYq0hDqMiCVFKfAYTls3qed77Fx1Qy2k4SctG69bW2kAccjSp8PZjjW1bYhLSGT3aW+72b2944SZM9KnQDnQ1ywKtHzKVeL02Kc+z7LtVuJYLKM18zyUViDlVtRH+vBPJZ9SVrLK+67W+8L0beFYpLlTSRGMflPlNCKZ1+OCpd1clXooaYI2zsAdu3Av+kHuEqpmLMzUY55nI18cNz91a64t6foZ8GHHW0pamhbPucpiD8HNRQnkeWMuPLau24zNhT+QVtOJVmFPmBApkPCgzxox1TM2QvgKqlwS6sAKn2/vzw5JKdZM2+hyQhJUtlShrkcwQfuxrx2VbJkewv8ARP1PT56tPxrTHb5aSAefruwXqMpXyk8MPkXANbty1JeTSOBri3kIqFCx7R26K5ErQBqMGIbzUodXlB4cMA8raCVUmNdlai7gS+V2iSN2VEemltIK1oOVeGMbUD5kqXW7bZt6TNB07qZsjJQeSnGjDUBiOjehacahH0pl2Xc+7hJv8YfaLOFrl4VBJZxQIXAIJReJpzpywzHWlX6heW12vTuU+8r/ALf3vf8Ac/owlmJ2E8VqVzMTUVT5Rp4KCRhWSzr6kvTOgdGvpf1QZxuewRxXoUN1JpT5EyIJUEjOmNna9w76Cc2NLUD/AFLJbtH5uDVrlVzwy8BjZBntPQ3T0b7i3fuyu3SxSFLJFF5d5MjKaqqBq6g0grqXwqced7n7XxyzR+l9PD+x2sffp49V61+Xz+ZrM1ykO+W27JJDcNHA9lZOh/s49YaRSMqLrjH2YV3GbJSGrTXw8IE0x1smohh7tCTetv264/j+5xX1oih4JlVlejFi4kLFvzAKBjodnkbmW2t4/gxdzRNrioK3qL2bZ93duXHby2trbR3AU9Z1EcsbowZdBVG0HLNvuxpeSIVONX5i6LrZtryMwln7Q2e6sdij29rHbbe3ZIpYNLI8sdA4Z66mZ82L44fdXeSbvp08Ts9tjtWK16jd2tvG3QlLOyvDPA51RxutHDEfqHwZTSvsOA7PPVWhSvn+pXeYLNcrLX4gz31Kutuk70azgu1N1EiyXUULAuqnII1K0JIGXH7sdLNVpu0aMRhtV149STdu5N47S7Yt9wuYhKZJ1t4zITU6lZh5VFSVVc6HGXH2lsjbWiGWyUrowV256qSdw7zHZ3EjmWQUtAwCR665xooJIJ8W44yfcPtd+E7x8SOwd1jnilE9TZO3b+zuNpubi/pFBAyxpLKdNJctDpq5hjkcZvtHa+3yvbwj8wO8T5JV3Mz9YOyLu5X/AKi27cmktYyBd2Wlmk0MKCYNX5V4aFWueO122fBd24ubLxETk0T0qKfpx3X2xY2j7Due4QPZXd2rs7kqiqxAkB1hdIOkcR44d3GHI3KqSl6LrqaF3wdnn3xO7Bfw3dlBCttY21vKDRowzvISpI8zPQeGByLk0o0LwvinJmMPce4b1uoM41vbow+pjXQhXX8p8fZ7OWHWw+3XcvDmWS8JfiM/1e4bhcov1MxsI4RHcQVqjSKaLoPFS1aMPjjJKS2Ot23b8r6l6C1gtlmmvArxMQKgeXI0ULw4fb4YkLdnYtZuFU/bkYLy4trKNxJaWgUhqihds3pSvCtPH2YG9vUqrZBYU61d3pa3wjhtjI8zLR0qpXgKjNaV5+3FsjzhjYLC4tJUuVOaMGAOR+zPicAnqcrumrSmVd7722vbN5FndSy7fAhjuZLpSrmVSamNVYf3maHPGHF2Vrptep66fz+G5xc/d+3bjZR5jcNw2jckXcLJ1ZbhVeNjVagjgQGpUcxjBmpxs0+hq7a/Kia2LqRSukiSRBg9EMcekggDOgXwGFQxjaJLS3gYxBGCv+AV+UHM0z9nhi1XkDazQcRLZ4GjuF6qEeWOoNa+/DKKEzHeZ0IYthsyyPbkwuwJXPyj7c8UsKcPZ/oE+4spT1QEn2vvkbzatZzou3q4N3GyCYlRkTGaqRX4UwzDCTVquz6QxWWzbmtkl1THKKKZENAw1AjQx4Hh8Phh9KWX4/HxAm1k2Rs0qKdWR0kMWHmpwqtOOGVu19Xh4FtTsDtP/uun26/+Gv7cdfm/Z8xcamIblEnXcUyrljosWwdNRYmzp7sBfYuoPuL2C2tJbi5YxWxosjj5wGNMqZ1r4YkaQtyp1llDeN/gftYPYa5FhfpMrgqEDiupvzVPHPFYKJZPUFks+OgiW27l2Wzv5pl2wtruYomoXAzzyp7ssb2uout5UPY1Lt3tmx7f9Nb7urcozr3WNodohno7JHNVIdNRk0nzH2YyZXyYS0M+snMBM7zO87AGR2b5tIoAfYOWFZm76RoXjpx16lPdN+luZLND5AhZlk99QKU+/Grt8PEVky8nAEubglipNTXjjTAps3j/AC1dsvulhuTwbtdWd/FdxS/w5WCWkkaL5Tc0UyMJNTLpVhwxizutrKv6jVNVIbs27523f2uNzTbhZXVxKtvtlrLWRWicgvbqdXUXLzBtOOdm7Wurr9Sf4P8AA6eK1rKHtH5fiaptm92d+9nY2W5w2V9OeuqnSJX6Z80aRNTnmwpw4YHBW0L/ABtu2ZsyVW5UrYFd62m+bbZ7hvG83E023QK0sv0okdAo8Yoxq9lDl44DJ2ea1m/qnw+NAsXcYkkloeXe4O9pN53eCWxjmhgQ6YreR6qFOWqimgJHGmN+LslSjVgrd2+Sa6Ftd/3eNBHbs+tcwyOylM6g1HAg+GM/+pROTa/uFrKHWQp6UbJtc/cx3bcyrNa6y73EgOu5kY/q0Ok0VebH5saO6y+hVXX9jl4sT5OxpHqNHc9xbSLEbcwnl0nZgy1dY4z1JrhQp4yAKnsHxwFMzjiluAqN5JeyA/astptm2WzRQRxTSxI1yqUBMhFSWb5mFccLuMreR6tqT2nadpX21ok4+NR32/dLXfLJtvvVrPaMt9bUy6vTrriIoNQKksB7MHztfHai0tuv5X9DL3vZ8Gsi+nZ+Xgzk987RPtN7b3NpDcSI5lttRoQwzTzcQOWB7O6rVp1WrOfl7ZqyaZX3D0t7G7vnjuLXbYE3aMrJfWKyLGHqK6WaI083DUDpOOvizW2o4f6fgYclFXW608epkveV7233J3Ukfasdr28Nth+j+kEGiO5aFjqkZUoCRmBlqIFcbvevRetSKp2ytpV/mFJiLKyjt2SJLiNdMrQsxiNACCmsK1KHnjn58qs5U/idbtMDrWGhi2TbYpO27afQZBfB7iUgGpQnQmY4DSMvfhaUHWxRDXiR79NbRJbbdLCwEpExk1gBUrp0Rl8tZAyqcFNdrbD8dbfVR7adf4Oe2YvqrhI2KhSaRhs2alDpoK5hTqzpjG8TnwNHc5kkP0tizSIzpoBTScjqFcuHgR5s8a/mcNZfj4/I4+jaQxxJUEFqpwqa5FqeGMzWsEs+pX3TsjbN1u+pPpYg6dLDVq/nGuXlPIYydzltRynuzM2mtUmH4+2Ctk1rHITHHExidR5STQgMPGoxiSbbXSBfvpax1K21bJuMFvLUgPbghoq0kyFTyzy5YUqvWN0Py56uPMi3Dab+HcBJC7UIJYE6RnStKe/EtWPmXjyp1CSSXjuVuaLFJQAR5BdArXhx5+3A6/h/QXCW24esja6X6kyKsShpauF6atmGYV8o554048fJ+Rzs2WCzbvNJJqZ46IwZZFOTAD58jSh44KqbtrEp/DBtx46bNE1tfQ38SzW08dzCWIVo2DDy8VqMq42RZvURXjGhWmJEivVkjrQEk5H24RtZPWDQto6lfpJ/E9OerpcedaccdXi/a4+f8SJnqYPvNw0dyygZ1PHnzx0r2aYKUgK4kS7U6WIIrRCeB92ATkjUFQ7PNuBEd8U6IWtT4L4AHji7XVdUDWre4S2LtG7u7OXaNrie+jZZLlm8ulUWgctTguX24Dm7OfAZCotQb/8AHWw328lNJWzu7aZozC/6aSKVGpf6J1eU8Dywf+3ZLzAWJPXoS9492bx3rZ7L2mm1sm6bfMYIrSxq4dreMxhkjpWpUV8AMOw1cytZ/kG0Ja6C9252pHe2l/Ne3Wh7Oc2pspRocSjJg9cxnkAeeKzX4taF0UrcHbpsOz7XvEUVxrkt4YXnukiBkSM1ojHT8qlsNx5bWqxV8arYELt1vdq95ZA6AzaYmpWgPH34Y7taMqtU9UaH2R3/AGnbtjabVYvI19fuRetGjM4kcFV+UVOjLhjHmwOznojRS6SgobP6ibz23vqz7hbtdTxnSyzGoKjkhNfKOWNCpV61HLuNONi1vW/23efd+23m2yHb3WqXNwQWETs2tQtKFqVNPfxwjK+FLSvOAMkZL14vZbnp7sqdrbarm0G/XG53cFoJS1+I2jiOlwpJjVW0sVzVmOQ9uF9n3FLKZiNzL3GGye25ivpN6R9u9xpv227/AAyWXclrLrtb+3kyRK6WKwnyOhlzqa1XIFSMPx5q306PULMrUhoX++O05+wraDatyEFzut60shuYZOKAgIREwDgU+FeeE3xPl5D8eZcSh2xsllZTRW3cLtZS7gpkhoatRBmqVoK6cz44HI+T0+lBV0Wv1MgsO5N427fZ7rdLx3twHtI7pWYIkVaxCMEllXKhArTEyYlZRQLFeH6hrtbfaL/tm637bNyt1Fi6pcbfI4WU6zQdNTx8cuIxzL9pZpt7r9T03YfcFzrjjS3XwjxFzc+9odsGuGNp7kfKiVWMMPzSfuGL7fsLXcv0/uae++60xV419dv0BG2jdt5+l3K53hbQyAqqxxARgV0sZRUajlnT4Y6Dpjo3VV/N/seYnJdK7sBbbet2tdwluo9ymhuoXaOC4tZZI9KA6SUII8rU4HG2uOtV6UZdb/UVZL1ppreCzT/ERya45xUyFqgk1+GJbZzsaKJSktxplvNwNsBeFi7CmYCig8TzPsxx7VU6HfwrxNq7djMuwbOIWArYKGU8KIxqtPGorgVrAWd8b2n/ALfwBe9LiUXthbXNsDYqHlVwDmzDS619mX24HNazrCNHY1UWsn6tiTadoSDcra7RJGiNGAowAWuQ4+FfccJV3GvQHNmmrXU0DcbNkVOk5dSg0yNnqULkfeDjZlWzRw8OTxKs1oJRGzFowpVqxNoYFWB01HInI14jCbuHI2ZUFgdRZnmrUagzcKKtc6UzAxkvXknJUKIOty7mtba+SK3cTEeWQ0NBQez5vEY5+V8baAYu1dqy9DvYtv3a3llvHvjdbaQAlncIOsgAGqTqAe08fHB8nas8dZ1+X8GL2+N+PLTp8w5avFfxJCFV2t9QfVpJC5mjcSMuGBrju6pNeMT4F3fBtzudXdmlqvU0lwUPm4tmPD2Vywd8fDXfQrHld9AWnb+zXc8FzdRtPKml9bA+ajBgrH8ShqHScsLwXdPpb+NCdxRXmUhguoLacuiGrNqjmiHl5fhbl8MaMlKtuPq2a/o/6CKN1Wu3Q/WVpYbfYC1t4xbKhokYqAtTmefHD+SVNW+XnIvjrpscExzK6aAGBKunEahll+7AY2raRr1Xn8bDWmitpX+NaM6dOlfbpx1ekef/AMRfT48TEO7LBUu5FrQ1zX3Gox0clZBq4FN7CbQXjak2eY51wLqXINnjv5poYrxawBvPpFA3hqxTUETY2+n/AHnddvb69v0Uh22Z4oZXFdSg5gjL5c8xwwi9ZUp6jIWzNO7w7P7Zvdvj3/aZFEuoz/pPqQSGquQor8wqrf6QMDkSVJX4oVhUWhl3sr0bstj7og74td1/icy20ytaxRqELTRgao21E6vLTPxxuwY2qelqxnz5VZw1xMyuvRLe5e+N7N7YrutxuLtuF08SUECTyM6wI7EAOebA18MLtly2fFL1IfSuNVlvQF3t6Nw3TcIY9qjsYNvRVeSSJY+s6MVaMrx0pppRsZ+NqqW9fDwNCabiNPHxFDuTYEtrO333aIUjguyHulRdIBYUzUZDzZGnDGqmSfTZ/ITbGlqgr2P3L2Rtm3zQybbLL3TenQl5VBCihQoRnY1SrAltKk0PPDc+PmlroBilMreo3pzvFlDt25zX0F9uO5o8ohtqiCJABohUtWp4+c0r4YJKuNJdC7VdpfWQ/wCj/o3tHefaFzuNvu91tnddlemG4hCo8KxChC9NgNRkQmjasmHDEu6uaxPgIV7Vfgbf212dY7Xt09i95JdrcIYrtZkRRItKFWVRXHEyY001SzpZ9d4NlsjcStgz25tO27XeGS2XRpUxs7uWIStci5rStOJxyvtXdZ/9h1vrxcMvudaGZeq19F3f3ltW2bHaQ325bFO73nUKFZkU1jij01ctG4ZqU5ZVBx621rOrRmw0SXJ7Gbb7PHPeJeXsMkko1o0hhkWNDGR1YkMgXNWIDDjjE1ZLyNadWxRmkG9bsltNSO1RqRpUhnZiFpUAgHPLGnDWKz1K+q0dC/3f2VY7D3JHtbXDizugpspKnqhJPkVyoHmJriO+7QbUOJgFd39sb5sX0trcXQeyudT2hYaHJSgZWTidOrji8GStpcag5ua05ShUuYZ4f0pSwAzAqaUPgMbK2T1RjvVrRncV1C0CQ0PU1qC44heB/wBOKtVpyNplrCXUfe3YNvimWNIFVQlHcfO9BxZuOZOOP3F7Nbnd7SlU4SPt3PHcRMiEEVqh48DlhKTT1OnRp7GxemG6JNs1uGIJsJdGnmUmIy/7WFYnuvB/uT7rj9Ta/wA1+3wgj3/tsh2uSZIeoLB2uTGGo3Tppbln5fN8MFlq7KEZft+aLr/yUF/0w3pN62+SwuqSSWmcLsKnQfwkjkDzxXay3wsI+74fasr105bjhLY28fVsB5UiOlYxXUgOerPj41xsday6eBya5G4t4gd7YpKYjTyN83EZEjljK6dDcrypLgijZCw5gg4XenUXyZRk2y0jma6KgO2kE01A05lPdjmd1Ti+THrK2uISkezaJow2mRwUiZaoDQ5rn+bnjM2np1fx+ohVsnPRFKTueW0kgs9p243aSyETvblUKCg41oG95ywzDlq5rPHwM3dYclWrRPiHN2kaaOKsmmSSqs6ClFplWnP24vPeYber/AnbqG9NCuh6fTVmDggUD+UnnSoIz54Sm9P50/Ua9ZLxtCUd7d3E2ktpfOjUy4jhjdj7dOYbTgyvJ0cQVNrivrXaraK9mNzdhayzktViajV5icvfg8t24cRP/E/8oHHSNJksANHH1q1UsKDgQQacfdiYq8Vy8w7OXAJ+ul+u+pqK6q8MtNf9GOhyftc/Ofj8CuKmBD707Z3EU3AxNocASGhoHXJh92OvZMzppiP0SrZihwDCglS2SVSrDPhgGEgTdWskMjyOmhVodRGRZTXCHKHIfNu3Vtvikt2atpMpfSOAamen+kKfZhGWsoum4H7U9XZto3+52y1L/wAMuJaN1ARGtzQZxtwJyAYHFvDdUlOGU+FraoObb6hd/R99X23NE73N4kk0ISJWlVOmBE76iFVEIoTTwwWKtm+cvn1LyVpHGPT0MY3Xed827dN0smdzL1WjvFkAkbUSWerA/mJzxsrTkk2KtaNEMAvfrvTebcLee3iNky2u4Wkj0lYvkrwp7argPa9ZfuaGZTSG8u/01ILUC6RmSOeWNyfFaikm3CNQl7avts7T7f399/W9mmDfUbJ/yYyT+LUauPcMZMuaj0THqmSYso4h/wBL+/dp2nfrh0vYke8dFms/ldjQKGXKjNUDKtcY8/uVauk9OoSrS01nU23Yro7jPPeLUpJKWoQVIr5q09ta4x4rO+R2fiTJXjVLyIL7cY7+XuPZYJYY7qK2gh2+aShVZrxGoX8dLip9mOlj9lWlx6upkfPp0FPY/R+07S7js+4bnup9y3hZC8kCRRRiTqCjtQu705DB93nrjqmnOoeJ2yTWIUHf+Yy0jl2PbN0gOtXna2miBzq6Flcf7hB9+KyrnVXq/mTtlFnVrU83DatzuroS7crHQdRKnSVIzGZ8eWCpmrVRY01xtuUj0N6ddoLaPabtvsqXnc5jDqspEhgjJAbQD+I1AZ/gMsJeSX6WTK29xj3fZe1f4fdbD3V07m33GWW8jvZwkbrJI+oGF/7tosgufDxzw73vbtD+mxnWJ3UrdHna72lduutyjv1S4tdvnkjglQeV40OUj05t+XlgXeY49TZSn/YQb66t7mV54oREdRIAyIBPCgxurVpQzK7JvlAW27dHSKN1ajDyt+zGXJi1N+LPEMuW00ty0scADPGNTVIHHhhF6Jas34Mzs4W5oHpdvn0m7raSkCK9XpMCaAPxU1/pZYwv03no9Du93T3MKt1Wv9TXhPI9uzyuJvO0coKgaV4Bf51OBrxxbtDPP8If6oW+3t9se3u+bywNsttDKSrqmalWoyOoA8DwphS5Yby3K/g2dxheftk5m1TS98RNML2l2Jb+3VZHBoWMTkhWen4WpTG3u6NJXq5aPPdpdS62XpZBPHHfWsbBOnKgqoyyZSfKfZXFT7lU0oY6reOzW6BcF5J9fJFLAVhiClLjUCGc1Dro+ZSvjwNcItBoddA6LVHjWjFlda0NDz8cDmwJrXZmVXaBe87dbrHpSUpDOmnM+aNy3HLx5HHF7jFXG9Ho0bO3zWe61X6h3arOCytqKoUaQpKhSWyzr78NxLgm/wCmpz8+R3sdT2kU2rpudYpStSKUHEYlsCunD1Krkdd0fJLMNAQH/UWhjJzYMpwTw+h669Pmilk18iY0UgNVXdDq5cfaPH24ZtE7tfHwwNzm4EFVt5RRtORU51yPDngsnFNUsunQus/UiRnhWCUg6iKgrSn8ssbEqqrcyxaTbQtVHXrXLXWvsrjfx/8AX+BfUqX/AHHd9ydg2u5Wij/FwxzXKgVBkA0S090inHTzNmXEkmZHMH6p1ihrzxmHkkJAYe3ngWEWL17VbStwodCQpHgTzzwFg0QX+7W0NuZTQRxIG+BFKj34Q10DQoTw27RmWZQipL1q8hqzY4bWSh/27vjbO1exreGArfb5vF3M/wBZMokuIbJdOiLW+pitKBK5AHD+U14x8ysWBO/JvQzL1O3fap902662uxS0vJhIL2VCx6pqtCymlCM+GG4oaajRF93SGvFilJHNeKZHAt2QUXykdQGtGFeRpTBaIzpNndqyWoAUDqn5z4ezCcnqOn2mNU1e417duUW4QRwz9NZrdCsZY6eonHQTUDUPwk+7HOtR0fk/0OploslZW6Aa2kcO7s8J6sVBKug1JjY8j4qcbufphnBdNZRte19391bOtlDHctfwXNvW2kUKs2sipikZwQ7KvmQkV8a0xycmNJq1XEPVdDTSismrL5MVpP8AqTbd9/jNxvf8Tm35mnfVqRgsR0KjxnJGQeSi8KeGHd5et6rTYDtMLq4kZd+3/uVtkW6tAtpdRPGsVwxWrhjoESVB8xLV+GOX27pbIqvX+DpLF0XUTdxse8LpTPvt8ZXhK9JrlmZyrluAUFQo5nLLHaoqw2tILt2LraE+Sfl+45bT3B292Nvu2bHtEUW+pcAR7gUCOWL+Z5A7eXXUZLX5fhipas7z6YMlu3bpxh1tOho2jtdd5j33a5GtLmRWhurE5RyrJSjAPmjJT8J04C+fFulxfgZvZypcbaoXfW+62+87RbMSyweZkBoSGGlhX3HDVnrZ1h6g48LSc7HnDc+5rq6sxbwL9LaldJXJnK+HgPhjdjwJOXqxdszahaC7qAbJj78aYFIsxm5mjJjKxihLMT4c/AYCF1IrPoRbezpcHRIyswpqRiK+wkccTL9I/tFF9xs2C7eCRPMQ8bVDc8s8cfuqSe0+25Jx8X0PQXbe9/xLaYblR1GdencjTUI6ZkkLyI83+zGSzbrPVHM7rBwu1+Xx+gP742h57Rdyt4NV/YyxhLgMQwtyfNXLzaG92kHFzzo0wuyzcL8W/Tbf5j76Y9yWu4dtJBPLFJuFuOndSKoVXIOXlz4A5Y2dn3NWuERHj1RwfunY3xZOXRke6S7lYbsI4ok/hBUSfXO5WUuW+VYgM0K/iL5HlgbVWNteenyDxTk/L8mKXdHeSQCf+HOrXhC0cnItUVFKcdPPAKytaDRno8WF2s+Ph5gXbu4N3vWU3VzKAlQojkcnPLgAvHGhYdfI87bubNS3qOe0R9CEWLytIyjqRksSCrn5kJ1ZV+/Cu8+2Vy1/8hnbd9bG/FDMm5yRW8UJctJmmkipDmhocvsx57M7Y/Q3LX7nUpSt/UlCLadUR9aQtFp+fUPI4c0ApWvHF1q45OUv0ci7NTC1JorZUuXkV20qdXitKZ6hjRjxJWlT/HnKF2vKgjvbm4t5JL0RhrNtHUAGagmnLl+zFZLWq3kSmjifjw/kvHVNKs+ouAx3KglKBSK19prn7sa1ZZOm3x+gmHXqD7q4eOFoGFHSqtlQ1Hif2YvE22qPdMZC3A1DWnOmOzGgoSf8t3csFxt9/wBs3hDCEm8s0bnG9FuE+Hlb7cdS66mFM++oOzW1ju0306aI2NVB5DGG9YZro5RmXde83G32IFs5illLATAAldIByrlni8dE3qS1hL2643eSV9xa4lltdYiuHkk1EswJXyE1PDiBlhtqqCtSSS+3m+2sstzElpbO0fS0s0sgA1DXyAAagxntwraI1Y6tLWq7TCR3BvKPtdH60lwziOUSCkYi50OVaDFOsWGUxtrqfH3hbvdetJ5bdAVgA8x6eonlkDh99EXgh2hhftrtC+7l3ozwRPPPpcW9uKBUVF1VJPNsYMnczGNdTqf6ap/7bvb9CLuyyun2ey3JounFbubeijSser8FBwAZchgu3u3oY8mNK4sxbLuz2Eu5xxNPaAknSQXUAVJ0DzaRzxsidAK2alzKB8O4wzE2unKby9QkinsFMW8Lr6vAT/t83x6MtbS24bPvcRaNpIo2V5ECk1hYipyHDA5lXLj8/wCReLlhyQ1K/g12TZr+N/8A27rXD2ZS+2+1WRxJJEFqTEoOkvFXUBTMVGOLhsuXr1q9H/U1ZW+Ppfx4BuHYp7m7e23CE2tzG4kaGQZ287oAGr+Rx5W9lOYwruJVePRj8F1KsCu45p73rl+rBHs0/RtIJRppLDTqyFeZLHynwpTGbBieJJf5W3+PI7nYUrktyfiMFs0t7bwzxymK3uY6TqM6sM3SnPPgPjjZR6eRrslVtNTZAx+3dn3CZtA+nlDfpCtGFDzYac/cMWmmxlr2qtdQys3d+2NH0p49xgjA0pKKPQe0eHuOCsnVaM5lsGK/SDNPUC+v983R71FFuCqq1sjEAstauRkNR92HYrpbg/6LShamd3O3XKk1JAB4EY6VM6OTl+32I4tvjJPVkI9wocE83gJXZRuENs3FdrMgjtluIeKh+Orjnk2F5K+5u4Y3DX2pisogsUuNx3KeeRArzMWag0KCTwA9mCyNVqkgMFbXu7Nbh8WqQX0NtWjMU1y1yAc0zy5ca4yvHyrJtt90fbX4qvLT5Gn2Nzc7BuLLbNp28Msc8PEdNm8zAjzFgK0xgxZE0cb/AO2y3yq2Ryv0NH2+RLmF/Mk6yLQxNRkZDzIz4qfiMLXp+R3MvigFFsE3aO7Hdtria62lnBlsowTJBQmtPzoDw5gccXkVpVq7o0e8u4x+3dxbo/Ei9Uu6Jrrb7K5huIQHqIRAX1rGwqwl1UGrVyGGZr+4qtv1eX6yV9o7f27WTX5/wZSm4y645WarLXUx4sCa6Ti8duJp+5dhTPXXdbPwG3Z+4oppIQbWUDItENJNeAPhU41vvKV8Ty6//P524mseI/p9bcQRtDEY7qMO9pGzglnUAtEc6r1MqfzqYdi7quSOjMXdfbsmKX9SXVB5d3jvtvhnin1QyTKZYFouny1CMMiCrNq8fHHL7dNdzaturenQb3CnFWy8EWou4LqENbTKbu3lBDplrjB4HXSmocc8b8nZ0cpLS26+Opjrmachm1u7eSyilt2cszKojlBQjVTM5eGdccrLj9pJTrOhtx356l6ASSwyxMq6GDKQTma8cVhrZ1dYXUl2k0yOC3ltnWM5UyLKTnWlK1wWHFajS+PIu1lZSC99nD3OhSpWMUOdW1HPG3FrkemiW5aUVBlfNXGwE8t9j9x3Ox79YbtCSJLKUMyA01IfLIh/pKSMdVqTCj1nunam0dy9ureWDGeaeJZ7K4r/AGkbiq6h40yPtxmti08xlcsPXYwTvPtC8hElpewshBNKilCOYwqrdWPakTdq2y22qw3OOeN5ricKLQAZDiGqeXLEyNtqCV0WoFtNrvbWJloq/USfMxoAae08gMXaivZDMfcPFVwtzRe0vQe+7nsV3CXcY7Lby3TaeVhq1ZVUIKCtTTM4GlHMbFZO8kh9Tu0e0exrS22u33lrncg6mSzVErpU1YuFrp1Hx44G2Nt6al4s3V6D36WjbtpvYZpa22og6ZQUoG9rZHI+OPK9xktjzVvulY9H3OZZsLrXwEL1V7kijvt82fa4kj2zdZQzRHzDqK2tpIzTy6yuoAcK49B2eRZLu1dK/v5nI7jG6Y1yfqFTsDufcNhvjY/Ri/g3D9AWkhUAsSKaWYjpsPzfDHUcbmKl2oQu772zNZ36vB/5S5aQQSrwDxuVNDl4VwqncJpp7oLJ2r5prRM0gpf7t25JdW8CNul3YvbSqydPWxFFIyGb01Ly1Y4tsVa5KzKqrSdGmdqluOvKsBvt66u4LPYUjWKw3exhiaCWFjRJoVHn0nP9QZSDgSW8cFkzf+x3rpH6iaYIoq21k0zft32nftos+5YnFruURFjutu/4anOJqfkY642/EhwfdNXxp7vp/QT29HS7r0+NRZ702u53HYZbyFSbqyFL+GlWeBQBrH86Pn/N92Odjc6dTufb+4VL8Xs9vn/f9wH6f7tBLDNtt0f02p5wRqUjOo+GLVuD12Z3O+pPqr9VRhv9rjjnGllYMT05xlq9jU51wd6PdbGbFnlfwXNrjtHYCZzE4IJYHS+pflzpy/2YXXJ4iO4q96oE9w9lWO4yPLC5WaRiodcwWIqS2omhPjivegPF3LUJrQzjvDsXdthmgW86ci3EfUhkiOoMOBFaCtPZjVh7hNGjFkpmTdegqyWYGTLn/LLGtZBV8K6kbWOkAolSTmRwGD9wR7CXQ7ihkXIKcsC7DK44CG2L1p5Fp5kULn/ONP2kYuYr8zzP3vJORV/6r+5odtdRX6vpyngVdaHjUqCje5h+/HOy4/btH+L2OPmwOqrb/G6/5XzQS7X7oaxm/h+4OERy/SlzpG5+1tBrmOXLEu1VeTPW/bp7rBySXKkV06pL9zRbe+iuPJKUSegUMpDB6gFSKcv5wwymm4m+JrVbCd392XPuML3VsBFfBR1LatBKQSdVeGpgQB9/sc8aev8Akau07p1cb1/YyCa0uob4xyxvAq16gZGDJpFSSDlT24ip5amnP3fGtrKGktPGRq7CvrO5idpJNMqnSYxQgctWeZrjZTtqpzB43ufuWfKknaEvDT8zQ91O0XFl1rq+Fl0IzJDPGdLjTQkiM/PyyHsocHm7al1rp8ge1+4ZMUr6qvdP40Em97nuI4G3a0q7XkjW7JGukNc0JaZRU0DUZxXgT4Uwu+OvPm/qS1YHvN1eOq9Lcr+g4do72lxaC1aPVegBkjkYLHpPFtdT7a88Au+pVak/0sho9rexptlmlxLHOEjjWqVoDyp+YMV5442TKnq9U/0n+pspja06hfrWzFGJAXJ1GdcPV6SvADizu8kCL1Gcx9M1Ryci54L48M8beDb06fEC6/uK91IXcseJ4400rxUDSDKtOdK4Mo8jXCfS3lR8jn78dNOUYWoZ6L/y5+oIktn7UvJKywBp9qLH5oznNCPavzr8cVZdSRI1eplrPeijwZDNHAqCPfjLl1H4YMiudqTWVZKGvhjO2aIGLsPsTY+4N2Fvu8Ql2+ECV4TkGYHygnwrxwtX9SU7lZVFR/3j0m7R3bb7rb2ie2YsWtry1boyRSKfJIoj0AlCB82RwWGirZw2/mZ7uUtEeavUf0d7r7QlE+4Kl7YXMhSHcbckrI5GqkqN50cjxr7zjYrolXJN2h3ze2kQ2vdg15bKoWJ3H6kacAGP4gOWOf3Pa1s5Rvw9w66Mp94WZuLmKSwUyRSnUpzLahlpXjyOK7SKbhdxkd0Ldjvt9tc80LBjCUdZIXFF6mkhGkqNTaWNdNcdPSJRil7Dx2Vs9zvXbJS9DtZBgtlK6ZakJbqpUebzVVscfu7ql5X1dToYnyrHQZtusu77Kwj3Xc47U7IZzYRCNyZy4zGpeS5Gg48+GJkx1tj5IVS1lk4voNPb/aHbe6b3YzX4e0uh16SJIwE7SR0RHUnSGibzpppXPjjPjzqODS+Y3NWy9Sb+RLv+xXVtNeQRKHnZAl3a5abmJPkZa/3kZJ0Hmp04SrWxzR7GjHetofx/wXLBd2sBt1/e0Mt5bqZIR5xVGMZWX2lePjhWZcWrV+aKo1aV4fGgldxdvf8ATHdUy2qn+HXKrdWLHP8ARkFdBPPptVMH3KTiNmpX4nqvtvcLPhl/WvTb5r+wa2rdoNwVbeRqTCmk5UYDln+IcvvwGHK16X+AOfA6epbBD6e4MyRSxElTTqqrVIHAsBUcMVarYjnVKU/wDD7VbybU0bsUadZBrc6VWQUCCoGmjauZHhUYbjwUddXqYX3FlfTZft1/L+4g7lZCfZbRbtGjEbPAk8xZ41CZKIVByVueXLFUvut3u/8Ak6dEq3fHaFov5+XT5iLc7K6XBrKoXOjpUqT8c8PplTGZm0pSBFwoTUA1dNKZEc88aa6mS+Z1SbRGnUPEkA514jEcD0WdslW1vgzkjqnpu4z06uB93jXF2bsoXQ8/927Be28innM/gNVruUNndK0pCSaSiS5qla6gpJ4KTyPDkeWEOrvWN/3PMe7bg671mfkyPu/6y2ubO/Eemyu4wYZ0dXUSHNo30/JIo/C2fPFLA+Cb1PZf/mM9FhdZ9XKY8gt2r379OiWt4DPaCtFrRkqa1Q8s+XDGaLU80d3uOzrk9VdLfG5qNhvlpuFuHglju4GQeWvTkQVGpSprxXmMsasWatnocDN21sb1TT/NMznvMy2lyt3b3Dmzn1R6CxyZhQqy/lYYmRNOUdPt1W9ONlqZnY7pb7HuckkU0kvScqgjooNKZkGvjTHVxzaqcange9xKmW1U5SZHunct1uO8STs7NEzkRRvSqpU6Ey5iv24dxMsDTJMR23aWom6TLdxvUioMhDKFGfHOp9mM+Sq1kfglOV01Idv3aVHqZfOPmAJUgjwxzMmM7tWaP2X3pbbf+nfGsABfUV1lSFotfZ+zGF44toTJXkhjtO+N/wB7uPptitligSh+plHkQDn/ALMNx4L20Wn8CnWldbDUjXS2scdxcNcyqPPI2VWPEgcsdbDi4VSmTJZpuUoK7ZmuGwUfvp5NPVplXB8dAZPLG5be08bkCpUVFB9tPdjbW0Ge1Sr29vN7te4297aymC+spFlhlHJ0NR7wcNFHs/sfuzZu9O1odxWNCWGi7tj/AHNwoq6f0T8ynwwpomqehm/eVpbybjI1nB04wSKDMZYwZYnQ349tSp2xcX1lfFYVJ64C1H4aGpY+ymOdnT5KOppSTq56E3fPf25/xyx2ezuJ4UjAjm+llMLmSQqRqkFTSONSWy5+OHxZLySOdkU2SXUV/UDfN87lv0RSI9ttB07WFgWY8mkdialmpzweO2nq3NHCNhcsu1HLiSU1PJQKccXa4damg9qen+2xbbLul9CXeSogUnQqqMy39bhgaxZS9iWs04RiPfux3829Xv0tq81tGzPI0SkqBxzpWlMO7TIktWTNVtnoftft6K07A7fS4bq3L2yVm06DoYVQBRkAqke/jjl9zVP1bcmx2O7mPCDi0B2u7nSeMnb7goNxiArooCq3Ua55qraXpxX3YDts8eiz9L/Qblx8vUvqQMaOKa93PZLoFmsZvppJYyQJImUTWd1DIvNomGY/EpxXdYHhtuXhzc1JJttnuMMk1zu25Pe3HUVYZnCqDAI9Pmp+KoWvjhVr1vWFuElD02JnuYJ7iOCJslbWaVGQ5+3COLS1HIv+odpDd9gxX+kfWbdL0tQzKwzk0r7NQxop68SfWlo/C39/3NP2rK8fcuv+N1P4r+xidnuc1tcq6sfIeGJbGmj2DSag1LtrvO1mWP6jSzqNOo5NTwB/ccLx5XTR6o4nd9g9eI3RXVjf2DQW10sMsh8+Q1EEg0CPVfhjXW9LLRqTjZMN6W1Tj46kEnb+3SIjq2cTiVYVPSGvlqTw+H3YXft1q1owq91bZ/KdxE7v7Svr28utxS4jgJCAWrxsqFgtD51ryGZpgsdVWsNm/BlS4qJ31nx8hG3HtDebYGSS3ibprrkWOVWKrStcwAfgcaK0esD3lraN0UIzZREpJGyvzqKrmOOXHAuQLc+gIubVFv2jlkKxSAnhppUVyr44fRuNtRGS0Uc7RBXvbt5ZjK0pLtTWxHCgpwHuw6uC3gc/D9y7fFjVJenkGu3d7ijc2bTtLbXBWJobiJZYmq1ATG3m0r41HswXstavR+X8+Jxu77rHa6tirwt47foixA/ZN6zJ1bnY7mp6Ur/4i2YctYydPfXL24FY6WUPc9JXuu7wbxkX5WJJf41ssiO0gktWI6N7bvrhavAhhw9xxizdmjpdt91x5lH+Xg9y7vXd99dbRJavc9ZHAGmQK7A5ZqxGofA4PBRyk3oY/uNYxWtjUWjo406/oZzMqFvy+AGZ+zHaSPCli2sGiaO4ZaMc4weQ4VwN8qWg/F21silbBS9l686LEz/SxEdANQMPFzTLVjM7SzV7XCkL6mWNvF0ZCVYirEkMAa/bXCb0TH1tGiNQ7H7akvUE13ChhHygqfMftwmvbJuS752katYWUNrAqRxrGv5VAA+7G2lEjJa0ksi1ywUApnyK3DElzpjTN28Bi61kjZk//wA4bZ/8j/wzy/wD/wAn9bXLraqV406dfLq8c+GG8XEgclMCVDaoTU148AMGWLPcW0NaTi6hWkb56R48Sv7xh1LSJvWGNHpR6iz9p74lwS0u1XemPcbVT8yVykUfnQ5r9nPFtSAj1xb2uwb7tkNxAI5rS5RZYZ4gAHVhUMMvt9uFuiehXO1WVk7F2aN9aBlbkRSueFPtqh/7FinF6Y9rW4YwWoEzszSXElZJWLmrFpGq2Z9uLfb1ZVczQJ3n0xsDBJNEwQopPDjhVu2XQdXuJM4axW0uSjKWRDz505Y5+VOHBtozree4dznt2/UZEVdJUZKBw4cMYfV1NCrXoKVrfbG26rZbqJoNr6cjzvCpdmdl8oIXMhjxONaWgDlHY9btl2vbrK1WC7lis4unBZdMhlUZKutjp4Djhf8AoZbvdFWz0qtmM3aHeN/3cs1z9ELW4ggE3QR9ZEJbTobVTU2YNQtOWMmbA1ZpOY6m+2D28NMltOfTw8C1a2lhbS3VxZx6Z7uSIyKWqIliDDQi8tWqtcLd26wxXHWS86xois1CinMEcjhaZa1OEhhhr0R8+fUfMnmePDFWbYaL1jq3LbN02ds3v7WWOJSagyxr1Iqe9kp8cP7Xd1/7L9VqgL24Wrf/AK2X5PRmC30fRcNwD5gHlzpjQlJ7DBnTUPc/Wm4SxMCrEe7AWoapkPWXcNwKAuT4g4z2woC2NMJN3Lumn9K6kQcaBiRX3GuIk0KfbY+qRQue4946qyGcVBJbyjzVFM/swxVXVAvtq9NCZe+7qGAxfTxNWtOY81K5EezDaOy2EX7OrcyCJ+47aa8inexiVoyCyoqqrkZ1YCmdcOs3byArg4qJbPm/d5iaaOaytUs5I1ZQVCy6lddLKwkDChrh2O7ag53cdjV1dbPkmL67ukrUutuiuFJzZF6LU961H3YbXktmcXL9mq/pbr+pas32S2vAw1xdQaikgDGMj5TqXjQ8sFa1rLzOfm+1ZqrRp/HmBt5ntheyiCgg1HQRX5a8gc8FTG2drJ3ipRO71gtbPuChfpreZgSCxt2FUbxop8uLtjtXVmb38Odx/l+TJJNukeI3GmkJbTHTyhmBqQviF5092IoWsQBktkfoVpXjGwPtLK5munMw6UMbaZHCirH+bUeGNbyJKTkU7e7s6xsEXAL6jH5eATMgDkMYnLcnXUUrxXQsQbe70pU15YtCXY0LsnsCe6kjuruMpb1qFORf/Vgq05C7Xg2Pb9sitowiIFCgAAZADGhVRndpLpjypTEaKk/Jbl2CjniJFSY766ep67fDJ2hsM3+OlFN0uYznCjD+zBH42B/qj2nDaUkC1o+Zg30CdDo/31K6KcsaI0EyaTblqnUcgcZzUdXsFvcW7xuNSOMwOIpzHhiJkakRb+zm2y7NRWM51HAg/iH78PTkz2rBrfor6untu4Tad1kZ9huHqsnzG1kbi4H5D+MfEYjRW56mtrmG5hSWJ1dHUOjoQysrCoZSOIPLAyKagkpiyjiWJJEKOKqeIxTQScCH37Ybdb2/Uit1SQA+YDjjNmojXgs2YJ31e7gkdvcW7lIo5gLyNF1Fo2yGX9KmMawps2e40HGs+0do7fv9x3eI3bJZyppaQgdVkIEiBfxayAuFYn64iS8suu8GNdpPb3t0dvvNpl3Sd0LRyWj9O4iIFWkrRg4XiVIx1Hi10f4GBSaf/l/3LYk7pu591vktUS2eOymlcRB5GkCvmfKfJyxzn29VbU7Hc/cMmXCqx8/wNA77tLPaZ475WEVtct5rtP7APyEv4otXJs18aYyZe0a2aaYGDLK+QDk3qNwY2qCp8c6HgQQc68qZeGMTwurNFbJnE27upFCErkA3BfbgVjGSS7Tv0m27na3cjh2EilTyquf7sWk0+VVrXUq6VlxfUQfVqy+i7tlNkC23bmov9tZaaOnKfMoI5xvqUjHRxUTUrY2dp3TdUn9VdH8fqK6Rzoil8zzpgLLU72LNK1Jo7ggihzwDoaPdLkW5SKeNQeIOB4Fu5YF/byZSLSvMYtVF2sdtY2ky1Ryo9mDVRNsrRWfaI6n9TL4YJIU8pDJtdn+Ji3xw1Ga9pKG4z2tnCwtxSQ5A8aYbVSZb2SFz6uQSagczxONCoYL5JPzCZwZaHSeDHhh1PA4nfp856HyGKaoIrQfLTx9mGPwMMhqz3a+WYdSYrAFASNvMoVRQBQQcJvjUB4816P0s1219PbmXbbW5ntWikuIkkMZGY1iuY5ZcsJeNnTpnmqnc6i9LL2WQaIiB7csWsbI8qGzYPSu1tHEt4eowzEYGQPtwyuHxEWy+A8W+2RRKqqD5RQAnj78NgU7FoR5U/wBmLgGT6IixoozOJBJMy9Y/VyDtO2fYdkdZu5rhP1ZB5ltI2Hzt/wB4R8i/E+0q0kF2PNAaTrGWUtcXk76hqJd3kc11NzJJONCUCmaJ/wDDu4/9LfX9Zv8AqSn1X0tRo6dP7Cv/ADKZ+FfLipD4HSg18xy/lXhjOPLQThSp1DERCpuW1peW7JKKUzRwM1J9/LxGLraCnWRHmhn2u6aOQfp15Zge0fzTh6c7GdqDY/SD1lm7eMe1bq7z7Ex/TceaS1LHMoK+aPxX4jFNEep6dsNxs7+1iubWZJ4JlDxTRsGR1PNSMDIpqCwcWQA92bTFfbdJqrqAOmnjheSsodivDMA33a3jmkimRgoJAJGMcG6ZFHuyC7v9pj21AFhh01bMltHy1xWOqVuRV22oM92+Pc9s3Jp4xJG6xyws0fldRKhQ08cmx0E0ZtRw7N2ACxSOdchUkEeJxzM9tTo4VCHg7zfWNgbGSt3Y6dAhkNSq0+UVrVfYcZXVs0JrcTTftt9xS1VnhOo/TFjpTVmNLcV+HxwSTahl3VW56haLe5JkEkq6oAKMD8yf0qcR/OHxphDwr/HfwJya+rbxCaSRzRdOtUYZZcBjLZNOR1XJbuLWLdtj/hUwH1FkTNtTaa0Y0Dx1/K4+8YPFkafzCq+LkSWtTp0uoDjJwBShHHjjZCZtrmaKNxtpzZBni+I9d2UJI54+Irie2NXdoiF0ynPE4Bf7EluLeVVdJ4ezEVAHnOJt5y8v34NUFWzlCbdpD+KnuwxUM9s4OmkmuTpRWc+wVw6lYMeXMfYFiiSkqhJObcScaEjg9xmtZ+RbgVZ3CirE5KApOLehmhs07YPR7uK62Ke6gkghlu0VRbyeWRog2pl6jCiaiF558Dlim3GgXts+doekvd03dVrDdWVxt9vaSLLPdvGCiqp1AAk6WLDLKvtwCkXWrbPS7WyuxLDicONMnz6VRkBiFScmIeGIQ4eFHUqygg8QeYxCSfhGWNAMUQyX1c9bbbtwTbB2y6XXcBGi5uxR4rPxB5PN4LwX8WeWGVoA7Hm6aaZp3nnd7m+uXLyO5LySSMc2YnMknDUoANG9Pu14tsdN63HTJuTDVaREahCD+Kn/ADPDw9/AXYfTHGrH3+NHp8Br8NP6dafNT5uPs4YkhiS0QJJy/l8cIIfnmeNVNMs6k1Ay92IQ/fVao9WRP4edcQhQ3DbrfcLYoVpItSH5j7eK4OrgG1ZE2WK62u40MKxnzArmNJ/Ep5jDU5ENQaR6Z+rm7drShEP1e0SNqnsGalCeLxMa6H+488U1JD1H2n3psPdG3Le7XciaPISxnyyxMfwypxU/ceRwO24t1DrKCMxUYsqRN7y7Qhv4WliQa+dBhOSkmjFkEbafS83czdaZUjBzU1rhVccj7ZUh42v0y7UsrdkeyjuZHHmklUH7PDDliSM7zNsAb12FtVtIz2tt04zwCcBjPkwI1Ys7ETethaIMFGXjjLakG2l0xPvNsRWby54CR6SgHSxvb1Kg045cajCsmLlDW5avx0ZVtdzubUyOsZMC+Z4qZgc2T3c1+zwwVsPJa7iZdNV9Jfk7wsoIxdLNp0UKmuZoa0GErtLTAT7isSFY7K57k2L/AKqt7dEXV072OFgyllA/VAHmUn8SkeJFRh/B0cdA8Hcqyh7gubbwyFXGR4j78HVjrEL2KMMxXBJA82Uptoidj5anBwD7rKzdr9QeVCCeYri1ALz28T8vZdR5w/twegDz2Pn/AElBG1ejr8Aa/vxJF+5Zl+HYmChY4wB4AYuRVizD2He3b0it9TEjiCefswauZrYx57Y9F7x5UmuR0EBBqRn9mCSbAcI1ax7KtI1T6mea4ZPl1uaD3AYPguoHuMYre3it4hFGNKLwHH9uCSgGSCOxmTcZrxrqV0ljSKOzJHQj0sWLqtK62rQmvAYkELJXEIcMgxCFW+ubWxtJry7kWG1t0Mk0rsEVUHFmZiAB78QuTz16n/5grncll2bsxntbFqpcb0RpmlXgRbKc41P5z5jy04bWgtsxaKORpltbKN57mVtMaKNTszHhlWpODK3Nf7N9FWht1vd5nC7hICTABURDw1cC1OY4cMBa0mmmONWaLt/ZW1WpFLUOyEE6jUVNfEsBkT7MDqMlBn6Oyp0uiNFNWjSmmta+HHniSVxMYdTpyqfGvt92FlEc6gxaShY/m5D7sQgGcdKXWHo1TnQnMDLLELPzSXCKrCoRjmynymvHP4YsjK08MFwGguKaRQg8CtRxDHwxacC7VF2+22922QyR+aEnJhkp94/C33YarSJtWAx2r3pumzbhHf7XdvaXceRK8CPyOpyZTzBFMW0UelPTz172XeVist80bZuRookJpayn+a5/syfysaeBwERsC6yawrxTLVSCCK09hxJAiAXd7W0cnXtfK/EryOAdRtb9GSWl+G/Tl8kg4g4tWJapPNbxzIQwBBxbQKcC1vPacU6sUXjywm+KTRjzQZ3vPZ6xu3lzxlvig3UzyLF726BUaMJdYNVbJ7gW62Z0qUFCOFORwI/koEHu7teSBXv7ZKQg1uYhwWvF1H5fEcvdjXgydGcvucEepbBj0p77ue1dxfWguLCcdO5tHzDRn5viORxWbG3qv+RWNqIZo/c+zbbHbxb5s0yzbDeEdE1GuB2/upRxU1+XxxnWONtvjR/GpupnnR/V8bC/9OCQKUJ4DBJBu4z9o9mx7rMeqCEHhhuOnIRly8R4T042e3FSxP2Yf7KMv+w2U73s61YdO0t2bxY8MU6eBayvqVY/Td2IM2mMEhRqIGZNAMD7fiX74f2z0126Ah5xrYcsGsSFWzsaLTZLC1AEUSrT2DDFVIS7tlsIBypggT7SmIWfRXliEO6YhD433eOIQS+/vVbtLsuEpuE/1O6MtYNptyGuGrwL18sS/wA5/gDglWSnY8w+oHqj3P3pOf4nMLbakbVbbTCx6CEcGkJoZX/nN8AMMVYBF7Ydi3ruG/Wy2iAuzECSY5RoCaVZuQxZEpPQnp36Y7X2wguNH1e4stJ71lzFeKwg5ov3n7sUx1Ul8x5ltwCCgAUU1AZ1Fc/2YBoYrHyOFlfUjEafwjIZ+B9uJBJP1ZtVNRrXTwNKcePGvLFF6GLNRWozBW/EG454WWcllWpLaV8Rl7qYhQLvLOgZgSwOVdNTn+/wxCA5ZjCzLTWj1VozWlK5Ee0Hhiyz7Ha9S6BgJMTLqVqVpSmR/o4hTLk9kjxlWWtRQlqGo9vvxAWhL3PZKSyyWvl0MVAB8AK0J/ZhtbeIq1PAp226z27iO5FB+bl/qwcAGo9h+tHcvbaxwRzC/wBsX/0VwxIUf9048yfDL2YB1IegOzfWbtDuQRw/UCy3Bsvo7ohGJ/7t/kf7j7MVqgXQcriztroVXJxwPAjAtJlqzQPkk3CwPmHViHPngXKD0sRnuXbmGmR+m3MNie4ie0wDu9xY3BJjlRvYCMLtDH0TQu3NlE1cssJdTRWwKuNk6p8q192FOg6uWCS09Orm9+ZAEYUOoZEHI5Hjgq4WwLdykZF6reku7dlzjcLdDPsN24Ecqg/4eU/3MnhX8B5jLiMba101MFrKdBc7d7xv9shePVrhZlWa3Y+WSMnNfu48sjicAlkNv7I2XbO6UWWzkXWiByrZNoalSB7G8re33jCng102Hf7Gmpq+ydqWe2RaY6lj8xwyuNIz3yuwX+ji5ivvwcCuR0II14KMSCSfjGhIJUGnCuJBD4yVpxFM8suGKIfqYhD4RiEPlBwxCz9koqTQe3EIAO7e/u0+1Lbq75uEdq7CsVtm9xJ/4cCVc+80Htxaq2STz/33/mS7i3YS2fbEbbJYGqm9ch75wfykVSD+rVvbhlaQC3Jjc148kzuWae4mbU7sS7ux4lmNWJODIMfZ/Ym4dxbgqTEpApBmp+Ee0/m9n7MVIVanortbtGw2vb0s7O3SOFaVp+Ij8THmTihmiGJbBIjTUQvKhPwrXFFSSPEaUPmI4A0yBzxCJnccIJDFaNybh7+HHFFyS/T+bXXycOJ8eFeHDEKkXtw9HrSVGNruGkfh1KGHu8pwPAP3V4CZu/pb3FYK0kbw3MAGo6GocuB0nA8GGrVYmObmGTozlHLHSYw1TXnUUNKUwJbRXne3q2u01D2MCPZzFMWDJWaYI46FtJFIFajRlSD/AEgTTEgkn6DcLqZCdSJHmA6jzHx0g14eOISQZct+o8Te1w35q8T9uCQLKFxYWlwD1FFaZsvHPBJi2gJc7dd2RMlu+qLwOX3HBzIEHdtvpUhLgFSOfL7cSCSaP2h60937CEjtr0XtitALO7rIgA5I1dafBsC6lybH21/mP7Wv1SHeoZdsmbi7AzQH3Og1qPevxwMMqEOpi7X7ltfqdsu4plYf2sDrIn9bSTp+OF2qnuHS7Qqbt2JvUZMloesgzHTNfuwi2J9DTXNXqLs8HcFm1JUkWniD+/CWmh6dWFti7qS0kVb23Dj89KHB0yxuBfFOzNH2juDZ76NejIFY/gbI41UyJmK+OyLu7bPtm87Xc7ZuMK3NheRmK4hbgynwPIg5g8jhqEnjr1G9NbvsvuSa0nrJt7Vm226P97DXLV/PT5WHj7DiDE5Lfph3jJsG5wSCToxu+tJG+VWzBDeKOvlbFBpyoPW+zbpbbrtsF/b5JMtSlalWHzKfdiCmoZcIxCjmmIQ+EYhZyRiFnDZZnIeJxTIQTXdvFGZXcLGPmkJCoPe7EKPtxSLgQO6/XbsLYEdEvhul6pIFnt1JmqPzzGkKfaT7MEqskmK93f5ju9N21w7Vo2G0ao1QHq3ZHtncUX+oo9+DVEU2ZRebnLcXEk8sj3FzKayzSM0kjHxZ2JYnBFHMdrcy/wBq3SjOenix/q4jZcDd2b2Td7pcxlEa3sSGMlwR530UqqH3H3YFsZWpvvbmx2u12sNrbRtHbxLRVamrI1qSACxzqcWWNltTV5APvFTxpiii4TVM6An7cQEheIuSTw4jwr8cQuT9CNHHiPjiEZay01/fnT9uIUJkl5vk0rRKpVAoXqFvOTq8zUFeFa+4jAmlQA+7f4mLKpLIZNWpAWAOoUAAqVIBTwzzpyxGUmjPmtjbEu6nqtzNOfuwEFNg65uiNQC1YVqw4D7KnEABxvJ3lVKhkYgENQZc+XMYhcElles6aKDy5ImfAGudcQh3dQq8LyMgcKCwNefwzxJJBDa2401ajMRUkk8TThSnjiSSCte2LTTIpzUAtkcvAccsXJTQP3PaYVjrIBkPj9uCVgHUANZywtWFyjfkOX3HByC0dx7vewECVSwHMf6MWCEts7pktZ1ntLmSzuFzEsTtG4/rKQcVBcmi7D6+d+bfpV76Pc4h+G8QM9P/ABUKSf8AFgHRFyP+1/5mbCZBHvWyyDk0ls6TL/uShT/x4p0IFx6l+jW8j9e4+hlbj1opYaH3qJU+/CnhTG1y2XUrXVz2pH+tsvcFtL+IRi4iY+PDUG+7CrYYHVzTuW9n9VbmwYRXB+pjXLLzfsxK3siXxVZf7pvO2/U3t2fYTFJBueky7ZcshYRTqMiSuYR/lf2YbXOm4Yi2B11R5Zlstzsruezu42tprF3huYnBDJIhoVI+FMPFSb76FeqFikY2PcJTHQaUZjUaV+V6/wA0eVv5tDyOB2CspXmbq99bIupmovHURQfaaYqQIBV93p2tY1+r3WzgI4iS5gU/ZrJ+7E1LgWdy9cfTiy1A7vHcOPwWySzk/FVC/fiQyQJ+8f5ndghDLtu23V0/4WmaO2T7us/7MXxZZn2/f5j+9bzUtl9LtcZ4NDH1pR/9ycuK+5RglQqTNN/7z3nepTJu243G4Py+okaRR7kJ0r8Bg0igMJ7mbKKMhRzHD7eGIQ+rZkms0lf5qZ/fwxJLgtW8QUhYU0E5V4sfj/owLZaRpXZHpg928d7vQMVtWq2xBDv/AE6fKPZiQGka3HtSWdvC1tGRBaNV41UUCaCDpAH3jFMNMNRQxIP05FUZcQaEHh7cSSoLdqJUYe+gHEZcq4sphOPUwrXnT/ZigCbQ1K14jP34hDgJyoKDw8cWQ60t4nT+WnPxxCivDtwjK0QDTQqQKHLgcxUjFluwC7u2ua4t2KgeVa6Rw48R7/ZiNBUZk+42Uih6immtTz/bhI1oWLmFQDqA08Atan3c8UVBQWJWlq3yqjEkeIU04YhaI7K3JYNUAZVxCBu2t2oUdCT+HmKccQkE6bdFnxjU8VB4nj7ae7FFlK6tIY7iIrVtQbXXiQKcz/oxCirdoXFWIrnyAFPhi0C0A7yzqTUVA41GWDTAaBU9jyFR9p/bgpKaKb7dHwavvxcgwVmtJInpG7KeOLkqCRZt0iAAJdeIy8cQo7G9XarpdKjFwST6d4Q/PHiQXJ8fc7VlyDKRwK1B+7EgqT9Bvt5atrtb66t5KUDRTSIRX2qRioJJJabrcT3UnXuJLiW4OppZmZ3Zv5zMSTiMiCm27xLY3KXFvIEngIZD7QeGBaCTGfd3bf7O53rb1IurcB7/AGupY6SM5YRU6gKeYYiRbciM+9Kc0Xj4YKAZIG3S8fJQfYMXBR9WLcJuLqnjU/uFcSS4Phslr+pKz+IUUH2n/RipJBJHBCp8sYr4t5j9+WJJcEwjd6Vz8MURBHathvtxuVgtYWlkbkOAHiTyGIWkbB2V6c2G2CO7u4/qrz2iqxkflHD4nEDSg0SFFhGsjSo8aHyk+zELOLiSVpAisI9dUOrKlKZnj454BsOtSWwmcKqs9HXyUfVnQ0IOqvOvH7MUmE0FoUDanUMudXGSiuXGnHwwSFMIR25rWleANDXlixbJQW1eY19+WIQkBibKun3A8sWUd6U0/Nlxry9+IUWo+jVdVNOk6qfu+OLKKu6fRdBur/LPnzxC1JkneP8ABuq/01dOXUpp41zpXLC7Qaa+Zne4dLVnXVU/Pwr7a4WWBuRpXVp9nGnOvLELPkGjUNPCnt4+2mIUHbTgvHTlSny6fhiMoueT4ZavHEIDrnR15K6tdMq8NOfDT9+IWUbmunyVpy8K4spg6bTnxplw/l+zFgMHPoypXTTP+XvwQJXl6Wf3e74YshSuel1cq1oePhi0UcrSjV+7EKIW6NRrppzr9mWLIRn6TSPlp9+JqURv9JTl/L34vUrQgPRr+CnKtMTUmhJF9NUUp1K+TT4+zE1JoSQ6Ou1eFc/fiyhk7e/iv10X8O1dbUunT7x91cCEiv3R/Cf47dfQaelq/U0U6fV/Hopyrx5VrTLEL0Kdvor/AKKYoh0NHXNK+3EIRSaNbU4VxZDuPpZavuxREE9u/hv1CfVa+lqGvp01U9mrLELN07M/6U/hafwrpaKjravm/r182r35eGIgxuh6OuOnxrSvDKlfLXFkLLUy1U01Grjq051pp9uKZSB930tEfUrp0mn8lwDHVO5Ka5NVerz4V15atVOfjXngWWgttuvy/np5+Fa09nOmDQu4UFK/i5Up83x/DixZYalD1eGVKcKe3FgHLVz8eVMWQ5yr/wB3X4/7MWQ//9k=',1),(36,'Mai Tai','Ron blanco, Ron rubio, Amareto, Jugo de piña, Jugo de naranja y Granadina',2,'Un delicioso trago para compatir con un grupo de amigos. Refrescante por la presencia de frutas tropicales y el ron, que a pesar de ser una bebida fuerte logra ser muy delicioso y fresco para las noches de verano.',2500,300,'data:image/jpeg;base64,/9j/4AAQSkZJRgABAgAAZABkAAD/7AARRHVja3kAAQAEAAAAPAAA/+4ADkFkb2JlAGTAAAAAAf/bAIQABgQEBAUEBgUFBgkGBQYJCwgGBggLDAoKCwoKDBAMDAwMDAwQDA4PEA8ODBMTFBQTExwbGxscHx8fHx8fHx8fHwEHBwcNDA0YEBAYGhURFRofHx8fHx8fHx8fHx8fHx8fHx8fHx8fHx8fHx8fHx8fHx8fHx8fHx8fHx8fHx8fHx8f/8AAEQgBkAGQAwERAAIRAQMRAf/EAKoAAAEFAQEBAAAAAAAAAAAAAAQBAgMFBgAHCAEAAwEBAQEBAAAAAAAAAAAAAAECAwQFBgcQAAEDAwMCBAQDBgMGBgMAAAEAAgMRIQQxEgVBBlFhIhNxgTIHkaEUscHRQlIjYhUI4XKCsjMW8JLCQyQXotJUEQEBAAIBAwQBAgQEBQMFAAAAARECAyESBDFBUQUTYSJxgTIU8JGxQqFSIxUGwdHh8XKCkjP/2gAMAwEAAhEDEQA/APmropaOogE6JkQoBEAhQCIJyCImRKIBKIDkByAmhFXIDQcXHolCrV4DaNAVxhsu8fQK4x2Eh1wtGWy/4p1aLDdD0PtnVvyURUekcUPQ1atdV9C0USrbWJg1TlrNDXxNI0TlTdAc+I0jRXKzsVOZgtINkIrPchgNobKbCyqIMFvumyMDuaDj8FlrJ4PLRYmK0AWRYuVZR47QEmkOMDUhUEmK09E8JtBTYbfBGCCPxADolgskbFRI0zRQJgjhUIALKhqDZBM3y2Hua6yMFXmndnGna80ss7D1eVcrAWPcKeSTbVmstuoQ0UmW3VOGq5RdMIkw5BOQbkE5AWCloWiAQhBETBCgEQCIIiCcmRCgEQHIDkATjNq4INpeLj+lERWiwyrY1bwusFcY7JfcuFTOtDwz6lqx3ZvSe2dW/JRFR6TxP0tWrXVoIfpCmujRKpbuQEcgsqjHeK7LaKLRz1n+RaKFJFU0dGyFAlXnHUJCao0OKBQJVcHNFlFbawqSrDHBVGdDStCaAcrQkEDgKpG5BlAQEcsdQgKnPxag2TTWJ7j4vfE+3QqdoTxPunAMOQ8EUWcb61iM5lCUNVHltuUBUzi6qKDpk5BOQbkE5AWKlo5BOKYIkZpQCFMnIIhTIiARBOQCIBQgxuGyrgkTUccyjAVWqNlximhVMqso5KBXGWx/ueofFUyrS8G6pasd0PTu2dW/JRD1ek8T9LVo11aCH6QlXRolUt3IBj1UZbq/L0K0c1Z7kdCkzqhc+kyVNecY+4Tio0mI6wRVwe1RW2pUlU1ycZ7BpVTMHKkYd5ukZtUGey6Al2VCYwFyMfcDZBM9yvH7mOFEFXjP3C4YsLpWt01WG3Sr0ryHkoqOcm3jPZjblEUqMgXKowpTIiA5AcgOQSyUtHAIDimRpSBCgyFMiIIiZEQHJkRIOQDmi6DWeAyrgkTSYo2tAVRnssMd1HKmdHMerjKnB/rCu+jOtZwAJLSsN2deods6t+SiHHpHEkbWrVrq0EJG0JVvpUyh0OQDHmyqMd6rssihWjCs9yRFChnWckcPe1U0LvjH6JxUafCcKC6a4smEUWda60tQhWTHOCcZ2h5XBNAOVwQYV7h4qThu4eKDPjeK6oIZHQhCodIxtEwrM2GMtKeEvPO9OGjycaQAXINFnya9BrcV86dx4LsfJkjcKFpKy1uY6Ix+c25VLU+QLlOGCcLqiIgEQHIDkEslLRyA5AIUA0oBEyIgnFMiIDkyIgOSM+NtXIC642P1V8Eiq8iNlbOiYX0cnEbChMKLSMbCNyB7gv1VZ6Isa/gcqgastmdj0rtrObVt/BRCj0fic5pa260aStJi5YIF0YayjmTNPVTdWs3K6UAapTU7yBZ8loGquRlaqsvNABurZ2s3yuc3Y66TO1nDmgzC6i1UXvG5gtdOVTS4WYKC6ZxbRZYpqjB5SHKb4pYPuQvyx4p4T3BJsweKBkDNnN8UqMhJM4eKmrgnja5kjmA0BowEdC+35CpQvWZP5KaDFzjjxfRE1rSSakupUkn5hA3kifFzWuGqEyppMkU1TPKuy8kUN0xWT56YFjkIrwjv7GYcp0jRrquazFb6V5pyMdKptYoskXKcUAfqqKmoBEByA5BLNS0cgEKAQoBqAQpk5BEKZEQHJk5AckabHbUhAX2AzawHxRE1YsdZUk9ktCnEU/3j4q5WdS4rS+QHwKrKLGr4pxbtCixnY23BZb2PbdQix6Fwuc8tbdVKcrW4WU8gXTXKtYsh9NU1ZPfO+mqYtV+VkuAN0JtUHIZz21umi1luT5FxBFUqjKm/VuDwarHaujSLjjM9xIoUpsu6tZx+Q5wF1pKirmPIeBqrRac7Kd4oLuQS5T/FBZAT5bh1Sp5V0+a+uqlUoR+Y49VK42XakL4cJuU8kNcHTy1pQNFQzzvSqqtuNl+R5F8vISuJvuNfjWp/NK1G96i8DLeSLoTlcxhzxqhWTJuPc9upTDM85xb/AG3apJrxTvzjchjnuoSAsrevVrpXl3JR2J6oreM3lNuURUV8gumEaZOQCIDkEs1LRyA4oBpQDUAiZOQHJwiIIiZOQHAJGNxWVISC9gFGgeCcTRANlSa4khOJpvuXVRnVzwsXuR1AqS4igVRNjW8fhuFC6ymprV8TjEubS4WdZbRu+GgcKKtURsMGI0CqNItYozRUaSRhog1bmRmhTRWb5OJ10IrIcpG8VKlMVZDiBRYcjs4lzxELqhZ6Ndo2XGxkALpjCrdrDRaRls4xuQlBKx1EABkRuU01bPG5TVQPDiSz5EcDB65XBjfi40SjSR6DyT48Dt54YKCT0tH+Bgo38Q0fii+ro9NXnbWPc+puSak+ZSYLrjYHWKZYajBg9IqFSpFh+m9OiF4VXKceHsNkFY8v7x7dbLHJ6fFTtrlM6Pn/ALq4w4eW9lKA1WE+HVrcxiM+OjimuKmUXVQISmTkAiA5AWalbkBxQCEIBtEAiA5MiIIiZVyCImDmC6RrPBZ6gfBIltEEyqVUmuKcTUbWufI1o6lNOGr4ECPH2tH8xunLgdrXYBrRRtsV1bHgccve0gJSsN49B4jA0NFcRI1OHhkAWTaSLKLFoEZVNTn41QjuO6gMnDJBsqRdVFyGBUGybOxkuZ48hpslUWM+zEIeAR1XNyOrivRo+KxBayNYvatXgYthZbRnVvHiGgsrRYccPyQWEMmF5ILAKbB8kqeAE/H+SlWE3BcXXkPdpeIeg/43+kfhUlKNdJ1G92PMj24jD/bia1lPzP7kl8nwz0OB6tEmdi+47BpSyoYaHExgAEZXIM9oUSyvsD5OMHNKqVNjHdxcc10b7dE2dj5s+6uC2DJDgKVK5r/U24/R5VyEVRVVWsUOQ2hRFByEyImTkAiAunRDwSweURbRLBym0TDqJGbRAIgEognJkRMnIBEySQtqVNNcYcdGg+KISwYLKomlcaJlXFyqM6lxBWdvxU7HrGq45giFD8VNrWRoOPymh4aeqjbYXV6J2w5hLfknq493qHDRNLW2WyY0uPEA0JWtdYKDQFNreauLQUZO6oJowQrlYba4VObAKFWxsZTmoBtNkqispIwNkHxWW8aaL7iaEhGq61/HsFAtIS5hjFAi0JDEEZGET4QjJBZYQgYBTQhIDuJgjhYZXECm6Vw8gNo/epdHHOikyAZpXSP+p5Lj8zVFTTYoBuSSusGMWVCLiJtGqa20h6SyPFWlOJ2jN8/G32X/AAVsK+YvvMQJ2gf1Ln2/racfo8jyBuaQrsaqLNi2uJUqV7lQImTkAiA08uM8BBA5G0QaKlkjyTakZC1BmEIBKIDk0kRCcmCUQBWLHVwSoXEDaAIhC26KoRkhVRNdG10jw1vVNFargu3y9zXFtSpsyJs2MXb/APbuz5qbq0mwWTBfjzA00WV1XltOz53GVoPSivWOPk9XsPBurG35LZnGog+kJVvonUOhyAjk0VRjyKzN0K1jn2ZPmvpKVZ1jst+13zWW69Vpw2RVwRqu1uOMkq0LWFleQuslTiYlSqo3JpDTFABPaXuDBq40HzQILzXCHjXBv/vENH+43+IH5pOi9IoqqWZ0ZuglphvpRUIt4XghKxprUqlqZK8NaqkRtWY7gnHsv+CtjtXzB95H1yG0/qXNf62nF6PKpDYrStVZlxhwKmnFRI2jk4ZiYIUERAbmZoorSqcyMA1CmnAu1RVQ7YkDXMQcROCZmBAcmklEEkZCTqmD/wBP5oA3EgINSPgpC0hiVEn2J4RaHnG1VCqw7dx/1GcG66ITXtHbnAN9ppLVaY1TeGZs+lLC4oOb4hrLgKLBk7tdnt5W1EjLkev8Cf7bVbONVj/SFNbaiFDojkBHJoqjHkVmZoVq59mU5r6XJVnWJ5QEVos9mmojhHv3NS1Gz0HiHHaFrCaGA2CKtMpMx5QQWYpkGjBdkxtbUFxoCOiS9J1JzuQ33BjtFogB+Ir/AAU+zXe+ypLrJM8ubJQpjI3GnoUwtsbI0ug5RfviiMK7gmXkgNN04VrG9x54ET79E2dfNX3WyxLkgA6OXPZ+5rxejzl1SrrUFO03U01VlMvWiFwNRMiFMGoJuZTZWhW5hU0wjRVyiqiYRgpKhTC0BGBlBJGOiYDFtCkZqpNOYKuCCFsZZMkrIquCVNZwQig8EQhjGgKoVONKJlgLkgUTTYu+woHP5YV+lTb1Rt6Pobg4Y2wMA8FqUXo2BtDRJaj51kTo7JVKn4ba3NaR1QnZ6pwDqxtVM41uN9IUVroIUOiOQEcmiqMd1ZmaFaufZl+YYSHJVnWN5GLc4hRTlF8RE1rgnrDyvZuey+OyHb8eP9KQ2RjwXWZZr9wpahNaitOq8jy/seTg3xZnV2a8Gu2uY0HD91cbmAB9caTcY9slKFwFbEeVx5Lfh+14eTpntv6o24do0G4UrW3iu+7TGfZkGmyomxGQutoB1J8Fy8vm8enD+XOdVzjt27Wa5zm8uFgMJLKG9gTb4r5Dyf8AyHnt/b+2OyePrAPEd7hk7ZsxrQxtQ9tCHG1i0/Suvxf/ACPba/vk7f8AiU4JPRYHLOU39SXB3vEvBBqKHQfIL6rTk131m2vo5dvVGXWVJRGShQD48mh1TCwx84Cl0wL/AF4pqmeVdyHJANN0Fa897r5kNik9XQotRXzz3tnHJzDeoBWU9XRpOjM1FFVWHnIISVFblMqKqaqK46pmQoI1Mm1meFaFZkvq6ymnETNQpUJjSVCvNkjDvTIO4apGiKqFT4heqVIfCAQCnkYEMaAUqeFhCRtRE1KHKkuc9MIH+twaL1NE8lhr+18c4uSx9KDxREWPYeD5OMwt9SssLWfk2NZXckbPctzTCwjcgAeG5Bpy2Gv81EI2j2DtuYOjbdUyjZ4pqwKK10FKHRHIK1HIRRVGO9V+U0EFaMazvLNaGOTZ1jM4t9xKwkvGkB4KIa9z8E8hxjmwiuVF68e9Ku6tr/iFl532niXm4v2/1z0dPjcnbcX0rN8a+KDKfjB5MQf6HUIfjurTa9jgC+Eg0rS3kvitpif4/wCL0bGtyeYycLDhcHelnoyGkuNNjqP/ABqCFxcn2PLx69st7b0s/wBf/RN1l6q/Fzs/I5XHx5HANkyY5t9CAWtifUH8QnxeVduG8eet5Nb/AC7Wcn78/o0eVhMfJsbQCQtaLmla/gvQvgb9Lf267XE/+jTvluCzdl8JHGwzbpH1Ptiw3UBoCKGpXscf0PjaSXe2pvJfYA3Ciw2GGKL2W6llxc9aFe9wcXHprjjkmv6OLa23qY42W5BZX0QAzsjb1QRW5+06p5Bz+UoNU8hT8pzNGH1JZJ5n3Xyz3seAfFFGseP8/KTK4k3JUz1dOsU5ksmpFI+oSMLMagpVUVrvqKUOmlNJqZNZMXUVoASaqaqEaVKonY+mqRle5I0DymSFyRmUKZJYmoIRGCDYpKghjyfilk8D8ZjqX6pxFTujc24VJQuk6Jgdx+GZHteRao/ai+iW6jxQ2jmdAqnoJB+Jy0mN6akIlKxqcWUOxBLkHc9wq1nQfFHqkLmTxOaQ6JhaelEduqsKUFuLOJojRm4Et8ETonePXe0OVa+CM1uQFpHM9DwMwFoulVyrJs7aKcNZua/IARNU3cLNlK5GdqrzeVx4WkzStjA/qICW2+s9aJptt6TLO5XL4+bMYIHVeQS0kFoIGpFRp5rl383XONeru4/rOSzO37Yz+fxfMEGWODeANzmsIJDa0B6aqp5M9+jPf6/aellV+PmTQSATxuiJ03AgH4Fb6cmu3pXHycW2n9UsavieSaaXWiMnc527hctSeF36fMFayNJG6vjTr5rwftvpvz/v4sa8n+v8XXw+Tjpt6AmT8riw/wCX8tAZIyHCPkGDc2m3aPcpYGgF18p5n13NprdeTT/8p11denJrt6Ve9tcfIJWuewbwzZE4u0FfV4nQLD6fxNtOTbbedZP2/wAYe/piNLjwxyZQDR6G3/dUr3/El5ufNtuCsmsxEueA/LYWtq+Fp2mtKF/+wLs+25sY1haRXZsIyqerbKwUO4EUHQU0+a5PC+wvHZL6e/zC5OPuUctWktNiLEL6fXaWZno47AM7tUwrp5KVQQR8zq6oNDNkUbcphQcrlWN0zw8/7gyKh10KkeZ87JWQ/FR7t5FRuVU8GPdbVI8Bpn0aUqqQEdUFTShNNKZNZNorQAk1U1UMBoppl3qVOMqZGOkQDK1RgzgE8EkaUEla5I5RvHs92YNCWDy0sHH+kWVSIy7Iwy1miYUWVWOah6oDYcHhh+LC4CxFUa+hNTAykfn1TMLNtDw52gcP2pbJtaNmTua0A22ii09hqbINamylSlzf1BbI2JheegCz35NdfWq14dt/SWtZ2hymXiQMGVG9hAFRtJKz/veOe4/7ZzX2bqDv9mOwbMKeYgf4WD8yVP8Af6e0rSfV8nvZDpfuhyRZug4yOOMfXNPP6W/HaB+1OeVn0h/9ux67Kmb7h9z5Nd2XicewjcKMq8t6UDi43+Ci+Ts6NPrtPfNNh5XIzMSMZeZPk5U5MkTA5zHFnQho6AHWl1Nm+/ur8fHx/wC2Ljt7hBO6WTKmLCGhzIwDWtTQ7nXN7J68czilea4zFzh8TFx0UoaCS973l7ruO4kgGlvToEXSQ5yXZHH3B7cjMR0Lg6Vu9rqUJABNT+C49vKsvbj2dU8fMzn3Tws43ksWXGlh3QyH+4CKGpGoPj4FV4/Prt11R5HDfTZkp+LyuFmdvz4P0lTskneInhoP8wNvwXXfstNZ+6V5W31W1vSzH6lxO9OGGR7DuTxxtFXSF4DL0sHVubrPX7bTaZ1/43CNvrprcbbz+XVdY/dPEOfsbyGO41oNsrCD8Lrt4/K49p/VP83n8ml02wucbLcJ4n40jHSOJ3x1sWEXdX5L537ryOPj5JJcbbT/ADny9Dw83Xqp+5u6eUxIZW4glx3xvaTIPS4kail7U6L5Tk+x5eLmk49sT3/V1XWY6jeA7rzOW405JeyHM3f3wBUAn6R6rDc0aLu5PK5eXXv9/lnOiTKzcmVxbLkbnmh/s7gDTVr9tR1XNpvzb79utztfae/6U7j3QvfZfo3HMazpjo4L6gp3LQgMrapYINIyieDVmc+jTRGDZPl8stDgULkYHncyu66KuR57zE9X0UujSKz3k14MfMkWEEjy5BVEUJppTRTUJauY2VJAym6VVEW5SZyMA0phGUHl1UFkoKAeHIBwcgLftsh3JxsP8wKm+sLLfwY7doWthRHlQt2FGAx/OMDJ206qcBuO0truMgr4JaBpC1m306pmpuTjn9mSg80JsXHa+LyGdhMlmHssFmPdq4eIHh5rn5fKmvSda6+Dxbti3pq1ONw0JINyK3JF/lVeZtzcm96162vFxaT9s/zEux8WEuMcIB1Nrn4lZXXNaTfodhluRIQBQAkPt1HRVrxRN5LFr7cccLzYOLCGn+mo1XRrxyOfbktUMowwBE2ESPP/AFJXi9hSw0Cq7YitdcgTiY7M33HgtbseGikZ9ThY7pKAOPir4toXJK2PAYMsMfFztpJG/Ha2JjQ00DvT9bLVsuzinVwc+3SytfiCjwWsAlaCGnwFdFOepdvRI4vB3OFjbVLY9VflRR1lkaAHsaAXnXYTVcvNprjNdGvL2sl3jzPcPG4QbjSDEflN3Y7hR0mypG6l9tPBeJ5PlXx5NZMd3VHN5N3lrzGXicrLndlZrpMvKedzppCXVr5mq8jfzLb6vN2tvqsMDtsPALmihPUW+S4+XzMF2VreO7NwJMWSfJjpBGLml3OOjR5lcevkb7Zuca6/4w34vH7q0fZ0UeLCcaEiKBh9AA0Fa3d5rPrvvN9rfh2cnFNJiei17tkikwXEtqJ2ncT/AFRix8jdd/2GNtNd56/+zCVg+wJ86Tl8zH2g4ZFcpxdUWswj/Fei6fH8Xk5rOPT3Zd0161vxIGspvc53StLDwrqV9B9Z9FycPLOTk2lx7Rnyc2tmIjdIvqHMGkNUwj2VQQfIjsg4ouTBDSngMD3Jke2CVNa6vN+czqF1Toptba65YrMyPclJSjokCklM6aUJNKCphQzpCmmmoS1mXBLGKm48QqJVyuukEYddLBpKoGSFMGlAR1ugF3IBQ9AOD0gsuAnEfJwOOlbpbFXoMGU5wtotamFnc4t1SPLNcvjSSPafApUZajtgyMwIY/CtfxS19xlvuB4bN5CVkWNjyZMrtI4hU06uNSLDqjCp1aGT7adxyPg/V4H6LCmkbHPkSyQj22EgF7ml4Nheyu6Znqd1nyJycLBx8h+PivJw4tzIXUI3Blmnw0XjbaY2etrnaSmY4LW7XEgatFCbLnu0l9XTrptj0Okxqwe6XtYK0pX1fgqt1kzaJNrcSI4jDC0iMjWpPmsvzz2a/gvvFvi4olwclz5Y2lrS+Tc5ocGNF7VqfgF2cWO221x80vd0l/yZON3u8k6GR3sRBrXtcDXcCL1do2/RO3X5VNd/ijc/Ex3QMx4WvkbI4Ok2PFSBfU1V67zKdtL7vS+Kwo4cHHjJMYMLSL0puuQNF2d8nrXmbce16yD2YoLi6N42h1A7xCz6NsXHo7JjjjElDuLQHDzBFwqtiZrt8Mxzb5R6cdjiXUc7YHPBNPILxvP5Ns9JcK21tZDI4TnM7LM8uHkkCga32n0oPkvkvJnPybXbs2//AFqLoX/LXQ/2X45ZID6g4bT+DqFeTyXbXbG3SwuxZcbx24/TuPxb/Fcu+9txP/ZevGuM9p/SR4sDCzaKvLxsBc7XVext4u+nFNNfX/dmz3/xh18WmOoduFNHxk7GtDn7dwka+MBu0h267h4Lfx/Cv4d5cXbHTrPYc28pJ8p2ZwR3O3yMY13iQRYn5hcuu+eO6X1x3f4/k47GH7V5OPje6ZInxOe3LBiqCQ5pJqDt0cF6v1/kfi303+On+bDeZlekPJBI8F+iOJG5yDMqgksbQUAyeL0lMM/y0VGOTDyjvWUxxv8AJZ7NeN5JzuY5zqA66qfd16RREptMkJQKSqCNJQm0wpopChNIhLdZDbeSqkoM6MMktoUFAlUjSg2QHVQZCgIyEByA5APAJNEBZcbjOEjZALg1SwVbjjtxYKrSIWRhLmp4GQsnHh7rhGAs+Kg9khp0rZGCegcDM5hhfE3dI13obe5IoNL0RFStBP8AczJl5DjO3uU4eNoM4HuRPkY6O3pLCDbXVXy8mumt26lpnayKubg48jIlbBm5+NU7mbMhxAr0G4OXj3km3tHsa6WT1p0PbnMOpG3nc+NtdS6Jx/8AyjXPttrn0jp1lwtHdv8AJYuG0HmczJvpIItT8GBTyayz0itOSSkxsLLZd+VI7yO39wCnXhkPfm+E8gFHMJc57wQLA087hdWukw57vVJSKObc6MS3GorQVpW6XZFzejW5OMZB/bayh9MgsfyT11hXavRmOLcGGZxMrGxxucSXEtaaD+Xb9K7JrHBtbP0aPj2CXEx5mTOcKA+2TQChoRTWy0wxtSZ/J/pTTZuNK60S35JrLb7J10yzvJ99SQx7saFuu0mStd39O2xXkeR9vNOPvkOcfXCob9wOYkkIdFG0Nr9JcNPmvm7/AOWcuf6I0/BPll812Ty3ISZOQ6r3m9CaUGgF1855nnb8295NvWrmnsu+E4XFBLntEjWAvLXE0tp+ay+v0vPzYs/br1v+P4tO3oKnxY8uRoyalhGlx+xfR3w7zzu26ax0ccx6Au+8njOC7B5HLhjYZspow8QyR7vVL9btr/6WAkL3fG8Pi8bi7tZO69Ixtu2+PhRdoT/q+3oZtwdWNpI1JO3a41+LSvjPI4rw822fb/S//Bcnqx3deN+lzxNHZzX1DgdKfBdXjXGdXNyavQuD5ZnKce2cAtlZ6Jmk19QAvXz1X3/1fl/m4pfedK4t9cUaQvSRg1BJYygz5TVqYZ7mPocml5B3yCWSfNZ7teOvG+RNXOr0JUuzWq1xumolUAhKREKZGlNNhEJpEE3U7hRUlSckRuCBFe5Iz2myAcgOQHBhcUjSx4pcaIIdDxgPRAH43CNeR6EFV5g8E+1Gqom1o8DhZhS1lcTlcRcJKRomWUzeCI1agZFY/C3HpU01/wAdFPiUkhJbJH643dQ5twVKouuY7a5DlMrh+XxYqZbpGhw8QCRW3kr5MXWw+PX9ywgxXMy3OkbQ1uF4W2e572nTX9VpBhGWQOBDWAjcSq11luS22sgjknQzbSw7Yo27WtJ/P4lPl5Ynj46osqT2wS0bR/V/Bc85MtuxXT5ZLWsibUtFNx8TqVtrypvH1AT+6JCA4hpo120D1eNzdbS9GV9RmCYsecvkbU0oHihoT/TVTi5VNph6pxLsV3FYznFwZLE0FlQXOFSPJb7b66+rkxb6Lfi4YYt8TCaU9I8BXoteJhzW+obnYjsDnPHpaTV1ll5mZx7fwp8PV5Tl5VJJWkkgvc9rtNaCvxNF8H5nLfxdG006pcKM+06VzqNc0gBeBNMa2/oo/HdR9Bdcm86CRquNEcXHOc8Ee+7bX/C2/wC1fR/ScU14btt/v2x/Kf8Ayvttp+Rn4rGtZGAKfU5fVabcd1ms9F66bTqwn3Iyn81gQ8aZtkMTzIKC1TrX5LTm3m0k9ovi4LlccBgYOJxeLFDH7bYscMaHfV0d08dV4/8A5B2b668mv8L/AOjn5eK6bdWG75Z/adIw0kFSAPwXh+FtLYw5Iv8A7ezxZHbrJmsa2Xfsne0U3OAtX5L7j6LbWabaydZf844eSNI5e8zwiJukk5r6Jgskg2piqLl3ehyZPJu9RVj/AJqdl6erxbkrZEjfMqJ6OvVXEJtCUU5PDqIGHUTLBpCaTSEysJRCcNfkZUbBc1PgFTPKlyZTI8kpGgQDmoBwSM4IA7B46acigo09UirScf22SRUKu1N2aTB7VBp6VXanuX2H2oBT0p9pXZdYnbjW09KeErfG4djaelUQ+PjBSzUBJ/lnklTPZxoB0UmJZitbqFNVGij5Pk28bE5sceVjtG329tHMcBtP061ovJ5/K31z07o9/g8bjuLnttVMnKyaOgY13Wm5p+F6rx9/L/R6+vhy+5D3BkNYGBgAHmVj/d1c8CX3DHl319TS75qPzZaf2U+UM+aJXVLD5XWuvkY9Ef2X6omubU0BFelQrnk1N8KfJfZjeQfV+IW+vnWMNvAnyLxcFr3tJD3ACgpT963086X1jm5PDx7t7xvLww4MOM3ClcYmbPdJaTTXxXRt5Wu3s4/7Wz/dBmLzrI31dBI21KkD+KNPKmtLfxbtPWJM3m8bJYWPgL2kUo79qrl8vXaYRp4dnuyOfwfFzPc8RuaXXNCQvE5vE4NpjHR0zgvyAdiRQsLA4loFBu1Xmcn13FjGVf23zQzXNjeNupNCSvC8zg045+31P8Uno0r3mPAx2+DN3zcSV63BOzx9JPjP+aeLTNrP5kzg5xa4gHp0Wf8AeXR7XFwa7TrGZ5SB8+XjY7XHdkyhrj1DNXfkunx/OvJLb6Rrv4+uvo9EhwMdmHBkOPr3bIx0A20/eu7m4/yeLtt8YfO+fyde1ge/cUMY8OtuBDSvnuCXXeOCzMZ77Yc3nM5WTh/c/wDjSbpXxkVq5rbEHofFfW/W905tbL0rj2enucvqmNQueEJwYZQE4WDHz2VQKblZf7ZTJ5f3f6mP+aWytXjHLt25j/NZx2aq0hFbQlFJ4LRAwQhMsEKaaYQmVhKILCydIT1VMSNaXFINT2t2Hm80PfNWYwP1ePwUd1txCtw0Gd9sIIYj7e7cBrVX2X5T3MTy/B5PGzFrwSzo5CpQ+Dj+9O1p01KSm84XixtbRq11jK1r8DiLAhqvCMtDgceW0qEFlf4uE2gqEAfHiMSAiPGagCWQMp0TCT2mICKRrRog8g55gzqpsPK07byRKyWMO9bHh1Ol14fkzHLZ/N9B4u3dw63+R3MD0kuABBNvivI8p6vjerMZD/UaLytt+r2NNegbcaonI07S+4fFX3p7TmyFVN0baiIpDUK5s599VthymoC1126uLl1aHEyy1gXpcW3R52+vUWzK3lRvsrXU4vssNquQPMagrDbZrrFNm1AJC5+TZfYrg5peATeq8H7CXDPbRf5c3/xIQNPbaPyXZrv/ANHT/wC2Dx+PqoJiXPIXk8++bh7WkxEGPxzncrFluI2RNIY3rudav4KuPyu3TsnraXLZhsfdH6WBhNBHV/ztb8l9npbPCuPevkvsP/6M33fF+rwy1rRu2uINL20Xz/JxfuzPZx67YeX9iPbD3xCz6TI2Y0prVhP7l9F9dnv1rDaPW3vX1bKwPJImixC6RVE1DJN5qk1U8lNVpTDzzugVY/5pVWrx/uCLbk7ln7urSqZwulXRHBqSjqJmQgJkjcKJJphTSRAHtarc4vFh3uY3q9wH4lTtcS04+muI4XH43i8TEjaAGRMLvMkVKfja44pffbqz267H5OIxzDUdFeVYedd8cPE/DmdQVaKg/BTsm9Hm3CMb+soUp6rvo9Q4OJm1q3jG1sML22tFU0rGGeMEIySyhyWUCAIGSEglZkDxSNO2fzQDjP5phBLkgDVAVObl63QBvY+cXcs+LXe2lD1pf9y8fz5jl1vzMPd+u2zxbT4v+rR87CZA8gXJXi+Zrl6/ibYrIZQpIQvC5PV73F6BSVl3NsEqrmxWJGLXWs9oIi1C0lc+0WeJ9QW2tcXNF1ju9Nl6XD6PM5PUXjkC516hZ8kuVainOBCzvoqIZNFhu11VmYz0krn2dEmWdmmc2TwobLzPK17tavbhaCOYTcdE+twKELLW/wDSn6I4tcVXtZueV5XLetd9vQdiQVkH/jRLg17t5HNyb9Fg53pHkbfJfq3gePrfGmu06V8n9hvnmv6KzPyYWwufkEiMMdud4U1K+e5fF21u12mOuHNf0ef9t8O93d7uUgbTFYJQ6SlRQ2DGnx8V6n1PHfjoztvVvZH1C+iRQ8jkJoZ8iqM6FllVxKrzpAWlMMT3FQsciq1eU9xxXcfArOx0aVnXJVvrSilEmspCUA0lAMehNRppcgLSNt1TnGYTg2ZlejgR8ip3mZYcfT3FcjByPGY+RG4F/ttDx8Ar8e/9OT4ZX+ouVK1rPkrwvLzrvvkYouPnbUb3ggD4qKnb4eV8bJtyQetbJLr0fgs5oa0E0W2tY2NXj5TC0XVZTgZFO2v1IA2LLAH1JBO3PA/mQE8fIDxQBDc61igFdmnxQEEuWT1QeFblT1rdB4T9n5fsdwwGv1Gn5rzPs5+3Xb42et9Vf3ba/Ov+j03k490ZPl+1eP5MzHrcN6sPmtq8lfN83q+j4fQA4XXNfV0wgVa0qkYt9az2gqIBayubdY4ouFvo4uZdY4Oyy9XxpmPK5rhNGTuV76FrsLbcLn21ayucLLm3jWUBlCtVx8jp42fy8Q1JNiuK35d+uKfhzujjdG426Lj5Zj0K8QvFG6/ivI5b1RyXC5w4QPURoF3/AFfDnfurg5dyStNF+sePp28es/R8t5G2eTa/qCnx2StLJGh7HWLXCoPyKu6y+rHKJmLHEwMjYGMbo1ooB+CeuskxCtRvjIVpoeRqaaDmFAU4zoCckAqyVWY40KZMjzd2uQqPOO4YbPUbNtax7uoSbykBQ1lISpUSqAYboIhCaaamlbtCbA9pLSCEBue1u+MjBgEJfQNsFOswVmV7m/cR74iN16K+5OGB57npc+QguJCSpFTjybZWnog2s4zPc0AblcTY0WLyrwB6lWU2LGHlTXVCcDY+TqBVyBhMOSH9SYTxckK6oGBsXJN8UBN/mLKaoCN+e09UZMNLkB3VLJyJeFyvZ5fFlGokA/Gy4/N1zxV3eBtjmn69HtWUGzYbJBo9vRePyzu1y9nj6bYYnOiDXEVXy/kTGz6Lg2zFVI265dnZqYE9Tp7VrKzoqLVa61z7xYYpoQujWuLli7xallPJev4lePzw9gcHrs5NWGmwyLRce+rp1p7tFybxtqAyRdcXLHVxqqdh3kBeZyS5dul6ITj6V1XDzyyNO9Y4MNwOgXFOK29XLzbL1sWzHLv8K+m+r8frHl779UMrQv0PD5q3IVzAjBIpGhMqHkAQkJKmVA5HVOM6rpyrJU5mhTJk+YqaoVGD52Oocp2a6sNO3bK4ealtEPVDWU0m6lTkjdRAcQmVhhCaauAFTncUA3cQag0QHGaQihcaIPBtUAoddAWmHlloAJTiVrByBFLp5GFhDyfmmkUzlPNGRhIOUNfqTGBEXJkfzIyMC4+WP9SMlhJ/nJ8UZGErOVBH1IyeEo5AHqlk5D48/a9rwbtIIPwNVnvO7Wxrx7du0vxX0TxhjyuBjnZ9O1pr/vNqvF11zx/we7vccjJcxGBMaL5vzNer3vE26KSUXXm16WqKimVZzVrrUUREVtrWG8WGO8WXRpXFyxdYcjaXXqeLtI8jn1FBo31FwvZ6XV53WUVEuPfV1a06SlFw8sdGlAZK4eSO3jV7m1kK8/adXVL0Na0ly8/l1tp2rLjY6yAeJT4+Lq5OfboucxzYscVNN5DWjxv/ALF9X9XxfvjyOXb9u1/RVzTVK+qy8TAd81EZGA8mT5oyWA0k9U8lYHlltqmiq7In1VRFiumn81aVZmzekpkyvKy1rdC4xnLercprTViOSZtncpjSA3DqhpKY4Ka0jghRyRkKqFTHIRVzZW5zSkEbkHDKoBUG5BJY5CEEKjyiEwKjyz4pkIblnxRkJG5h8UZGBDMw01RkJP17h1RkGHkneKMjAnH5Fx6pBYxZhIF0GJZkkjVIPpT7X5rM/s6Bguf0zLf4mVYf+VeXrri7ava32zNN1dzzGxzltq1IIXznna4r3vCuYzk1Krxd3saB3FY9zTDg8LXXYrqlZIAVtNkXQTFkUWuu+GG3DkdDmOFLrq05XHyeNKssXONgSu3i8vaOLl8KLOHLYdSuq8+XL/b2JH5MW3VYb7Sr146Dnmj8Vxcjr49aBdKzcbrh5I6ZrSNmauPaYO6UfgZccbtxOinXfGzm5uK2IZuXdm8xHjtdWOFj5CPP6R/zL6r6e3bkz8Rw+fwfj8fPvtYfLJdfSPncA5ZSgWBZJTVPKKhdKnE2B5ZrK4mxW5EuquM6r5pdVSFTn5NGlMMtyORWqSpGY5CWtUq0kZLkm1kJUxor6JqhHNsprWVFoUlHAoU4plUbihFXFVTnISgI3IM2iDKgEJQCtKCSgoJIx5CYTNkPigJGyXQBDZLIBHTAdUBF79SgDMaQ2QFrjy1okB0UgQHv3+n7k2TYMnHud/cjMgaP8JO//wBS4dpjmx8x6mlz48v/AC1b94Qe1yTrUDqH5g/7V859ppjd9D9ZtnRlckgOK+d57ive450COeuZvNTPcVRXaUS31VzYrolbKLXW+tRdBMU5HVdWjDbQbiZNxUrp43Ny6LaGYban5Ls1jh31JLPbX5J2FrqAysoilCuXkdfFoHZkON6rm3mW3bIkbMSdVybwXVZYrW+057jcCqfHx5rk5Lc4BdtVlz+RyTo0Mib8yXH9gX1f03HjXavL+/3xrpp/GrOeS69l82GeaoINJqmmhpDRVE0HNJqriKr55BdXGVV+RKA0+KpOFDyM4oUBms2WtULkZ7Odr5pVcZ7PbVx+ClcVhs4hM3UqEmkqGRtCpaGgoNxKCphTTVxdUwIUA0oM1AIaoBEAoQDwUEe0pke1yAkEiAeJvNANfIgGteaoA/GfYICwhlp1QB0MqQeqfYflXY3eEcRJ2S0Dv+I7f3rh8qY5NNv5PU8K93Dyafzew/cbH9rJZLSwP5aLx/udMXL2PpN8zDz/ADPrr0dcL5LyfV9TxegB5NVhHTIjLlWFyOJIIBOt1WAUPoK/ktJE2JYZ6a/JdPFsy30WGJKCfgu7jcnLqtonOp+xdesefsSRzk9oIr8l43AFc+7q44i9wBYbRrgon2nVc2+isJ3ciWwOaDqEtNcM7xTORXbLjHxcsnWad7q+TQG/uX1/1uvbwz9Xyv3u+efH/LrBcklXLvy8VBJJRBYDyS+acosCzSq4z2ATSaq4zqtyZqKoixVZWTYiqpGFDn5FaphQZuQAhcikzZBQlTVxR5Lt1T4pKitkBDqpmcy5SVK6aKrapVpKE6pKcgOTTVwQjLLBpCMjtNoUsnghankYJtRkYIQnksOojIw6iMjB4BRksFqU8lgoJQMFBKBh10Hg5uqBgXC+iMjAyJ6BgdDJYIJvPtLyH6XvfjtxozIcYXf8V2n5OaFzeVM6/wAK7fB2xvZ8yvp7vrFjycZjnDVgdULg+045tq7/AKnkum383k+dHsdt122B8l8R5WmK+24dszKukFCVyx2RC5VFxGSqUUErTVNTQ0JFeq6uKMt1ji0Dgu7jji5VpE+gXVK4doWR9BVFqZFdOayDzXPv6uvT0Qyigss9tWmtDPlKzurWRDLMdpRNTw03Fj2uKxWGx2bj8Xnd+9fWePO3ST9HwX2O/fz739Uj5KfNbxxWBZpwAmWAcmQnKKElnJKuVltAk09Kq4yqpzMigVZTYpMrKoDdWjCjzMnVM5FHmTVKVVIqsyYe2UlKd8lXEFKqkRTM9FUGhjNHBFKDhEHNRV6qzIjMcpHRS0MCDcUFV57ZWeT7Se2jJdpPbTyMEMRTyWDfbRkYNMRTyWCiJGR2l9tLI7XbCnku1wjRkdpwiKeR2HiJGT7DhAjI7S+yAjI7UjGUKMngVE1EqMDYBcJpaDtvKOHzODlA7fYnjeSdAA4V/JTyzOtjXg27eSX9X2LypGTwuPMPUCygPxuFxeTO7jld/jXt5bHlvL422V3TVfGeZx9X2ficmdVLNGa1pqvL2mK9LTYK5qJWsqNzSrisuDSttNU2poQC74Lq4oy3qyxwKiq7tHFyLCO5tot45Nj3tJCdZygZWeuv4LHaOnXboglB21U3VetBOF1GG8qF7C70jrYfNVx65sid98S1r3NDGtjGjAG/gKL6fV+f73Nt+Q8rmjUrRngBO9rnaoPAV5bXVOJsCyvaK3VxltAUz2nqtIysUvJzNaDdVE2KDLm9JurThS5c1eqYVOQ6oqkpV5bq2SNWSWNUKiUN3xfEJAE4Fp+BTKrLCIe1Byh+Vxi310spayq0IVCplWp9pc+VkMYTJGWhOUELQjIwTYClk8FEbKXRkYcQwIyDCGIyMODWoyMHBrEZGDqMCMjBtWhVKVhQ9PIw7dVGRg5mqZWC4/JUii4AaoynC2wWFxr0HVHqV6Pr/s/LZyn2/wAKYHcRCyp8w2i5e3PHZ8O+745ZfljeaiHvOt1Xyfma9X1fhb9FDPDYryd9Hq6bgZY6XXP24dOuwdzVesaZIBddGhWpYgK+a6dGW1H4zNxF/kuzSOTk2WcbKNsuiRw7bdSuqAnUyhpCz56UWbSZQzuZtsir1zkAY6rPDo7xGHhF0zHOHpDgT8iuvxeHO0rzPsPKxpZFxK80NOq9mPlarMyciwVFQRkcBUpgJLOalVE0JLI4rSMqElc+6qIsZ/lJXF9K9VeqNlNlOJCtCpyQ5MK3KJrRAVmTVKqwrpamvgkoTgUd6SkeA+ZFsmc3xTlTU/Fv/uBpQFtnYYkxTboiqjKSNLHlp1BQvJtUDLUfqQVz4aZNM4RgG+4CEYDg9tUrKZxeyiUlBjnA9VQRkGuqCw7b5pjBQw+KBI51tCgYMG4qiweKhLJ4OQZQaII5hJVYIXAdEJHwkEjwTyFjj5FKManlNj6t+wsrMz7eRtLq7HyQPb1aWuP7WkJa6zr+o25L0/RNy/bObM580MZc1pO4DUDx26rw/K+t32uY97xvsdNelrIZ+N7FRL6fAmy8Xm8HfX1j3ODzNdvRVStjNaOBXJfHrv15g74a6KfwVtOaGjHPgtNeIrzQ8YzxcBa66VF5YNw4nhwr+C6eOVy8vJFi1pAXRI47tDnMqFWEd8A5DGGUiMkgeNAfyWW06t9eTp1FYnb+XmOAiYanSq6OLxNt/Rzcvn66erQYf2x5SWL3JHMYbENJuu7T6q+9edy/da+kBc7xQ4gx4j7zu9Rp4BdH4pxzEcG3PeXqpJp6NKXcz7VJk5BdIetFUpdoPIy6WTlPAN+TXVaxlsgflAVVM6DyM4BvmVUKxncrJ35Br0WmrHadVbkZAqQqTgBPM2iZKvIk9SWVSK/JeaJZVgCRWvkgy4shZkN8CkqwZyMN2SU1sq90AInGLJ8qoyVjXYjf1GL8kHGR5rFdBlGooCiKyrapk0gaufLfB7YQTfRTdhg4xMCXceCbGo7hgm1iM0YII211Rk8O2DojIwcGtaKm6JSRvfeyoGhpKAdYIBK1TwC1HTVPAy6hOqZJYwTolkC8evyTiaIY6hoFRDsf0kEpB7j/AKfOVycfkn4/uOEEsrBIyvppINtT8wEtc9+fZWZeOz3yqe6+7PuL29zmXBDzUxjime1sMrg8bQ40HqFVW9s2qpNNtZcKZ33q7yYS3PZj5ThqXxipCXrOpT9t6XCZn3hjeB+r4bHcCRV0dWlZ3x+Pb1jaeVy6+m1anA53iOQxG5LeNdGHCvpkcFz7+HxfDfT7PnnuopfuN2vjZzsd+NlsLHUdR4I/NT/27jaf915bPZ63xZ4TP7eizMTipCZWNLJXT0+s0DiPiV1Tw+KzEjhv2XJL1rHdx9yYvbvKy8fyMDxNGQP7fqFxUUIcFl/Yayt59l3TorWd+8BO6NjYc6WWR+xjY9jauJs0AlyL4OlqtfsN5M4h2X3twWHKYsrjMtuR/NFNJtcK+IAsieBxlt9lyfp/kq3fdvDie52JwcAewel8z3vPh/hW2vicc9mG/ncu3Turbdj/AHByuX5GGBwbFGaVbEwAfiars4+KPP5eWvcWABgAsAFFEeR96ZwyefyHV3MjAa3yH/gLi5utehx9NYyebKXB22tuvgufDTKmkc1raaucVcgV84G4knTQKtStDmlfFasaHl2jrdPJWAMstFfIJxNihH9yV7/5arWejG+qvzNlT8U4VBzBgNCqThX5JZQnoNFOWkgDIodvhqkeADzqAdeiDkR3a5rvBJTQyQ/qOHEw1YnajCiymUayQdbJk0nbOUHgRn4ISZ3hxtIvdaPNHupiirTa2RhYwVcuDLrRkg6CiYNIpcoyDNridE8h2wDW6ZO2bhUggIM50sLWkNFfNGKSEmtwUwUM6lGTw5AppHjoqIla2CZHNYRdGRg9oJSyeEg9IoEFU0RdWiLSwKZtaQfApij4d0sgdSgtQK4ivZfsDJjS90TYMsgjfNjGSE+L4JGuA/8AKSqk6s8+o375dp5h7myM6CF74ptsoLGlwqQK6ea03mYXHtjo8UzsHNdkhkkb92hJBUTVe25zsFzWBpaQKWCc1K7vWuwIBJwcTaVa0uaSQsOWHrfV5V3JxOVJ3LlxMb6nSkAadfNba69IO7D6L+3U0uB9vcCPkf7bonbSSCTta+oCz35JxXO3SDTxtubazSZrGfdjj5+4O5ZeR4n+9jPDbO9BqG0Ppcsb9lw33d2n03ka69Z/xefy4mZju9maMxSMcatdYi1V1abTbrHFy67adLMJpjLJJDLO90srmVe5xJJN6VJT0nW/xRvekDOxA5wOhoK/MrXDLLffbaRmLy8TnfSHNB/FdHFMsOWvo7n+S/RcRJkNID3ABlf8Wv5LksdOsy8Tyc0GeeWZwL3vJprall5++2a9K64wqMvkmUMTPSHXJPgsrIcVGTlwRt3bhQdT+5WFacyOQkg1r1V6xG9Nkyom2FNLlWzBzZNCaEAkWtVB1V5uQRG47/L8VbPKse8MjAJuegWjPAJ+wAkkbj4pxNV+Q4kookA5f00pcpVcgGbaGtvdB0GR6yimYT6fGqRr/tp/6iCfDcdRUBCcKjMYYzJAR6o3JypT8FkGLKbegqmmxvuTwW5vE7gKnalVezyfMgdBkyROFC00VxFa+oEYqN37QuHLsNe1hNWggKbRgvtCu7+UjUpdx4N2OLtrAR5p5GDtjGfUKu8EZPBjy94v6QE5SwHdGTpoqmycOEYabhGcmQhyqAw0Ar18FUiSHc8+SojmxkHRTk0mwgXPyQbqGtkEkYytCUshOLC2vgiQVMxoFS41p0VyJo/EkYyjnCtL/PyWkjLavQvtBh8tJ3Zi5+JA92Ph7nZcw+hkb2lpqfG+iqzoz12ndh9A97Brzhz1NJoB8yFohhczisOYsfJE1wvUuASk6ja9FRm9ucO5gJx21qa0TnqdvRd8Bg4mLxpjgio0XAFdVO8Gl6vLe9GMx+5/cDB6trntOlaqtPQbPfGd0cU3h+NYcSUs5Hj2NgZjta1sT9H7HuP1OssvJ8nXX+qZ/wAejs8Pxt95e3ftx/jLPYkXGw5Momws9wlFA6c7thAPqBa/Urj/ACcP/JHdeHn9uRjO7eJ7cZXkYOSyJsqWUxHEymjcAG13Ne0mobpfxXRw82m2v7JjDj8vg5NNsb3OWOnkhL4w87ixlG/ALfX9HJsM4yHHfxHIybf7zp8eKF1K7T63uH4NV7ZzET3a37f8RJm8lFE00dJK0F9CaUPgF0cPS5+GHI9u73aG4eFATVhJa4eNAAua3OXRpHivOVg5DJhoR7TiyuptagXm3MelbLcqKcuaz+4wjd9bjUk+TQEvceyn5F259H1q0WZoAOgKqTqLegdkYB9bbdTWg+C1kY7UxwAeagmutxSydINM9xLnkFrBZtf3IwVquyo5C1jaH1urSnQK56ot6BMveG0DSCeppZMAzHJuBoXEitLKoihJGCpJuAKnwqgRXZUpEcZcDuJ+nUqVgsgltqAUTAZ7wXucdNLJU4idYkdAlDqw7fyhj8rA530PIY6vnZBD+68D9NyglsI8gVCNaVULZTFKKWLSrTY9T7Sym5nGmN17JUa1gO+OMONyJkDaNfr8U9anaCGySF1G3J6UXJ2x1ZL7s4cA2jndQBUVR2ajup4fmvq9xoAbuIsKJ3TUd1M/XTVLGEFvjtuj8cPvrhMRYuG6tDUJXSfBTY4VP1mvwsoq3ENANB0qnCRnQHx6qgjLgriTAytzonaMJWxgjw8AVPceDqBpBsfAaoyWHanqT5IyaRkTKbjX4JdwwVzhXa2lfBOQqliZtJc8VcNCfNaSXKbcRsu0ftP353M2ObB418WBKbZ+TWKEjqWl3qf/AMIK3nH8ufblns9k7e/0x8NC2KTmuUnyHC8sUDBCwnwBdufTzoFUkjK233eucT2721w3Ft43j8WPHxGtLQwamooXOOrnHxKKesx6K3nPZZg48JO44wLWOIvQlLKrGM5KSHZ6nX3Hp0ojX1Lb0Us2Xh+zQv8AUHeHSir3LHRbdtz482PLHGdzmm4AvdRveh6Tq8x+5UDGdwvLvTRjfSnpeg29XrfZORgcr2JgND2z/p4hE4H0ua9junWo6EInbbiot31vdqi7w/7qZyObxfCaRsDy6QAloLNxo461oaeay28XS106eftJ1ky8g5Xg+Ta9hky25M7i7cA41bu6H5ro4+KSdPRlyc+21zetCz8RkOax25oMcW0CtSXD+K04+LDPfkyl4SGF4MMrntzBOatAoz2w0+HWqrbS5RNuj2r7VdtFmRHlBxqw7y+9h4Kre3Wo9a3/AHZGxwxajc57/bYPCtKlcmHXp6ipO2+AmO6bj8aaQ03PdG0uJ8SaJooaTsjtJ5JfxGKa6+hGIM0LJ9uOxX13cJjGpqfSRf8AFGIOqCT7WdgPBDuGhvezpB/6k+hfzDP+z/26drxA0pT3Zf8A9kYnweb80O/7J/bhzdv+WOHmJ5a/8yMT4hZvzQ8n2I+2r7/oJgaUqMiX+KfT4g6/NAZf+nb7czNIYzMhtSrZyf8AmaUdPgZvyq8v/TH2fO0tg5HNgr1/tvt+DUY1+Czt8s73V/pq4PiuIzOSHcMkYxMeWWOGSAOL/aYXUAEgN6dFO3bhU22fMskzvR6Wku6gnVY9XTiB8iUSbvQN3iK0/NMSINoNakNPWtf9qlSJ4vSxA6gowK4UBqKgi4SpyNxzMbeV7Xxs6IVlxwDIdTax/NLPVFjF5I3FsgpR4r8xYrQmo7F5Yw5PsvPp0ohPpV333xP6nCdK0dKhTKezNDfKA1vpB8NdfFckmHSlj2Y9Q+7ujBR2niizJyonyyy1cQQPAXARQjdt27WAh/XpZObUsFDS0X6ak/uS9TIZLAUt1+Kc1FpHOpcgbRf4qpCqAyuNwAK6K5MJyVoDRX6j1StORK1j3mzdeiimmcPbIDbuNavFx8klGti3gnqdPgjOCwnjxXuptaSegGqqabX0h4aPtr7Zd89zSiPieImljJo7Jkb7ULfjI/a1dGnjbe/RltySPduy/wDSnweNiNm7qzZMzNcKnGw3e3Czy3kb3n8FtNdZ7Z/i59uW30emdv8A2i+3XA7XYHCQGdpqMicGeWvjul3U+SrvrK9fVrWwxNADWgUFB8B0U5Bj8ZjvJPIDv4pjq0dSqRyguV7f/WY20BplaKNP0k/NLq0l1vq885ztDuSEuMOBJO3p7Za796Ut+F/h1vptP9GNzeP57HLve4TOHwgJH5K8i+Nt8z/NSz5vK4zi6PBzsd3QiGRp/IJWZL8G8ZPnWcznTmQ487nuuXvY7cfjUJTod4dvhPw+P9xuPwpJOLx8+HFnY4vfFE4scxrrmtDShGoT5PFm2Nr7fqWu22uZGp7T7w7vwcyefmuP5DkjLAYBJscXtbsc1tyL03KcYvT0Lbx9rL06qGN3O76y8blue47/APpOvU/Bap/Dt8CjxHcWW3bDwuWSdKxuH7lU3x7j8G3wuuB7B73dO2U8RK2tLyUb+1KckgvBb62PbOy8Tn+KgMGXhRMjI1a87q/gjfl7vZOvj66/7mikhjnyGy5T2AM+iMkWr8eqzmtqrtrA+RjOY9xaQW1sQQn20u6IA6Zps8jrYlGCOGTlN/8Add5VugijPzR/NX4gII4cpkDUNPyKYPbysn80Q+RQEreSDrGJ3yKAI9+FsZlmPtR/1PtX4ILDHd5fdTt/trCMuRIYXvJbCygdM8jq2Pp8XKbVTV4P3x998jlONzMPiY3wS5LXROzJjvl9pwo4CooKhTts0106vCHtbt822r5aKMtbEJDR0IAv0qlaMIXNFTrQ6lJSLUoB4bT5qMqjbdkTjK47M4x9CKHbXqHoTtGVzMZ+JJk4b/qgfXS5abGlfktpWdhnFT+zyEbxZpIQnZ62XQ8hxLQ8V3Mp81GeqvZ58Jdo2QjaDb3Dcu+R0XJa6ZEfshoBDhe5GtPiaJXY8HkgO9LyD40FAnJL7DrEL5emo6WTmoybvFNfV4FVgsk3MZUfW4dArkynOETd8rifnRV6EcK6U3ONAD4JWngXHgy+2JH+iM3B1r8AFFMm8AFra+3oSep+Smqc1rSahtBT81N2p4fSf2n7L+xPJ8RgxvzWchzxhZJnYuTK6FwmIq5ojOzcGOtYld/Fya46Yc/NN5eno9q4ztHs7jg04PFYcJF2ubE0ur47nAla99ct2t9V20xgANoANANFJFqPFAKgOQHIDkByA5AcgGuZG76mg/EBB5RuwsR2sLPwCB3U39Dj02tbtGlBog+6ozxsP8pp8gjEHfTTxzh9Lh+xHQdwbIwM4j+2f/KaK9cFaqJuB5N7nF8sm0moaXup+S6NebWezHbS33di8TmY8m4PL7Uo9zjTxojfmm09Brx2e4gcdI4PMrg57xQuNTb5qPy49FXTPqWHjBGa7ySRQ1vb5p7c9qZwyCI4Nm2r3HaKDTRZ3ktXNIe2CDqzd1ul30+1KBH/AEhQZwiY7RqAk/SQsb7kxbGwXLnWTyFHzvefC8Lhy5T3Rx48X15Mxo3/AIRqUrTky8A72/1B8nl5T4uGPtR/T+te3c/w9DfpYPkoy07HkHNctn8hKZcyd8+TLV8k0ji43Pmlk1NPK8BrAdBdJUASSG4HpGtPNGDtqJ8rwKECvj1SsPKF8xNvzS7TyaHgXoiwSn+83qo7Vdy37W5VuJzELq+l52Pp4FPtFuVv3vixs5CHPYD7c7dkpPmKV/BGl9kWMjIHwTlpNXNOo8lomx6b2XyTc7j/AGiayNAqPgFG0LWso6NoItQHRceXUZI2VwAjZVvQnVPWz3PFIYsg1o2lB6iSqm2sLFRMjmPqDDbRXnUup5jlNfaYbilT0PX5Ks6pxTo8CTc1jxst63XP7Evy6n2U79NOHH2fpoKnTUXCm8upzSpWDJpufHGQTUEi/wAkryQ5pXSe++m6gaLBo6Ke+H20jceQ2qBfQLO8kVNT9krPppZLMp4seqdr9k9o4/F4XMcvmte6aNsrYgfpcb0prZdmnbI59tt89G0/+x+3cCNsGLyE7RH9LWPeBQLWbxndNqa37yYrGVbyWRtFR6nV/aFc3Z3jpR97oC4EclPs8w2v7E+4vx1Oz72sBcTysojttqxpP7Eu+H+KiovvMxxtzMgBuCY2/wAEvyQ/xX4FwfeBrnBo5u9Dd0IT74PxX4WWB9z8jJuzlmuAArWCnVHfD/DfhZZ33DzsNoL8+HprEf4pfkh/2+3wEP3fa25zccgfV6HfxU3lhzx78JIvvFBJQNzMTcdQdwonOSFeC/CX/wC2rVbkYjz1o4pflh/29+Kcz7sSuO1pxnOpX6z/AAROWUr49/Vew94cu/HE4xIzHQOJ3kWPXRasrrDW9+ZG/acVh8hIFPdD/GU9/ltN2Hr4PanmF2Jmd+45aCcV4r4Oaf3oyXac3v8A46tHQyD8P4ozB2p4+9OMlcGNhkc46DbWqqdSwJn57Eh2+/izM3CoqwqrrYQKTuzgAaOD2HzaVOTwi/7t7dP/ALrh/wALv4IyO2mjvDtv/wDop8QR+5LuPsrmd59sbqHKHwof4J5Ltpud9weGxMZ00bdkYH/Wm9Dfje6LRNXj/fP30Ak9vjJhlSkGsjgRGz/dbootazT5eNdzd38pzRd+rynSgu3Fprtr40SyvDOukcSDX5JEimc47r1t1QAMhduqSDUXQoK8mm83OlEFhC99W31HVBoHVogEFapHCmmiQLG/Y9rxYtIIQcehZW3lO22vI3vY2tConSisPlsc0tcWjeBsf/vDQn5LWIq+7B5RuNyD8dzqe/t2V/qrp8wlvMxE6UrtrbNO4nTyXFdXXK5riKNqRQ/OqXYfce5wAJlcaImguwWTNFSGWA0Ws0TaazMcCK1rSlk7IIlblSOcCLdCs7IqWpBk7b0r41UdqpXCcvcK6DRKwZSMANCbrO1chxe1v8UsZNE6Slz+C0mqcjXcpN+nZFuO1oo0V0C31Z2gpc4kH1EnRaTVNocZL6C9laErchxNtFNqpE4yHWvVTlSaOdxpc0CDytMLKcHX69UyrY9svmlmiAcdodV3y6KN/Rtwzq1PcuS6THA8B+anu6NO3q8/5TIexntg3NzRROqqqo5ZdQT5hPapkWMWS6OIa7jahWNtrSQfxmdtymVNbiqeu1yW2vR9J4nO4c3b7GyNa0/o2tLaU9TG2/FendnkzTq8f/zCVnIytc81aSLHzXBN/wBz17p+0/IzJ3EAPNPiuvWuLfXqHnyssMIbK4CnirtZ4ZOXleSZI8fqJKAmnqKy7m3b0eofZNuXn86J55XyMhodrnEivwXZxf02uLyemHvmRjxzs2yCo6KcsHz791J+UwORczFyHxRsr9J6rLe2Ozj1ljzL/u7uaEkjPkLSa3usrvWnZPg7/vruMC+W5w8wEpvRdNfgTi/c3m4HAvLZANatVzdO3FFZ3N3pyfN7WyyFkAFo22FfNO7lrxyMpO1psDfqlNjuod7Gj4o709iB8Z6J9xdoeZr0+6FgHK11UZPAZ4NKdKoyMIJBZMkRFqIDi2ikzSEwQINvuyp2y4EmO64obKdgoeewjFmTMbYOFh5hVrUVT4ksmPkQzN+qNwcPkVaLOi9Ac6jWnRcLrSB3t3cakJyFQcsr5XUrbwWkhZMDEWnInhg338Fnach1NjqJU0gAc4NOnis+5WBDomNNGGtOoU7VUhHSBjfNRJk7cI91fgtInOUcj7rSJRultRbaxFREiqrJHhgqptOJmtoFNqsJGtSyQrGi3PArqqlNcQ4JADmmpKeTw3/ZeC4xF5GlrJbejTXosuaiJbSuix2b6sbyWHV/iVOcKsBMwthLqfJZ7bKmpxic/opyeD4o9k7SPFPS9S316PS4eVyH8THG6TaGR2PXRejdsx5+umNmWx3yDMc5xrU9Vx6+r0drmLgNLgunXZyba9TJGHY4EdFV2Z9jK5OI4SutqVn3Nux7H9imsiypW0puFQT1su3iudXneVrix7cm5niP3kwmyZMhaLuqSsOWuzg9Hg+VEWyuYR1ssLXRgJK4C1kJQOc1MkRcwg+SeQDdKC8lMjTt6hIIpCK20TSHlLaoAaW5pQJhC5gDdEsngLIxvgiUrEQiaU7sJDxjBwU959qJ+MRoqm5dqMwuT7iw0nZmSYMvY76SnaLF33VhxloyGijmm/mjWpsYnOgaybeyoY+/wWmULV87GNoDdcs1b5QGQyalWSRkYItqlaaWPGJKi1QiKMNDhpRSEb2xueQDopvQ45oAWVq4V8waLaomuTyge+tCVrNUIzLRVNRlC6U1qtJEWl37lRObcpUxDaN1Umk320SNJG8E3CZDMdoLghUaHicZtd9bpqem9nRtjxnF2hNlNrTA3k8djyfNYbVrrGXzcFnuG1Vjtu6NdVdNjNHRZ97WaGew0DRTd1TjRiBvuK9d03jbDDia/iwS4VAoB5BdX5OjkvHjZUxMH6mvgspv1dHZ0XEAqFvNmG2jpWihCd3E41PJAz3jXxWfd1X2dHqf2ohZDksc2+4r0vHvR5Xmzq9jWjgeO/dJ4lypGs1uPFc3LXoePr0eJ8tge2S9wob3WMb7MxlEtN9SmyAvkNbKiRPlo3zTIO14BJTS5zx4WU5NE+QJkGe8ICNzxqmETnAqVIjtunCqNoF1O1OHXAUKNTBtEwO4qURZTHearWpsbbNDMzjx1O1WyrC8nivDXNrZhsPJaRJt3G6xbJhFQBTkC4WtDPhZTaaQShoopUhkfvdY0CLRI5rQFlblRrpOgRNRlGTXVaSEje7orkK1E4lXIi00CqojgClVJWtUWnEoqdUoZ7RUpkIhZdK04scOIk2Si2l4eF25ttSmcemcLHsxGACgpVRs3hMzILXnzXJvs6tNMxQ5styubbZ1ceirkcSaqLXRNETnI7j7DWmrgnNiui9xctzcfZWwW036OfbjmUMbqy1RrT21W2O70hdE2Ybaumci7Caq595FMqsPTPtzkCOSO96ii9Tx70eP5uj16TJaMfeDciy6cPLkeSd4xiSWV3maErj5XpcPo8g7ne0OMY0/mWMrWxiMq7yVcZWBTF1VRNDTUqU4moNiLQ5wokEEgQQZwJsmZjwlaaFwKQR3VEVoIUVUOpZQowtTBHApwixOIlafNXCra8VP7mJsJrQVCqs6qOVxxudUek6q5WdVTWlYZbp2tNNVOTcHuAp0KDJ6vklkJGCxWZmvcU5AiJNaq8DJj5FUibUL3laSJtIDVMj2hKqiRoUWmlACRngJwksbUrQLhZdStb4MQrWio2r4WEF7R40QvWN/hljYQ1p0Cz2rbWK3kZaON1wctd/FFFky7iVz2uzXUFI5RXRrqgL0H2lY66cpXUdFMdtFrKxuiaBx3hVrUbaraB1lvK59o6VxpRPJSBHaolOxtezsl0csYAAp0Xf4+zzfL06PUP8AMXOxAKgWXbdujyezqwvdku5jqU3HS64+au/g1eNdxBxlf4nVc8rfaMrNGQS4hayubaAMiUtFtT0VooN8nkE8pJvtolaET3+SQQPeT0TJC49VQMc6vRTTRvIRAiJuijBzQKKKqHKTNsmHFMqbaquE0XB5DrNKtFGclEHNKcqLGaBIHksWxzXk+SVM4KbTOrQKQT3OiqajJperkLKJ8ichZQucrkSZcqkntCRpWhTaqJGhSZ7boCZrKpATGxSuC4IqkKpAu+PgIF08BqOHa4Pba6Nmura4zg2D1a0XPvW+kUnJS1eaaLh5Ho8UUszrrm2ru0gV5qVLZGQmRWpgQwlaRnRUB9QVxnstYDYLaObY6QqkoSL1SDR9uP2yNodV18NcnkTo9DxyXY4JNqLuz0eTfVle4hQOI+rouTldnE8z5yCshPVY6td2S5ECMEhbRy7KGY7ySVcZUK8XshJpqAkaJ5TgQP8AiqIwgpUzHJBE6qAa0GqKcStaVBlLSkCbCmRRHdMCYsVrhdOVNWvGRNYRRXKS1zYt0QI6i6cqcMesmhzWpWmfopMxzlUgMJuqSaXqpCROcFciTKVTB7WhLISNapUlDUgUBI0rAigQwKTExNqng1niRttVUFvi2IponIcaXhIC6QOUbNtWokcWw69Fzb108ahzZLlcPJXo8UVkh1WFdevQO7VJpk0hAK3VOFUzFpGdoqDUKojarOE2W2rn2PcrSYdVNoXfBybZG2XTxVzc0b/EygcXXou2bdHl7a9WZ7gnBDqarl5dnVxavP8AlHULq6darLWtN4xPJkySHoBouiOXZTyspZUyoZwFUJRvISAd5uqgRG6ojCClTNLUsAzZVOkeyFTVCBCKKRkhjCYNo0FAwa9wBFOiYObnFgoGD4kpyJovB5GX3AC1oCvBNDFIZYL3PRFKskwXusK0PskHUqFUgMcAGqpCqB5VyFlE5yqRNNCZHhqVp4Pa1TlR4Ck0jUA9rapZCdjEjTMYiQDIGeKqBYwN0VwLbAhLnjwQqNnxGOGhoCy2barPMNI6fkuXkdfEz+Uakrh2elxgJCs7G2UDtVK5SIPJWg1TibU7FpEWiIfqVRFqzhNgFtq59qkIV1JtCSoprTjLOC20rDka3GyCIQPBdeejh216qPl5a1H4rk5dnTxasRzJsQCo0rTk16MfmsIcSV161w7RVzEXqryysAyG5KE1A6qaUTmqoRu1MnbAgzS0Jk4MCVNK0ABZm4noEjIRVARPoEGhe5MkRKuJqXHeRIFWSafjZasAqihnAT0WCznOTkBA8UuaKsEjfLSt6qpCQvdVXCR0TI9rVNpxI0KbTPAUmVBnNFSgCI20UhO0BEAiIAkKoBkTdKKoFlisBcLXVBo+MgFRapSq41vGw7QCQs9mkqTP0K5eR2cTPZOpXFs9DQDIorWVEVCsmoGTmhVIWUrVcRaJgF1pIi1YQmy1jGiAKhOpy7aaqDyscCzxXRa6MOSr6N42Ur0W+XOquSIIK5OSujjZTk4qtKnStN2U5CLVdelcXJFJPHcrWOagnxqomh3NVRFMc1UmmOAQDSgzC4JgrXKacO3WUVRpcUgTcUGY9wQEDyqTURN1UI6M0IKMhoOMlsE5QqAszI5ycgRlyuQkTnJkTVMihqVM9rVNpngKTKEGc0VQE7GKbQlAogHAoAiF9LHRVAPgcCQrgXOAypFkG1fFY9SEza7ExtsQWe0aa0LnsoCuXkdnEzeXYlcW3q79AD3LOtYjJUmRB5PAVyJtSNCuItEwjRayMtqPhCtnaLa2yVTkpF0hkXjP2kVV61nssRk0bqquyJqCypg4Fc21b6zClzWbmlTKraMrybKErq465OSKDIb6l0xybAZgFaKFfRWionIJG5AwjcnAiKKZWqLVYPJspBjjRBmEoBjigI3KommFqojmhTTW3HS0IRkANE8DJhJVyJRlMibUA4MSM8MStM7apN1EAobVI0rGFICGCyQPDaoBwYmEjWXsnAPxGUcFRtLxkQNEw2PDQE0sqwMtTE2kICjaL1VnKWaarj5HbwstmOuVx7R3aUC4rOtcmWU4PJRRVgsntTkTalZqtJGdomJayM7R8HRUjItpFFNLJpd5KTTw0JCqJtGhjTEqvombdQkzKXXNs2lV+SRQqMqZflm+o0XVx1zcrPZTLrq1ri2V8zTVaSsqFe1XlNROajIROagIXtNVUI0MSpnhllFUQhI0bggGEJhxYgqjc1OFSBhKojxCUqcGYbSHBI3/2Q==',0);
/*!40000 ALTER TABLE `PLATOS` ENABLE KEYS */;
UNLOCK TABLES;

--
-- Table structure for table `PLATOS_X_ORDEN`
--

DROP TABLE IF EXISTS `PLATOS_X_ORDEN`;
/*!40101 SET @saved_cs_client     = @@character_set_client */;
/*!40101 SET character_set_client = utf8 */;
CREATE TABLE `PLATOS_X_ORDEN` (
  `id_plato_x_orden` int(11) NOT NULL AUTO_INCREMENT,
  `id_orden` int(11) NOT NULL,
  `id_plato` int(11) NOT NULL,
  `estado` varchar(50) NOT NULL,
  `descripcion` varchar(200) DEFAULT NULL,
  `fecha_hora` datetime NOT NULL,
  PRIMARY KEY (`id_plato_x_orden`),
  KEY `platos_platos_x_orden_fk` (`id_plato`),
  KEY `ordenes_platos_x_orden_fk` (`id_orden`),
  CONSTRAINT `ordenes_platos_x_orden_fk` FOREIGN KEY (`id_orden`) REFERENCES `ORDENES` (`id_orden`) ON DELETE NO ACTION ON UPDATE NO ACTION,
  CONSTRAINT `platos_platos_x_orden_fk` FOREIGN KEY (`id_plato`) REFERENCES `PLATOS` (`id_plato`) ON DELETE NO ACTION ON UPDATE NO ACTION
) ENGINE=InnoDB AUTO_INCREMENT=80 DEFAULT CHARSET=utf8;
/*!40101 SET character_set_client = @saved_cs_client */;

--
-- Dumping data for table `PLATOS_X_ORDEN`
--

LOCK TABLES `PLATOS_X_ORDEN` WRITE;
/*!40000 ALTER TABLE `PLATOS_X_ORDEN` DISABLE KEYS */;
INSERT INTO `PLATOS_X_ORDEN` VALUES (1,1,2,'Cancelado',NULL,'0000-00-00 00:00:00'),(2,2,2,'Entregado',NULL,'0000-00-00 00:00:00'),(3,4,1,'Entregado',NULL,'0000-00-00 00:00:00'),(4,4,6,'Entregado',NULL,'0000-00-00 00:00:00'),(5,4,2,'Entregado',NULL,'0000-00-00 00:00:00'),(6,4,1,'Entregado',NULL,'2015-08-24 02:52:49'),(7,4,14,'Entregado',NULL,'2015-08-24 02:53:31'),(11,5,4,'Entregado',NULL,'2015-08-24 02:55:56'),(12,5,1,'Entregado',NULL,'2015-08-24 02:55:56'),(13,5,20,'Entregado',NULL,'2015-08-24 02:55:56'),(14,5,25,'Entregado',NULL,'2015-08-24 02:55:56'),(15,6,4,'Entregado',NULL,'2015-08-24 03:05:16'),(16,6,11,'En transito',NULL,'2015-08-24 03:05:16'),(17,6,25,'Entregado',NULL,'2015-08-24 03:05:16'),(18,6,28,'Entregado',NULL,'2015-08-24 03:05:16'),(19,7,4,'Entregado',NULL,'2015-08-24 03:14:39'),(20,7,5,'Entregado',NULL,'2015-08-24 03:14:39'),(21,7,19,'Entregado',NULL,'2015-08-24 03:14:39'),(22,7,26,'Entregado',NULL,'2015-08-24 03:14:39'),(23,7,27,'Entregado',NULL,'2015-08-24 03:14:39'),(24,8,4,'Entregado',NULL,'2015-08-24 17:27:18'),(25,8,10,'Cancelado',NULL,'2015-08-24 17:27:18'),(26,8,14,'Entregado',NULL,'2015-08-24 17:27:18'),(27,9,9,'Pendiente',NULL,'2015-08-24 17:34:58'),(28,9,12,'Pendiente',NULL,'2015-08-24 17:34:58'),(29,9,14,'Pendiente',NULL,'2015-08-24 17:34:59'),(30,9,5,'Pendiente',NULL,'2015-08-24 17:34:59'),(31,9,2,'Pendiente',NULL,'2015-08-24 17:34:59'),(32,10,8,'Entregado',NULL,'2015-08-24 17:35:37'),(33,10,11,'En transito',NULL,'2015-08-24 17:35:37'),(34,10,4,'Cancelado',NULL,'2015-08-24 17:35:37'),(35,10,15,'Pendiente',NULL,'2015-08-24 17:35:37'),(36,11,14,'Pendiente',NULL,'2015-08-24 17:37:01'),(37,11,5,'Pendiente',NULL,'2015-08-24 17:37:01'),(38,11,16,'Pendiente',NULL,'2015-08-24 17:37:01'),(39,11,19,'Pendiente',NULL,'2015-08-24 17:37:02'),(40,11,21,'Pendiente',NULL,'2015-08-24 17:37:02'),(41,11,13,'Pendiente',NULL,'2015-08-24 17:37:02'),(42,12,2,'Pendiente',NULL,'2015-08-24 17:38:34'),(43,12,11,'Pendiente',NULL,'2015-08-24 17:38:34'),(44,12,6,'Pendiente',NULL,'2015-08-24 17:38:34'),(45,12,4,'Pendiente',NULL,'2015-08-24 17:38:34'),(46,13,15,'Pendiente',NULL,'2015-08-24 17:38:47'),(47,13,17,'Pendiente',NULL,'2015-08-24 17:38:47'),(48,13,14,'Pendiente',NULL,'2015-08-24 17:38:47'),(49,14,2,'Pendiente',NULL,'2015-08-24 17:38:54'),(50,15,9,'Pendiente',NULL,'2015-08-24 17:42:16'),(51,15,1,'Pendiente',NULL,'2015-08-24 17:42:16'),(52,15,12,'Pendiente',NULL,'2015-08-24 17:43:41'),(53,15,9,'Pendiente',NULL,'2015-08-24 17:43:41'),(54,15,5,'Pendiente',NULL,'2015-08-24 17:43:41'),(55,16,9,'Pendiente',NULL,'2015-08-24 17:44:56'),(56,17,6,'Pendiente',NULL,'2015-08-24 17:55:05'),(57,17,13,'Pendiente',NULL,'2015-08-24 17:55:06'),(58,17,16,'Pendiente',NULL,'2015-08-24 17:55:06'),(59,17,11,'Pendiente',NULL,'2015-08-24 17:55:06'),(60,18,3,'Pendiente',NULL,'2015-08-24 18:20:15'),(61,18,4,'Pendiente',NULL,'2015-08-24 18:20:15'),(62,18,5,'Pendiente',NULL,'2015-08-24 18:20:15'),(63,19,6,'Pendiente',NULL,'2015-08-25 02:18:12'),(64,19,13,'Pendiente',NULL,'2015-08-25 02:18:12'),(65,19,9,'Pendiente',NULL,'2015-08-25 02:18:12'),(66,19,4,'Pendiente',NULL,'2015-08-25 02:18:12'),(67,20,3,'Pendiente',NULL,'2015-08-25 02:19:14'),(68,20,4,'Pendiente',NULL,'2015-08-25 02:19:14'),(69,20,2,'Pendiente',NULL,'2015-08-25 02:19:14'),(70,20,4,'Pendiente',NULL,'2015-08-25 02:19:30'),(71,20,4,'Pendiente',NULL,'2015-08-25 02:19:35'),(72,21,6,'Pendiente',NULL,'2015-08-27 01:40:16'),(73,21,8,'Pendiente',NULL,'2015-08-27 01:40:16'),(74,21,11,'Pendiente',NULL,'2015-08-27 01:40:16'),(75,21,10,'Pendiente',NULL,'2015-08-27 01:40:16'),(76,21,9,'Pendiente',NULL,'2015-08-27 01:40:16'),(77,21,22,'Pendiente',NULL,'2015-08-27 01:40:16'),(78,21,20,'Pendiente',NULL,'2015-08-27 01:40:16'),(79,21,18,'Pendiente',NULL,'2015-08-27 01:40:16');
/*!40000 ALTER TABLE `PLATOS_X_ORDEN` ENABLE KEYS */;
UNLOCK TABLES;

--
-- Table structure for table `PUESTOS`
--

DROP TABLE IF EXISTS `PUESTOS`;
/*!40101 SET @saved_cs_client     = @@character_set_client */;
/*!40101 SET character_set_client = utf8 */;
CREATE TABLE `PUESTOS` (
  `id_puesto` int(11) NOT NULL AUTO_INCREMENT,
  `nombre_puesto` varchar(50) NOT NULL,
  `descripcion_puesto` varchar(50) NOT NULL,
  PRIMARY KEY (`id_puesto`)
) ENGINE=InnoDB AUTO_INCREMENT=8 DEFAULT CHARSET=utf8;
/*!40101 SET character_set_client = @saved_cs_client */;

--
-- Dumping data for table `PUESTOS`
--

LOCK TABLES `PUESTOS` WRITE;
/*!40000 ALTER TABLE `PUESTOS` DISABLE KEYS */;
INSERT INTO `PUESTOS` VALUES (1,'Salonero','Entrega comida'),(2,'Cocinero','Cocina comida'),(3,'Administrador','Administra'),(4,'Miselaneo','Miselanea'),(5,'Cajero','Encargado de caja'),(6,'Soporte','Encargado de la tecnologías '),(7,'Recepcionista','Recibe a los clientes');
/*!40000 ALTER TABLE `PUESTOS` ENABLE KEYS */;
UNLOCK TABLES;

--
-- Table structure for table `RESERVACIONES`
--

DROP TABLE IF EXISTS `RESERVACIONES`;
/*!40101 SET @saved_cs_client     = @@character_set_client */;
/*!40101 SET character_set_client = utf8 */;
CREATE TABLE `RESERVACIONES` (
  `id_reservacion` int(11) NOT NULL AUTO_INCREMENT,
  `hora_reservacion` datetime NOT NULL,
  `id_usuario` int(11) NOT NULL,
  `id_mesa` int(11) NOT NULL,
  PRIMARY KEY (`id_reservacion`),
  KEY `usuarios_reservaciones_fk` (`id_usuario`),
  KEY `mesas_reservaciones_fk` (`id_mesa`),
  CONSTRAINT `mesas_reservaciones_fk` FOREIGN KEY (`id_mesa`) REFERENCES `MESAS` (`id_mesa`) ON DELETE NO ACTION ON UPDATE NO ACTION,
  CONSTRAINT `usuarios_reservaciones_fk` FOREIGN KEY (`id_usuario`) REFERENCES `USUARIOS` (`id_usuario`) ON DELETE NO ACTION ON UPDATE NO ACTION
) ENGINE=InnoDB AUTO_INCREMENT=20 DEFAULT CHARSET=utf8;
/*!40101 SET character_set_client = @saved_cs_client */;

--
-- Dumping data for table `RESERVACIONES`
--

LOCK TABLES `RESERVACIONES` WRITE;
/*!40000 ALTER TABLE `RESERVACIONES` DISABLE KEYS */;
INSERT INTO `RESERVACIONES` VALUES (14,'2015-08-27 23:00:00',12,14),(15,'2015-08-24 20:00:00',12,1),(16,'2015-08-25 19:00:00',12,1),(17,'2015-08-26 00:00:00',12,13),(18,'2015-08-26 23:00:00',12,10),(19,'2015-08-27 16:00:00',10,1);
/*!40000 ALTER TABLE `RESERVACIONES` ENABLE KEYS */;
UNLOCK TABLES;

--
-- Table structure for table `TIPO_PLATO`
--

DROP TABLE IF EXISTS `TIPO_PLATO`;
/*!40101 SET @saved_cs_client     = @@character_set_client */;
/*!40101 SET character_set_client = utf8 */;
CREATE TABLE `TIPO_PLATO` (
  `id_tipo` int(11) NOT NULL AUTO_INCREMENT,
  `nombre_tipo` varchar(50) NOT NULL,
  `descripcion` varchar(50) NOT NULL,
  PRIMARY KEY (`id_tipo`)
) ENGINE=InnoDB AUTO_INCREMENT=5 DEFAULT CHARSET=utf8;
/*!40101 SET character_set_client = @saved_cs_client */;

--
-- Dumping data for table `TIPO_PLATO`
--

LOCK TABLES `TIPO_PLATO` WRITE;
/*!40000 ALTER TABLE `TIPO_PLATO` DISABLE KEYS */;
INSERT INTO `TIPO_PLATO` VALUES (1,'Plato fuerte','Pastas estilo italiano'),(2,'Cóctel','Diferentes cockteles para el disfrute de los clien'),(3,'Carnes','Carnes de la mas alta calidad, los mejoeres cortes'),(4,'Lasagna','Lo mejor en lasagnas');
/*!40000 ALTER TABLE `TIPO_PLATO` ENABLE KEYS */;
UNLOCK TABLES;

--
-- Table structure for table `USUARIOS`
--

DROP TABLE IF EXISTS `USUARIOS`;
/*!40101 SET @saved_cs_client     = @@character_set_client */;
/*!40101 SET character_set_client = utf8 */;
CREATE TABLE `USUARIOS` (
  `id_usuario` int(11) NOT NULL AUTO_INCREMENT,
  `nombre_completo` varchar(50) NOT NULL,
  `nombre_usuario` varchar(50) NOT NULL,
  `clave_usuario` varchar(50) NOT NULL,
  `cedula` varchar(50) NOT NULL,
  `correo` varchar(50) NOT NULL,
  `id_puesto` int(11) DEFAULT NULL,
  `rol` varchar(20) NOT NULL,
  `estado_usuario` tinyint(1) NOT NULL,
  `telefono` varchar(20) NOT NULL,
  `direccion` varchar(100) NOT NULL,
  `fecha_nacimiento` date NOT NULL,
  `puntos` int(11) DEFAULT NULL,
  PRIMARY KEY (`id_usuario`),
  KEY `puestos_usuarios_fk` (`id_puesto`),
  CONSTRAINT `puestos_usuarios_fk` FOREIGN KEY (`id_puesto`) REFERENCES `PUESTOS` (`id_puesto`) ON DELETE NO ACTION ON UPDATE NO ACTION
) ENGINE=InnoDB AUTO_INCREMENT=16 DEFAULT CHARSET=utf8;
/*!40101 SET character_set_client = @saved_cs_client */;

--
-- Dumping data for table `USUARIOS`
--

LOCK TABLES `USUARIOS` WRITE;
/*!40000 ALTER TABLE `USUARIOS` DISABLE KEYS */;
INSERT INTO `USUARIOS` VALUES (1,'David Brenes','DBrenes','123','6549873216','sadf@sdafsad.ca',1,'Salonero',1,'65489630175','Pavas','1990-12-13',NULL),(2,'Alejandro Gomez','AGomez','123','65485215','654@sadf6.sadf',2,'Cocina',1,'896012153','Grecia','1995-09-06',NULL),(3,'Michael Flores','MFlores','123','654','654@dgs.safd',5,'Cajero',1,'654','Desamparados','1997-01-27',NULL),(4,'Miguel Gutierrez','root1','123456','64596301','mgutierrez@gamail.com',4,'Salonero',1,'89601236','Desamparados San Antonio','1996-08-09',NULL),(5,'Cindy Zamora','Cindy','asdf','654854887','cindyzamora@gmail.com',2,'Cocina',1,'89601325','San Miguel','1983-06-23',NULL),(6,'Andreina Alvarado','rootasdf','125243','987630124','andreina@gmail.com',2,'Cocina',0,'564654','s6adf4','1990-07-06',NULL),(7,'Lorena Alvarez','LAlvarez','56546','6669547852','lorena@gmail.com',1,'Salonero',0,'89630145','Desamparados','1950-11-20',NULL),(8,'Melanie Fallas Romero','MFallas','123','654123456','mela@gmail.com',3,'Administrador',1,'12345678','Desamparados','1997-01-27',NULL),(9,'Leonard Monge','LMonge','sad6f46','9876543216549','leonard@gmail.com',1,'Cliente',0,'89091230','Cartago','2013-10-29',0),(10,'Leonarodo Cruz Monge','LCruz','123','9874654987321','sdf@asd.ad',6,'Soporte',1,'654654','65a4s6','2013-10-29',NULL),(11,'Jhonny Camacho','JCamacho','123','123456789','jCamacho@gmail.com',6,'Soporte',1,'22226666','50 mts este Centro Comercial Guadalupe\nContiguo a KFC','1987-09-24',0),(12,'Sharon Hernandez','SHernandez','123','69543016','shernandez@gmail.com',NULL,'Cliente',1,'88963015','Desampadaros San Antonio','1997-07-31',NULL),(13,'Krystall Chaves','KChaves','123','689240166','chaves@gmail.com',NULL,'Cliente',1,'899301768','Tirrases','2011-06-16',NULL),(14,'Alvaro Cordero','ACordero','123','0000555546','acordero@gmai.com',NULL,'Cliente',1,'22222222','Sabanilla','2001-07-25',NULL),(15,'Bruce Wayne','Batman','123','12344565452','batman@gmail.com',2,'Cocina',0,'2222','Ciudad Gotica','1999-06-08',NULL);
/*!40000 ALTER TABLE `USUARIOS` ENABLE KEYS */;
UNLOCK TABLES;

--
-- Dumping routines for database 'cenfo_ps1'
--
/*!50003 DROP PROCEDURE IF EXISTS `anularFacturas` */;
/*!50003 SET @saved_cs_client      = @@character_set_client */ ;
/*!50003 SET @saved_cs_results     = @@character_set_results */ ;
/*!50003 SET @saved_col_connection = @@collation_connection */ ;
/*!50003 SET character_set_client  = utf8 */ ;
/*!50003 SET character_set_results = utf8 */ ;
/*!50003 SET collation_connection  = utf8_general_ci */ ;
/*!50003 SET @saved_sql_mode       = @@sql_mode */ ;
/*!50003 SET sql_mode              = 'STRICT_TRANS_TABLES,NO_ENGINE_SUBSTITUTION' */ ;
DELIMITER ;;
CREATE DEFINER=`root`@`localhost` PROCEDURE `anularFacturas`(IN `pid` INT(11))
    NO SQL
UPDATE FACTURAS
SET estado = 'Anulada'
WHERE id_factura = pid ;;
DELIMITER ;
/*!50003 SET sql_mode              = @saved_sql_mode */ ;
/*!50003 SET character_set_client  = @saved_cs_client */ ;
/*!50003 SET character_set_results = @saved_cs_results */ ;
/*!50003 SET collation_connection  = @saved_col_connection */ ;
/*!50003 DROP PROCEDURE IF EXISTS `borrar_metodo_pago` */;
/*!50003 SET @saved_cs_client      = @@character_set_client */ ;
/*!50003 SET @saved_cs_results     = @@character_set_results */ ;
/*!50003 SET @saved_col_connection = @@collation_connection */ ;
/*!50003 SET character_set_client  = utf8 */ ;
/*!50003 SET character_set_results = utf8 */ ;
/*!50003 SET collation_connection  = utf8_general_ci */ ;
/*!50003 SET @saved_sql_mode       = @@sql_mode */ ;
/*!50003 SET sql_mode              = 'STRICT_TRANS_TABLES,NO_ENGINE_SUBSTITUTION' */ ;
DELIMITER ;;
CREATE DEFINER=`root`@`%` PROCEDURE `borrar_metodo_pago`(pid_usuario int, pid_metodo int)
BEGIN
	CALL registrar_actividad(
		'Borrar',			-- Accion generada
		pid_usuario,		-- id usario que genera la accion
		null,			-- id plato
		null,			-- id puesto
		null,	-- id usuario alterado
		null,			-- id mesa
		null,		-- id factura
		null,			-- id orden
		null,		-- id reservacion
		pid_metodo		-- id metodo de pago
	);
    
	UPDATE METODOS_PAGO
	SET estado = 0
    WHERE id_metodo = pid_metodo;
END ;;
DELIMITER ;
/*!50003 SET sql_mode              = @saved_sql_mode */ ;
/*!50003 SET character_set_client  = @saved_cs_client */ ;
/*!50003 SET character_set_results = @saved_cs_results */ ;
/*!50003 SET collation_connection  = @saved_col_connection */ ;
/*!50003 DROP PROCEDURE IF EXISTS `buscarFactura` */;
/*!50003 SET @saved_cs_client      = @@character_set_client */ ;
/*!50003 SET @saved_cs_results     = @@character_set_results */ ;
/*!50003 SET @saved_col_connection = @@collation_connection */ ;
/*!50003 SET character_set_client  = utf8 */ ;
/*!50003 SET character_set_results = utf8 */ ;
/*!50003 SET collation_connection  = utf8_general_ci */ ;
/*!50003 SET @saved_sql_mode       = @@sql_mode */ ;
/*!50003 SET sql_mode              = 'STRICT_TRANS_TABLES,NO_ENGINE_SUBSTITUTION' */ ;
DELIMITER ;;
CREATE DEFINER=`root`@`localhost` PROCEDURE `buscarFactura`(IN `pid` INT(11))
    NO SQL
SELECT * FROM FACTURAS WHERE id_factura = pid ;;
DELIMITER ;
/*!50003 SET sql_mode              = @saved_sql_mode */ ;
/*!50003 SET character_set_client  = @saved_cs_client */ ;
/*!50003 SET character_set_results = @saved_cs_results */ ;
/*!50003 SET collation_connection  = @saved_col_connection */ ;
/*!50003 DROP PROCEDURE IF EXISTS `buscar_metodo_pago` */;
/*!50003 SET @saved_cs_client      = @@character_set_client */ ;
/*!50003 SET @saved_cs_results     = @@character_set_results */ ;
/*!50003 SET @saved_col_connection = @@collation_connection */ ;
/*!50003 SET character_set_client  = utf8 */ ;
/*!50003 SET character_set_results = utf8 */ ;
/*!50003 SET collation_connection  = utf8_general_ci */ ;
/*!50003 SET @saved_sql_mode       = @@sql_mode */ ;
/*!50003 SET sql_mode              = 'STRICT_TRANS_TABLES,NO_ENGINE_SUBSTITUTION' */ ;
DELIMITER ;;
CREATE DEFINER=`root`@`%` PROCEDURE `buscar_metodo_pago`(pid_metodo int)
BEGIN
	SELECT * FROM METODOS_PAGO WHERE id_metodo = pid_metodo;
END ;;
DELIMITER ;
/*!50003 SET sql_mode              = @saved_sql_mode */ ;
/*!50003 SET character_set_client  = @saved_cs_client */ ;
/*!50003 SET character_set_results = @saved_cs_results */ ;
/*!50003 SET collation_connection  = @saved_col_connection */ ;
/*!50003 DROP PROCEDURE IF EXISTS `buscar_usuario` */;
/*!50003 SET @saved_cs_client      = @@character_set_client */ ;
/*!50003 SET @saved_cs_results     = @@character_set_results */ ;
/*!50003 SET @saved_col_connection = @@collation_connection */ ;
/*!50003 SET character_set_client  = utf8 */ ;
/*!50003 SET character_set_results = utf8 */ ;
/*!50003 SET collation_connection  = utf8_general_ci */ ;
/*!50003 SET @saved_sql_mode       = @@sql_mode */ ;
/*!50003 SET sql_mode              = 'STRICT_TRANS_TABLES,NO_ENGINE_SUBSTITUTION' */ ;
DELIMITER ;;
CREATE DEFINER=`root`@`%` PROCEDURE `buscar_usuario`(pid_usuario int)
BEGIN
	SELECT *
		FROM USUARIOS
		LEFT JOIN PUESTOS
		ON USUARIOS.id_puesto = PUESTOS.id_puesto
		WHERE id_usuario = pid_usuario;
END ;;
DELIMITER ;
/*!50003 SET sql_mode              = @saved_sql_mode */ ;
/*!50003 SET character_set_client  = @saved_cs_client */ ;
/*!50003 SET character_set_results = @saved_cs_results */ ;
/*!50003 SET collation_connection  = @saved_col_connection */ ;
/*!50003 DROP PROCEDURE IF EXISTS `cancelarReservaciones` */;
/*!50003 SET @saved_cs_client      = @@character_set_client */ ;
/*!50003 SET @saved_cs_results     = @@character_set_results */ ;
/*!50003 SET @saved_col_connection = @@collation_connection */ ;
/*!50003 SET character_set_client  = utf8 */ ;
/*!50003 SET character_set_results = utf8 */ ;
/*!50003 SET collation_connection  = utf8_general_ci */ ;
/*!50003 SET @saved_sql_mode       = @@sql_mode */ ;
/*!50003 SET sql_mode              = 'STRICT_TRANS_TABLES,NO_ENGINE_SUBSTITUTION' */ ;
DELIMITER ;;
CREATE DEFINER=`root`@`localhost` PROCEDURE `cancelarReservaciones`(IN `pid` INT(11))
    NO SQL
DELETE FROM RESERVACIONES
WHERE id_reservacion=pid ;;
DELIMITER ;
/*!50003 SET sql_mode              = @saved_sql_mode */ ;
/*!50003 SET character_set_client  = @saved_cs_client */ ;
/*!50003 SET character_set_results = @saved_cs_results */ ;
/*!50003 SET collation_connection  = @saved_col_connection */ ;
/*!50003 DROP PROCEDURE IF EXISTS `crear_orden` */;
/*!50003 SET @saved_cs_client      = @@character_set_client */ ;
/*!50003 SET @saved_cs_results     = @@character_set_results */ ;
/*!50003 SET @saved_col_connection = @@collation_connection */ ;
/*!50003 SET character_set_client  = utf8 */ ;
/*!50003 SET character_set_results = utf8 */ ;
/*!50003 SET collation_connection  = utf8_general_ci */ ;
/*!50003 SET @saved_sql_mode       = @@sql_mode */ ;
/*!50003 SET sql_mode              = 'STRICT_TRANS_TABLES,NO_ENGINE_SUBSTITUTION' */ ;
DELIMITER ;;
CREATE DEFINER=`root`@`localhost` PROCEDURE `crear_orden`(pid_mesa int, ptipo_orden int)
BEGIN
	INSERT INTO ORDENES (id_mesa, tipo_orden) VALUES (pid_mesa, ptipo_orden);
	SELECT MAX(id_orden) AS id_orden FROM ORDENES;
END ;;
DELIMITER ;
/*!50003 SET sql_mode              = @saved_sql_mode */ ;
/*!50003 SET character_set_client  = @saved_cs_client */ ;
/*!50003 SET character_set_results = @saved_cs_results */ ;
/*!50003 SET collation_connection  = @saved_col_connection */ ;
/*!50003 DROP PROCEDURE IF EXISTS `existencia_metodo_pago` */;
/*!50003 SET @saved_cs_client      = @@character_set_client */ ;
/*!50003 SET @saved_cs_results     = @@character_set_results */ ;
/*!50003 SET @saved_col_connection = @@collation_connection */ ;
/*!50003 SET character_set_client  = utf8 */ ;
/*!50003 SET character_set_results = utf8 */ ;
/*!50003 SET collation_connection  = utf8_general_ci */ ;
/*!50003 SET @saved_sql_mode       = @@sql_mode */ ;
/*!50003 SET sql_mode              = 'STRICT_TRANS_TABLES,NO_ENGINE_SUBSTITUTION' */ ;
DELIMITER ;;
CREATE DEFINER=`root`@`%` PROCEDURE `existencia_metodo_pago`(pid_usuario int, pnumero_tarjeta varchar(30), pnombre_tarjeta varchar(30),
	panio int, pmes int)
BEGIN
	SELECT * FROM METODOS_PAGO 
	WHERE id_usuario = pid_usuario
		AND numero_tarjeta = pnumero_tarjeta
		AND nombre_tarjeta = pnombre_tarjeta
		AND anio_vencimiento = panio
		AND mes_vencimiento = pmes
		AND estado = 1;
END ;;
DELIMITER ;
/*!50003 SET sql_mode              = @saved_sql_mode */ ;
/*!50003 SET character_set_client  = @saved_cs_client */ ;
/*!50003 SET character_set_results = @saved_cs_results */ ;
/*!50003 SET collation_connection  = @saved_col_connection */ ;
/*!50003 DROP PROCEDURE IF EXISTS `existencia_usuario` */;
/*!50003 SET @saved_cs_client      = @@character_set_client */ ;
/*!50003 SET @saved_cs_results     = @@character_set_results */ ;
/*!50003 SET @saved_col_connection = @@collation_connection */ ;
/*!50003 SET character_set_client  = utf8 */ ;
/*!50003 SET character_set_results = utf8 */ ;
/*!50003 SET collation_connection  = utf8_general_ci */ ;
/*!50003 SET @saved_sql_mode       = @@sql_mode */ ;
/*!50003 SET sql_mode              = 'STRICT_TRANS_TABLES,NO_ENGINE_SUBSTITUTION' */ ;
DELIMITER ;;
CREATE DEFINER=`root`@`%` PROCEDURE `existencia_usuario`(pnombre_usuario varchar(50), pcedula varchar(50))
BEGIN
	SELECT * FROM USUARIOS WHERE nombre_usuario = pnombre_usuario OR cedula = pcedula;
END ;;
DELIMITER ;
/*!50003 SET sql_mode              = @saved_sql_mode */ ;
/*!50003 SET character_set_client  = @saved_cs_client */ ;
/*!50003 SET character_set_results = @saved_cs_results */ ;
/*!50003 SET collation_connection  = @saved_col_connection */ ;
/*!50003 DROP PROCEDURE IF EXISTS `ingresarReservacion` */;
/*!50003 SET @saved_cs_client      = @@character_set_client */ ;
/*!50003 SET @saved_cs_results     = @@character_set_results */ ;
/*!50003 SET @saved_col_connection = @@collation_connection */ ;
/*!50003 SET character_set_client  = utf8 */ ;
/*!50003 SET character_set_results = utf8 */ ;
/*!50003 SET collation_connection  = utf8_general_ci */ ;
/*!50003 SET @saved_sql_mode       = @@sql_mode */ ;
/*!50003 SET sql_mode              = 'STRICT_TRANS_TABLES,NO_ENGINE_SUBSTITUTION' */ ;
DELIMITER ;;
CREATE DEFINER=`root`@`localhost` PROCEDURE `ingresarReservacion`(IN `phora` VARCHAR(15), IN `pid_mesa` INT(11), IN `pid_usuario` INT(11))
    NO SQL
INSERT INTO RESERVACIONES(hora_reservacion, id_mesa, id_usuario) 
VALUES(FROM_UNIXTIME(phora) ,pid_mesa,pid_usuario ) ;;
DELIMITER ;
/*!50003 SET sql_mode              = @saved_sql_mode */ ;
/*!50003 SET character_set_client  = @saved_cs_client */ ;
/*!50003 SET character_set_results = @saved_cs_results */ ;
/*!50003 SET collation_connection  = @saved_col_connection */ ;
/*!50003 DROP PROCEDURE IF EXISTS `insertarFacturas` */;
/*!50003 SET @saved_cs_client      = @@character_set_client */ ;
/*!50003 SET @saved_cs_results     = @@character_set_results */ ;
/*!50003 SET @saved_col_connection = @@collation_connection */ ;
/*!50003 SET character_set_client  = utf8 */ ;
/*!50003 SET character_set_results = utf8 */ ;
/*!50003 SET collation_connection  = utf8_general_ci */ ;
/*!50003 SET @saved_sql_mode       = @@sql_mode */ ;
/*!50003 SET sql_mode              = 'STRICT_TRANS_TABLES,NO_ENGINE_SUBSTITUTION' */ ;
DELIMITER ;;
CREATE DEFINER=`root`@`localhost` PROCEDURE `insertarFacturas`(IN `pid_orden` INT(11), IN `ptotal` INT(11), IN `pestado` VARCHAR(25), IN `pfecha` varchar(15), IN `pdescuento` INT(11), IN `pid_cajero` INT(11), IN `pid_cliente` INT(11))
BEGIN
INSERT INTO FACTURAS(
	id_orden,
	total,
    id_cliente,
    id_cajero,
    estado,
    fecha_hora,
    descuento)
VALUES (
	pid_orden,
    ptotal,
    pid_cliente,
    pid_cajero,
    pestado,
    NOW(),
   -- FROM_UNIXTIME(pfecha),
    pdescuento);
    
	UPDATE ORDENES
	SET tipo_orden = 3
	WHERE id_orden = pid_orden;

END ;;
DELIMITER ;
/*!50003 SET sql_mode              = @saved_sql_mode */ ;
/*!50003 SET character_set_client  = @saved_cs_client */ ;
/*!50003 SET character_set_results = @saved_cs_results */ ;
/*!50003 SET collation_connection  = @saved_col_connection */ ;
/*!50003 DROP PROCEDURE IF EXISTS `insertarPuntosCliente` */;
/*!50003 SET @saved_cs_client      = @@character_set_client */ ;
/*!50003 SET @saved_cs_results     = @@character_set_results */ ;
/*!50003 SET @saved_col_connection = @@collation_connection */ ;
/*!50003 SET character_set_client  = utf8 */ ;
/*!50003 SET character_set_results = utf8 */ ;
/*!50003 SET collation_connection  = utf8_general_ci */ ;
/*!50003 SET @saved_sql_mode       = @@sql_mode */ ;
/*!50003 SET sql_mode              = 'STRICT_TRANS_TABLES,NO_ENGINE_SUBSTITUTION' */ ;
DELIMITER ;;
CREATE DEFINER=`root`@`localhost` PROCEDURE `insertarPuntosCliente`(IN `ppuntos` INT(11), IN `pid` INT(11))
    NO SQL
UPDATE USUARIOS
SET puntos=ppuntos
WHERE id_usuario = pid ;;
DELIMITER ;
/*!50003 SET sql_mode              = @saved_sql_mode */ ;
/*!50003 SET character_set_client  = @saved_cs_client */ ;
/*!50003 SET character_set_results = @saved_cs_results */ ;
/*!50003 SET collation_connection  = @saved_col_connection */ ;
/*!50003 DROP PROCEDURE IF EXISTS `insertar_mesa` */;
/*!50003 SET @saved_cs_client      = @@character_set_client */ ;
/*!50003 SET @saved_cs_results     = @@character_set_results */ ;
/*!50003 SET @saved_col_connection = @@collation_connection */ ;
/*!50003 SET character_set_client  = utf8 */ ;
/*!50003 SET character_set_results = utf8 */ ;
/*!50003 SET collation_connection  = utf8_general_ci */ ;
/*!50003 SET @saved_sql_mode       = @@sql_mode */ ;
/*!50003 SET sql_mode              = 'STRICT_TRANS_TABLES,NO_ENGINE_SUBSTITUTION' */ ;
DELIMITER ;;
CREATE DEFINER=`root`@`%` PROCEDURE `insertar_mesa`(pid_usuario int,
	pnombre_mesa varchar(50), pcapacidad_mesa int, ppreferencial boolean,
    pid_mesero int, pactivo boolean)
BEGIN
	INSERT INTO MESAS (
					nombre_mesa,
					capacidad_mesa,
					id_mesero,
					preferencial,
                    estado,
					activo
				)
			VALUES (
				pnombre_mesa,
				pcapacidad_mesa,
				pid_mesero,
				ppreferencial,
                'Libre',
				pactivo
			);
            
	    CALL registrar_actividad(
		'Ingresar',			-- Accion generada
		pid_usuario,		-- id usario que genera la accion
		null,			-- id plato
		null,			-- id puesto
		null,	-- id usuario alterado
		(
			SELECT MAX(id_mesa)
			FROM MESAS
		),			-- id mesa
		null,		-- id factura
		null,			-- id orden
		null,		-- id reservacion
		null		-- id metodo de pago
	);
	
END ;;
DELIMITER ;
/*!50003 SET sql_mode              = @saved_sql_mode */ ;
/*!50003 SET character_set_client  = @saved_cs_client */ ;
/*!50003 SET character_set_results = @saved_cs_results */ ;
/*!50003 SET collation_connection  = @saved_col_connection */ ;
/*!50003 DROP PROCEDURE IF EXISTS `insertar_metodo_pago` */;
/*!50003 SET @saved_cs_client      = @@character_set_client */ ;
/*!50003 SET @saved_cs_results     = @@character_set_results */ ;
/*!50003 SET @saved_col_connection = @@collation_connection */ ;
/*!50003 SET character_set_client  = utf8 */ ;
/*!50003 SET character_set_results = utf8 */ ;
/*!50003 SET collation_connection  = utf8_general_ci */ ;
/*!50003 SET @saved_sql_mode       = @@sql_mode */ ;
/*!50003 SET sql_mode              = 'STRICT_TRANS_TABLES,NO_ENGINE_SUBSTITUTION' */ ;
DELIMITER ;;
CREATE DEFINER=`root`@`%` PROCEDURE `insertar_metodo_pago`(pid_usuario int, pnumero_tarjeta varchar(30), pnombre_tarjeta varchar(30),
	ppid_tarjeta varchar(10), panio_vencimiento int, pmes_vencimiento int)
BEGIN
	INSERT INTO METODOS_PAGO (
		id_usuario,
        nombre_tarjeta,
        numero_tarjeta,
        pid_tarjeta,
        anio_vencimiento,
        mes_vencimiento,
        estado)
	VALUES (
		pid_usuario,
        pnombre_tarjeta,
        pnumero_tarjeta,
        ppid_tarjeta,
        panio_vencimiento,
        pmes_vencimiento,
        1);
        
	CALL registrar_actividad(
		'Ingresar',			-- Accion generada
		pid_usuario,		-- id usario que genera la accion
		null,			-- id plato
		null,			-- id puesto
		null,	-- id usuario alterado
		null,			-- id mesa
		null,		-- id factura
		null,			-- id orden
		null,		-- id reservacion
		(
			SELECT id_metodo
			FROM METODOS_PAGO
            WHERE id_usuario = pid_usuario
            AND estado = true
            ORDER BY id_metodo DESC
            LIMIT 1
		)		-- id metodo de pago
	);
END ;;
DELIMITER ;
/*!50003 SET sql_mode              = @saved_sql_mode */ ;
/*!50003 SET character_set_client  = @saved_cs_client */ ;
/*!50003 SET character_set_results = @saved_cs_results */ ;
/*!50003 SET collation_connection  = @saved_col_connection */ ;
/*!50003 DROP PROCEDURE IF EXISTS `insertar_plato` */;
/*!50003 SET @saved_cs_client      = @@character_set_client */ ;
/*!50003 SET @saved_cs_results     = @@character_set_results */ ;
/*!50003 SET @saved_col_connection = @@collation_connection */ ;
/*!50003 SET character_set_client  = utf8 */ ;
/*!50003 SET character_set_results = utf8 */ ;
/*!50003 SET collation_connection  = utf8_general_ci */ ;
/*!50003 SET @saved_sql_mode       = @@sql_mode */ ;
/*!50003 SET sql_mode              = 'STRICT_TRANS_TABLES,NO_ENGINE_SUBSTITUTION' */ ;
DELIMITER ;;
CREATE DEFINER=`root`@`localhost` PROCEDURE `insertar_plato`(pid_usuario int, pnombre_plato varchar(50), pingredientes varchar(200),
	pdescripcion varchar(450), pprecio_plato decimal, pcalorias decimal, pid_tipo int,
	purl_imagen longtext, pactivo boolean)
BEGIN
	INSERT INTO PLATOS
		(nombre_plato,
		ingredientes,
		descripcion,
		precio_plato,
		calorias,
		id_tipo,
		url_imagen,
		activo)
	VALUES
		(pnombre_plato,
		pingredientes,
		pdescripcion,
		pprecio_plato,
		pcalorias,
		pid_tipo,
		purl_imagen,
		pactivo );
	
    SET @last_plato = (SELECT MAX(id_plato) FROM PLATOS);
    
	CALL registrar_actividad(
		'Ingresar',			-- Accion generada
		pid_usuario,		-- id usario que genera la accion
		@last_plato,			-- id plato
		null,			-- id puesto
		null,	-- id usuario alterado
		null,			-- id mesa
		null,		-- id factura
		null,			-- id orden
		null,		-- id reservacion
		null		-- id metodo de pago
	);
END ;;
DELIMITER ;
/*!50003 SET sql_mode              = @saved_sql_mode */ ;
/*!50003 SET character_set_client  = @saved_cs_client */ ;
/*!50003 SET character_set_results = @saved_cs_results */ ;
/*!50003 SET collation_connection  = @saved_col_connection */ ;
/*!50003 DROP PROCEDURE IF EXISTS `insertar_usuario` */;
/*!50003 SET @saved_cs_client      = @@character_set_client */ ;
/*!50003 SET @saved_cs_results     = @@character_set_results */ ;
/*!50003 SET @saved_col_connection = @@collation_connection */ ;
/*!50003 SET character_set_client  = utf8 */ ;
/*!50003 SET character_set_results = utf8 */ ;
/*!50003 SET collation_connection  = utf8_general_ci */ ;
/*!50003 SET @saved_sql_mode       = @@sql_mode */ ;
/*!50003 SET sql_mode              = 'STRICT_TRANS_TABLES,NO_ENGINE_SUBSTITUTION' */ ;
DELIMITER ;;
CREATE DEFINER=`root`@`%` PROCEDURE `insertar_usuario`(pid_usuario int, pnombre_completo varchar(50), pnombre_usuario varchar(50), pclave_usuario varchar(50),
	pcedula varchar(50), pcorreo varchar(50), pid_puesto int, prol varchar(20), pestado_usuario Boolean,
    ptelefono varchar(20), pdireccion varchar(100), pfecha_nacimiento date)
BEGIN
	INSERT INTO USUARIOS (
		nombre_completo,
		nombre_usuario,
		clave_usuario,
		cedula,
		correo,
		id_puesto,
		rol,
		estado_usuario,
		telefono,
		direccion,
		fecha_nacimiento)
	VALUES (
		pnombre_completo,
		pnombre_usuario,
		pclave_usuario,
		pcedula,
		pcorreo,
		pid_puesto,
		prol,
		pestado_usuario,
		ptelefono,
		pdireccion,
		pfecha_nacimiento
	);
    
    CALL registrar_actividad(
		'Ingresar',			-- Accion generada
		pid_usuario,		-- id usario que genera la accion
		null,			-- id plato
		null,			-- id puesto
		(
			SELECT id_usuario
			FROM USUARIOS
            ORDER BY id_usuario DESC
            LIMIT 1
		),	-- id usuario alterado
		null,			-- id mesa
		null,		-- id factura
		null,			-- id orden
		null,		-- id reservacion
		null		-- id metodo de pago
	);
END ;;
DELIMITER ;
/*!50003 SET sql_mode              = @saved_sql_mode */ ;
/*!50003 SET character_set_client  = @saved_cs_client */ ;
/*!50003 SET character_set_results = @saved_cs_results */ ;
/*!50003 SET collation_connection  = @saved_col_connection */ ;
/*!50003 DROP PROCEDURE IF EXISTS `modificar_metodo_pago` */;
/*!50003 SET @saved_cs_client      = @@character_set_client */ ;
/*!50003 SET @saved_cs_results     = @@character_set_results */ ;
/*!50003 SET @saved_col_connection = @@collation_connection */ ;
/*!50003 SET character_set_client  = utf8 */ ;
/*!50003 SET character_set_results = utf8 */ ;
/*!50003 SET collation_connection  = utf8_general_ci */ ;
/*!50003 SET @saved_sql_mode       = @@sql_mode */ ;
/*!50003 SET sql_mode              = 'STRICT_TRANS_TABLES,NO_ENGINE_SUBSTITUTION' */ ;
DELIMITER ;;
CREATE DEFINER=`root`@`localhost` PROCEDURE `modificar_metodo_pago`(pid_usuario int, pnumero_tarjeta varchar(30),
	pnombre_tarjeta varchar(30), panio_vencimiento int, pmes_vencimiento int, pid_metodo int,
    pid_tarjeta varchar(10))
BEGIN
	
    CALL registrar_actividad(
		'Modificar',			-- Accion generada
		pid_usuario,		-- id usario que genera la accion
		null,			-- id plato
		null,			-- id puesto
		null,	-- id usuario alterado
		null,			-- id mesa
		null,		-- id factura
		null,			-- id orden
		null,		-- id reservacion
		pid_metodo		-- id metodo de pago
	);

	UPDATE METODOS_PAGO
	SET nombre_tarjeta = pnombre_tarjeta,
		numero_tarjeta = pnumero_tarjeta,
		pid_tarjeta = pid_tarjeta,
		anio_vencimiento = panio_vencimiento,
		mes_vencimiento = pmes_vencimiento
	WHERE id_metodo = pid_metodo;
END ;;
DELIMITER ;
/*!50003 SET sql_mode              = @saved_sql_mode */ ;
/*!50003 SET character_set_client  = @saved_cs_client */ ;
/*!50003 SET character_set_results = @saved_cs_results */ ;
/*!50003 SET collation_connection  = @saved_col_connection */ ;
/*!50003 DROP PROCEDURE IF EXISTS `modificar_usuario` */;
/*!50003 SET @saved_cs_client      = @@character_set_client */ ;
/*!50003 SET @saved_cs_results     = @@character_set_results */ ;
/*!50003 SET @saved_col_connection = @@collation_connection */ ;
/*!50003 SET character_set_client  = utf8 */ ;
/*!50003 SET character_set_results = utf8 */ ;
/*!50003 SET collation_connection  = utf8_general_ci */ ;
/*!50003 SET @saved_sql_mode       = @@sql_mode */ ;
/*!50003 SET sql_mode              = 'STRICT_TRANS_TABLES,NO_ENGINE_SUBSTITUTION' */ ;
DELIMITER ;;
CREATE DEFINER=`root`@`localhost` PROCEDURE `modificar_usuario`(pnombre_completo varchar(50), pnombre_usuario varchar(50),
	pclave_usuario varchar(50), pcedula varchar(50), pcorreo varchar(50), pid_puesto int,
    prol varchar(20), pestado_usuario Boolean, ptelefono varchar(20), pdireccion varchar(100),
    pfecha_nacimiento date, pid_usuarioMod int, pid_usuario int)
BEGIN
	
    CALL registrar_actividad(
		'Modificar',			-- Accion generada
		pid_usuario,		-- id usario que genera la accion
		null,			-- id plato
		null,			-- id puesto
		pid_usuarioMod,	-- id usuario alterado
		null,			-- id mesa
		null,		-- id factura
		null,			-- id orden
		null,		-- id reservacion
		null		-- id metodo de pago
	);

	UPDATE USUARIOS
	SET nombre_completo = pnombre_completo,
		nombre_usuario = pnombre_usuario,
		clave_usuario = pclave_usuario,
		cedula = pcedula,
		correo = pcorreo,
		id_puesto = pid_puesto,
		rol = prol,
		estado_usuario = pestado_usuario,
		telefono = ptelefono,
		direccion = pdireccion,
		fecha_nacimiento = pfecha_nacimiento
	WHERE id_usuario = pid_usuarioMod;
END ;;
DELIMITER ;
/*!50003 SET sql_mode              = @saved_sql_mode */ ;
/*!50003 SET character_set_client  = @saved_cs_client */ ;
/*!50003 SET character_set_results = @saved_cs_results */ ;
/*!50003 SET collation_connection  = @saved_col_connection */ ;
/*!50003 DROP PROCEDURE IF EXISTS `obtenerClientes` */;
/*!50003 SET @saved_cs_client      = @@character_set_client */ ;
/*!50003 SET @saved_cs_results     = @@character_set_results */ ;
/*!50003 SET @saved_col_connection = @@collation_connection */ ;
/*!50003 SET character_set_client  = utf8 */ ;
/*!50003 SET character_set_results = utf8 */ ;
/*!50003 SET collation_connection  = utf8_general_ci */ ;
/*!50003 SET @saved_sql_mode       = @@sql_mode */ ;
/*!50003 SET sql_mode              = 'STRICT_TRANS_TABLES,NO_ENGINE_SUBSTITUTION' */ ;
DELIMITER ;;
CREATE DEFINER=`root`@`localhost` PROCEDURE `obtenerClientes`(IN `pnombre` VARCHAR(50))
    NO SQL
SELECT * FROM USUARIOS WHERE rol = 'cliente' AND nombre_usuario = pnombre ;;
DELIMITER ;
/*!50003 SET sql_mode              = @saved_sql_mode */ ;
/*!50003 SET character_set_client  = @saved_cs_client */ ;
/*!50003 SET character_set_results = @saved_cs_results */ ;
/*!50003 SET collation_connection  = @saved_col_connection */ ;
/*!50003 DROP PROCEDURE IF EXISTS `obtenerMesasLibres` */;
/*!50003 SET @saved_cs_client      = @@character_set_client */ ;
/*!50003 SET @saved_cs_results     = @@character_set_results */ ;
/*!50003 SET @saved_col_connection = @@collation_connection */ ;
/*!50003 SET character_set_client  = utf8 */ ;
/*!50003 SET character_set_results = utf8 */ ;
/*!50003 SET collation_connection  = utf8_general_ci */ ;
/*!50003 SET @saved_sql_mode       = @@sql_mode */ ;
/*!50003 SET sql_mode              = 'STRICT_TRANS_TABLES,NO_ENGINE_SUBSTITUTION' */ ;
DELIMITER ;;
CREATE DEFINER=`root`@`localhost` PROCEDURE `obtenerMesasLibres`(IN `pfecha_hora` INT(15))
BEGIN
	SET @fecha = FROM_UNIXTIME(pfecha_hora);
    SET @pre = (SELECT duracion_reserva FROM GENERAL) - 1;
    
	SELECT *
    FROM MESAS
    WHERE id_mesa NOT IN(
		SELECT id_mesa
        FROM RESERVACIONES
		WHERE DATE(hora_reservacion) = DATE(@fecha) 
		AND HOUR(hora_reservacion) = HOUR(@fecha)
        AND HOUR(@fecha) = (HOUR(hora_reservacion) - @pre)
	);
END ;;
DELIMITER ;
/*!50003 SET sql_mode              = @saved_sql_mode */ ;
/*!50003 SET character_set_client  = @saved_cs_client */ ;
/*!50003 SET character_set_results = @saved_cs_results */ ;
/*!50003 SET collation_connection  = @saved_col_connection */ ;
/*!50003 DROP PROCEDURE IF EXISTS `obtenerTiempoReservacion` */;
/*!50003 SET @saved_cs_client      = @@character_set_client */ ;
/*!50003 SET @saved_cs_results     = @@character_set_results */ ;
/*!50003 SET @saved_col_connection = @@collation_connection */ ;
/*!50003 SET character_set_client  = utf8 */ ;
/*!50003 SET character_set_results = utf8 */ ;
/*!50003 SET collation_connection  = utf8_general_ci */ ;
/*!50003 SET @saved_sql_mode       = @@sql_mode */ ;
/*!50003 SET sql_mode              = 'STRICT_TRANS_TABLES,NO_ENGINE_SUBSTITUTION' */ ;
DELIMITER ;;
CREATE DEFINER=`root`@`localhost` PROCEDURE `obtenerTiempoReservacion`()
    NO SQL
SELECT duracion_reserva FROM GENERAL ORDER BY id DESC LIMIT 1 ;;
DELIMITER ;
/*!50003 SET sql_mode              = @saved_sql_mode */ ;
/*!50003 SET character_set_client  = @saved_cs_client */ ;
/*!50003 SET character_set_results = @saved_cs_results */ ;
/*!50003 SET collation_connection  = @saved_col_connection */ ;
/*!50003 DROP PROCEDURE IF EXISTS `obtener_bitacora` */;
/*!50003 SET @saved_cs_client      = @@character_set_client */ ;
/*!50003 SET @saved_cs_results     = @@character_set_results */ ;
/*!50003 SET @saved_col_connection = @@collation_connection */ ;
/*!50003 SET character_set_client  = utf8 */ ;
/*!50003 SET character_set_results = utf8 */ ;
/*!50003 SET collation_connection  = utf8_general_ci */ ;
/*!50003 SET @saved_sql_mode       = @@sql_mode */ ;
/*!50003 SET sql_mode              = 'STRICT_TRANS_TABLES,NO_ENGINE_SUBSTITUTION' */ ;
DELIMITER ;;
CREATE DEFINER=`root`@`%` PROCEDURE `obtener_bitacora`(pnombre_usuario varchar(100), pfecha_inicio date,
	pfecha_final date)
BEGIN
	SELECT
		bi.id_bitacora,
		bi.fecha_hora,
		u.nombre_usuario,
        bi.accion,
		CASE
			WHEN bi.id_plato IS NOT NULL THEN (
				SELECT nombre_tipo
                FROM TIPO_PLATO
                WHERE id_tipo = (
					SELECT id_tipo
                    FROM PLATOS
                    WHERE id_plato = bi.id_plato
				)
			)
			WHEN bi.id_puesto IS NOT NULL THEN "Puesto"
			WHEN bi.usuario_alterado IS NOT NULL THEN "Usuario"
			WHEN bi.id_mesa IS NOT NULL THEN "Mesa"
			WHEN bi.id_factura IS NOT NULL THEN "Factura"
			WHEN bi.id_orden IS NOT NULL THEN "Orden"
			WHEN bi.id_reservacion IS NOT NULL THEN "Reservacion"
			WHEN bi.id_metodo IS NOT NULL THEN "Metodo pago"
		END AS tipo_elemento,
		CASE
			WHEN bi.id_plato IS NOT NULL THEN pa.nombre_plato
			WHEN bi.id_puesto IS NOT NULL THEN pu.nombre_puesto
			WHEN bi.usuario_alterado IS NOT NULL THEN ua.nombre_usuario
			WHEN bi.id_mesa IS NOT NULL THEN m.nombre_mesa
			WHEN bi.id_factura IS NOT NULL THEN f.id_factura
			WHEN bi.id_orden IS NOT NULL THEN o.id_orden
			WHEN bi.id_reservacion IS NOT NULL THEN r.id_reservacion
			WHEN bi.id_metodo IS NOT NULL THEN RIGHT(numero_tarjeta, 4)
		END AS nombre_elemento
	FROM
		BITACORA AS bi
	LEFT JOIN PLATOS AS pa ON bi.id_plato = pa.id_plato
	LEFT JOIN PUESTOS AS pu ON bi.id_puesto = pu.id_puesto
	LEFT JOIN USUARIOS AS u ON bi.id_usuario = u.id_usuario
	LEFT JOIN USUARIOS AS ua ON bi.usuario_alterado = ua.id_usuario
	LEFT JOIN MESAS AS m ON bi.id_mesa = m.id_mesa
	LEFT JOIN FACTURAS AS f ON bi.id_factura = f.id_factura
	LEFT JOIN ORDENES AS o ON bi.id_orden = o.id_orden
	LEFT JOIN RESERVACIONES AS r ON bi.id_reservacion = r.id_reservacion
	LEFT JOIN METODOS_PAGO as mp ON bi.id_metodo = mp.id_metodo
    WHERE u.nombre_usuario LIKE pnombre_usuario
	AND DATE(bi.fecha_hora) BETWEEN pfecha_inicio AND pfecha_final
	GROUP BY
		id_bitacora;
END ;;
DELIMITER ;
/*!50003 SET sql_mode              = @saved_sql_mode */ ;
/*!50003 SET character_set_client  = @saved_cs_client */ ;
/*!50003 SET character_set_results = @saved_cs_results */ ;
/*!50003 SET collation_connection  = @saved_col_connection */ ;
/*!50003 DROP PROCEDURE IF EXISTS `obtener_mesas` */;
/*!50003 SET @saved_cs_client      = @@character_set_client */ ;
/*!50003 SET @saved_cs_results     = @@character_set_results */ ;
/*!50003 SET @saved_col_connection = @@collation_connection */ ;
/*!50003 SET character_set_client  = utf8 */ ;
/*!50003 SET character_set_results = utf8 */ ;
/*!50003 SET collation_connection  = utf8_general_ci */ ;
/*!50003 SET @saved_sql_mode       = @@sql_mode */ ;
/*!50003 SET sql_mode              = 'STRICT_TRANS_TABLES,NO_ENGINE_SUBSTITUTION' */ ;
DELIMITER ;;
CREATE DEFINER=`root`@`%` PROCEDURE `obtener_mesas`()
BEGIN
	SELECT *
    FROM MESAS;

END ;;
DELIMITER ;
/*!50003 SET sql_mode              = @saved_sql_mode */ ;
/*!50003 SET character_set_client  = @saved_cs_client */ ;
/*!50003 SET character_set_results = @saved_cs_results */ ;
/*!50003 SET collation_connection  = @saved_col_connection */ ;
/*!50003 DROP PROCEDURE IF EXISTS `obtener_metodos_pago_usuario` */;
/*!50003 SET @saved_cs_client      = @@character_set_client */ ;
/*!50003 SET @saved_cs_results     = @@character_set_results */ ;
/*!50003 SET @saved_col_connection = @@collation_connection */ ;
/*!50003 SET character_set_client  = utf8 */ ;
/*!50003 SET character_set_results = utf8 */ ;
/*!50003 SET collation_connection  = utf8_general_ci */ ;
/*!50003 SET @saved_sql_mode       = @@sql_mode */ ;
/*!50003 SET sql_mode              = 'STRICT_TRANS_TABLES,NO_ENGINE_SUBSTITUTION' */ ;
DELIMITER ;;
CREATE DEFINER=`root`@`localhost` PROCEDURE `obtener_metodos_pago_usuario`(pid_usuario int)
BEGIN
	SELECT
		*
	FROM METODOS_PAGO WHERE id_usuario = pid_usuario AND estado <> 0;
END ;;
DELIMITER ;
/*!50003 SET sql_mode              = @saved_sql_mode */ ;
/*!50003 SET character_set_client  = @saved_cs_client */ ;
/*!50003 SET character_set_results = @saved_cs_results */ ;
/*!50003 SET collation_connection  = @saved_col_connection */ ;
/*!50003 DROP PROCEDURE IF EXISTS `obtener_platos` */;
/*!50003 SET @saved_cs_client      = @@character_set_client */ ;
/*!50003 SET @saved_cs_results     = @@character_set_results */ ;
/*!50003 SET @saved_col_connection = @@collation_connection */ ;
/*!50003 SET character_set_client  = utf8 */ ;
/*!50003 SET character_set_results = utf8 */ ;
/*!50003 SET collation_connection  = utf8_general_ci */ ;
/*!50003 SET @saved_sql_mode       = @@sql_mode */ ;
/*!50003 SET sql_mode              = 'STRICT_TRANS_TABLES,NO_ENGINE_SUBSTITUTION' */ ;
DELIMITER ;;
CREATE DEFINER=`root`@`%` PROCEDURE `obtener_platos`()
BEGIN
	SELECT
		id_plato,
		nombre_plato,
		precio_plato,
		nombre_tipo,
		activo
	FROM PLATOS AS pa
	INNER JOIN TIPO_PLATO AS ti ON ti.id_tipo = pa.id_tipo
	ORDER BY id_plato;

END ;;
DELIMITER ;
/*!50003 SET sql_mode              = @saved_sql_mode */ ;
/*!50003 SET character_set_client  = @saved_cs_client */ ;
/*!50003 SET character_set_results = @saved_cs_results */ ;
/*!50003 SET collation_connection  = @saved_col_connection */ ;
/*!50003 DROP PROCEDURE IF EXISTS `obtener_reporte_platos` */;
/*!50003 SET @saved_cs_client      = @@character_set_client */ ;
/*!50003 SET @saved_cs_results     = @@character_set_results */ ;
/*!50003 SET @saved_col_connection = @@collation_connection */ ;
/*!50003 SET character_set_client  = utf8 */ ;
/*!50003 SET character_set_results = utf8 */ ;
/*!50003 SET collation_connection  = utf8_general_ci */ ;
/*!50003 SET @saved_sql_mode       = @@sql_mode */ ;
/*!50003 SET sql_mode              = 'STRICT_TRANS_TABLES,NO_ENGINE_SUBSTITUTION' */ ;
DELIMITER ;;
CREATE DEFINER=`root`@`%` PROCEDURE `obtener_reporte_platos`(pfecha_inicio date, pfecha_final date)
BEGIN
	SELECT 
		hora,
		MAX(cantidad_platos) AS cant_platos,
		nombre_plato
	FROM
		(SELECT
			CONCAT(HOUR(fa.fecha_hora), ":00") AS hora,
			COUNT(1) AS cantidad_platos,
			pa.nombre_plato
		FROM PLATOS_X_ORDEN AS po
		INNER JOIN PLATOS AS pa ON pa.id_plato = po.id_plato
		INNER JOIN ORDENES AS ord ON ord.id_orden = po.id_orden
		INNER JOIN FACTURAS AS fa ON ord.id_orden = fa.id_orden
		WHERE fa.estado = 'Facturada'
		AND DATE(fa.fecha_hora) BETWEEN pfecha_inicio AND pfecha_final
		GROUP BY HOUR(fa.fecha_hora),
			po.id_plato
		) T1
	GROUP BY hora
    ORDER BY cant_platos DESC;
END ;;
DELIMITER ;
/*!50003 SET sql_mode              = @saved_sql_mode */ ;
/*!50003 SET character_set_client  = @saved_cs_client */ ;
/*!50003 SET character_set_results = @saved_cs_results */ ;
/*!50003 SET collation_connection  = @saved_col_connection */ ;
/*!50003 DROP PROCEDURE IF EXISTS `obtener_usuarios` */;
/*!50003 SET @saved_cs_client      = @@character_set_client */ ;
/*!50003 SET @saved_cs_results     = @@character_set_results */ ;
/*!50003 SET @saved_col_connection = @@collation_connection */ ;
/*!50003 SET character_set_client  = utf8 */ ;
/*!50003 SET character_set_results = utf8 */ ;
/*!50003 SET collation_connection  = utf8_general_ci */ ;
/*!50003 SET @saved_sql_mode       = @@sql_mode */ ;
/*!50003 SET sql_mode              = 'STRICT_TRANS_TABLES,NO_ENGINE_SUBSTITUTION' */ ;
DELIMITER ;;
CREATE DEFINER=`root`@`localhost` PROCEDURE `obtener_usuarios`()
BEGIN
	SELECT id_usuario,
		nombre_completo,
        nombre_puesto,
        estado_usuario
	FROM USUARIOS
	LEFT JOIN PUESTOS
	ON USUARIOS.id_puesto = PUESTOS.id_puesto;
END ;;
DELIMITER ;
/*!50003 SET sql_mode              = @saved_sql_mode */ ;
/*!50003 SET character_set_client  = @saved_cs_client */ ;
/*!50003 SET character_set_results = @saved_cs_results */ ;
/*!50003 SET collation_connection  = @saved_col_connection */ ;
/*!50003 DROP PROCEDURE IF EXISTS `registrar_actividad` */;
/*!50003 SET @saved_cs_client      = @@character_set_client */ ;
/*!50003 SET @saved_cs_results     = @@character_set_results */ ;
/*!50003 SET @saved_col_connection = @@collation_connection */ ;
/*!50003 SET character_set_client  = utf8 */ ;
/*!50003 SET character_set_results = utf8 */ ;
/*!50003 SET collation_connection  = utf8_general_ci */ ;
/*!50003 SET @saved_sql_mode       = @@sql_mode */ ;
/*!50003 SET sql_mode              = 'STRICT_TRANS_TABLES,NO_ENGINE_SUBSTITUTION' */ ;
DELIMITER ;;
CREATE DEFINER=`root`@`%` PROCEDURE `registrar_actividad`(paccion varchar(20), pid_usuario int,
	-- pdescripcion varchar(50),
	pid_plato int, pid_puesto int, pusuario_alterado int, pid_mesa int, pid_factura int, pid_orden int,
    pid_reservacion int, pid_metodo int)
BEGIN
	
    INSERT INTO `BITACORA` (`fecha_hora`,
		`accion`,
		`id_usuario`,
        `id_plato`,
        `id_puesto`,
        `usuario_alterado`,
        `id_mesa`,
        `id_factura`,
        `id_orden`,
        `id_reservacion`,
        `id_metodo`)
	VALUES (NOW(),
		paccion,
        pid_usuario,
        pid_plato,
        pid_puesto,
        pusuario_alterado,
        pid_mesa,
        pid_factura,
        pid_orden,
        pid_reservacion,
        pid_metodo);
	
END ;;
DELIMITER ;
/*!50003 SET sql_mode              = @saved_sql_mode */ ;
/*!50003 SET character_set_client  = @saved_cs_client */ ;
/*!50003 SET character_set_results = @saved_cs_results */ ;
/*!50003 SET collation_connection  = @saved_col_connection */ ;
/*!50003 DROP PROCEDURE IF EXISTS `validacion_modificacion_metodo` */;
/*!50003 SET @saved_cs_client      = @@character_set_client */ ;
/*!50003 SET @saved_cs_results     = @@character_set_results */ ;
/*!50003 SET @saved_col_connection = @@collation_connection */ ;
/*!50003 SET character_set_client  = utf8 */ ;
/*!50003 SET character_set_results = utf8 */ ;
/*!50003 SET collation_connection  = utf8_general_ci */ ;
/*!50003 SET @saved_sql_mode       = @@sql_mode */ ;
/*!50003 SET sql_mode              = 'STRICT_TRANS_TABLES,NO_ENGINE_SUBSTITUTION' */ ;
DELIMITER ;;
CREATE DEFINER=`root`@`localhost` PROCEDURE `validacion_modificacion_metodo`(pid_usuario int, pnumero_tarjeta varchar(30),
	pnombre_tarjeta varchar(30), panio_vencimiento int, pmes_vencimiento int, pid_metodo int)
BEGIN
	SELECT * FROM METODOS_PAGO 
	WHERE id_usuario = pid_usuario
	AND numero_tarjeta = pnumero_tarjeta
	AND nombre_tarjeta = pnombre_tarjeta
	AND anio_vencimiento = panio_vencimiento
	AND mes_vencimiento = pmes_vencimiento
	AND estado = 1
	AND id_metodo <> pid_metodo;
END ;;
DELIMITER ;
/*!50003 SET sql_mode              = @saved_sql_mode */ ;
/*!50003 SET character_set_client  = @saved_cs_client */ ;
/*!50003 SET character_set_results = @saved_cs_results */ ;
/*!50003 SET collation_connection  = @saved_col_connection */ ;
/*!50003 DROP PROCEDURE IF EXISTS `validacion_usuario` */;
/*!50003 SET @saved_cs_client      = @@character_set_client */ ;
/*!50003 SET @saved_cs_results     = @@character_set_results */ ;
/*!50003 SET @saved_col_connection = @@collation_connection */ ;
/*!50003 SET character_set_client  = utf8 */ ;
/*!50003 SET character_set_results = utf8 */ ;
/*!50003 SET collation_connection  = utf8_general_ci */ ;
/*!50003 SET @saved_sql_mode       = @@sql_mode */ ;
/*!50003 SET sql_mode              = 'STRICT_TRANS_TABLES,NO_ENGINE_SUBSTITUTION' */ ;
DELIMITER ;;
CREATE DEFINER=`root`@`localhost` PROCEDURE `validacion_usuario`(pnombre_usuario varchar(50), pcedula varchar(50),
	pid_usuario int)
BEGIN
	SELECT * FROM USUARIOS
    WHERE (nombre_usuario = pnombre_usuario OR cedula = pcedula)
	AND id_usuario <> pid_usuario;
END ;;
DELIMITER ;
/*!50003 SET sql_mode              = @saved_sql_mode */ ;
/*!50003 SET character_set_client  = @saved_cs_client */ ;
/*!50003 SET character_set_results = @saved_cs_results */ ;
/*!50003 SET collation_connection  = @saved_col_connection */ ;
/*!50003 DROP PROCEDURE IF EXISTS `verDatosGenerles` */;
/*!50003 SET @saved_cs_client      = @@character_set_client */ ;
/*!50003 SET @saved_cs_results     = @@character_set_results */ ;
/*!50003 SET @saved_col_connection = @@collation_connection */ ;
/*!50003 SET character_set_client  = utf8 */ ;
/*!50003 SET character_set_results = utf8 */ ;
/*!50003 SET collation_connection  = utf8_general_ci */ ;
/*!50003 SET @saved_sql_mode       = @@sql_mode */ ;
/*!50003 SET sql_mode              = 'STRICT_TRANS_TABLES,NO_ENGINE_SUBSTITUTION' */ ;
DELIMITER ;;
CREATE DEFINER=`root`@`localhost` PROCEDURE `verDatosGenerles`()
BEGIN
	SELECT * from GENERAL ORDER BY id DESC LIMIT 1;
END ;;
DELIMITER ;
/*!50003 SET sql_mode              = @saved_sql_mode */ ;
/*!50003 SET character_set_client  = @saved_cs_client */ ;
/*!50003 SET character_set_results = @saved_cs_results */ ;
/*!50003 SET collation_connection  = @saved_col_connection */ ;
/*!50003 DROP PROCEDURE IF EXISTS `verOrdenes` */;
/*!50003 SET @saved_cs_client      = @@character_set_client */ ;
/*!50003 SET @saved_cs_results     = @@character_set_results */ ;
/*!50003 SET @saved_col_connection = @@collation_connection */ ;
/*!50003 SET character_set_client  = utf8 */ ;
/*!50003 SET character_set_results = utf8 */ ;
/*!50003 SET collation_connection  = utf8_general_ci */ ;
/*!50003 SET @saved_sql_mode       = @@sql_mode */ ;
/*!50003 SET sql_mode              = 'STRICT_TRANS_TABLES,NO_ENGINE_SUBSTITUTION' */ ;
DELIMITER ;;
CREATE DEFINER=`root`@`localhost` PROCEDURE `verOrdenes`(`porden_id` INT)
    NO SQL
select 
	DISTINCT nombre_plato,
    precio_plato
from PLATOS AS pa
INNER JOIN PLATOS_X_ORDEN AS po ON pa.id_plato = po.id_plato
INNER JOIN ORDENES AS o ON o.id_orden = po.id_orden
WHERE po.id_orden=porden_id
AND tipo_orden <> 3 ;;
DELIMITER ;
/*!50003 SET sql_mode              = @saved_sql_mode */ ;
/*!50003 SET character_set_client  = @saved_cs_client */ ;
/*!50003 SET character_set_results = @saved_cs_results */ ;
/*!50003 SET collation_connection  = @saved_col_connection */ ;
/*!50003 DROP PROCEDURE IF EXISTS `verReservacionesPorUsuario` */;
/*!50003 SET @saved_cs_client      = @@character_set_client */ ;
/*!50003 SET @saved_cs_results     = @@character_set_results */ ;
/*!50003 SET @saved_col_connection = @@collation_connection */ ;
/*!50003 SET character_set_client  = utf8 */ ;
/*!50003 SET character_set_results = utf8 */ ;
/*!50003 SET collation_connection  = utf8_general_ci */ ;
/*!50003 SET @saved_sql_mode       = @@sql_mode */ ;
/*!50003 SET sql_mode              = 'STRICT_TRANS_TABLES,NO_ENGINE_SUBSTITUTION' */ ;
DELIMITER ;;
CREATE DEFINER=`root`@`localhost` PROCEDURE `verReservacionesPorUsuario`(IN `pid` INT(11))
    NO SQL
SELECT DATE(hora_reservacion) AS Fecha, HOUR(hora_reservacion) AS hora, id_reservacion , MESAS.nombre_mesa FROM RESERVACIONES 
INNER JOIN MESAS ON RESERVACIONES.id_mesa = MESAS.id_mesa
WHERE id_usuario = pid ;;
DELIMITER ;
/*!50003 SET sql_mode              = @saved_sql_mode */ ;
/*!50003 SET character_set_client  = @saved_cs_client */ ;
/*!50003 SET character_set_results = @saved_cs_results */ ;
/*!50003 SET collation_connection  = @saved_col_connection */ ;
/*!50003 DROP PROCEDURE IF EXISTS `verSoloFacturadas` */;
/*!50003 SET @saved_cs_client      = @@character_set_client */ ;
/*!50003 SET @saved_cs_results     = @@character_set_results */ ;
/*!50003 SET @saved_col_connection = @@collation_connection */ ;
/*!50003 SET character_set_client  = utf8 */ ;
/*!50003 SET character_set_results = utf8 */ ;
/*!50003 SET collation_connection  = utf8_general_ci */ ;
/*!50003 SET @saved_sql_mode       = @@sql_mode */ ;
/*!50003 SET sql_mode              = 'STRICT_TRANS_TABLES,NO_ENGINE_SUBSTITUTION' */ ;
DELIMITER ;;
CREATE DEFINER=`root`@`localhost` PROCEDURE `verSoloFacturadas`()
    NO SQL
SELECT * FROM FACTURAS WHERE estado = 'Facturada' ;;
DELIMITER ;
/*!50003 SET sql_mode              = @saved_sql_mode */ ;
/*!50003 SET character_set_client  = @saved_cs_client */ ;
/*!50003 SET character_set_results = @saved_cs_results */ ;
/*!50003 SET collation_connection  = @saved_col_connection */ ;
/*!50003 DROP PROCEDURE IF EXISTS `verTodasLasFacturas` */;
/*!50003 SET @saved_cs_client      = @@character_set_client */ ;
/*!50003 SET @saved_cs_results     = @@character_set_results */ ;
/*!50003 SET @saved_col_connection = @@collation_connection */ ;
/*!50003 SET character_set_client  = utf8 */ ;
/*!50003 SET character_set_results = utf8 */ ;
/*!50003 SET collation_connection  = utf8_general_ci */ ;
/*!50003 SET @saved_sql_mode       = @@sql_mode */ ;
/*!50003 SET sql_mode              = 'STRICT_TRANS_TABLES,NO_ENGINE_SUBSTITUTION' */ ;
DELIMITER ;;
CREATE DEFINER=`root`@`localhost` PROCEDURE `verTodasLasFacturas`()
    NO SQL
SELECT
		id_factura,
		id_orden,
		id_cajero,
		id_cliente,
		fecha_hora,
		CONCAT(descuento, '%') AS descuento,
		total,
		estado
	FROM FACTURAS ;;
DELIMITER ;
/*!50003 SET sql_mode              = @saved_sql_mode */ ;
/*!50003 SET character_set_client  = @saved_cs_client */ ;
/*!50003 SET character_set_results = @saved_cs_results */ ;
/*!50003 SET collation_connection  = @saved_col_connection */ ;
/*!50003 DROP PROCEDURE IF EXISTS `verUltimaOrden` */;
/*!50003 SET @saved_cs_client      = @@character_set_client */ ;
/*!50003 SET @saved_cs_results     = @@character_set_results */ ;
/*!50003 SET @saved_col_connection = @@collation_connection */ ;
/*!50003 SET character_set_client  = utf8 */ ;
/*!50003 SET character_set_results = utf8 */ ;
/*!50003 SET collation_connection  = utf8_general_ci */ ;
/*!50003 SET @saved_sql_mode       = @@sql_mode */ ;
/*!50003 SET sql_mode              = 'STRICT_TRANS_TABLES,NO_ENGINE_SUBSTITUTION' */ ;
DELIMITER ;;
CREATE DEFINER=`root`@`localhost` PROCEDURE `verUltimaOrden`()
    NO SQL
select distinct id_orden from ORDENES order by id_orden DESC LIMIT 1 ;;
DELIMITER ;
/*!50003 SET sql_mode              = @saved_sql_mode */ ;
/*!50003 SET character_set_client  = @saved_cs_client */ ;
/*!50003 SET character_set_results = @saved_cs_results */ ;
/*!50003 SET collation_connection  = @saved_col_connection */ ;
/*!50003 DROP PROCEDURE IF EXISTS `ver_platos` */;
/*!50003 SET @saved_cs_client      = @@character_set_client */ ;
/*!50003 SET @saved_cs_results     = @@character_set_results */ ;
/*!50003 SET @saved_col_connection = @@collation_connection */ ;
/*!50003 SET character_set_client  = utf8 */ ;
/*!50003 SET character_set_results = utf8 */ ;
/*!50003 SET collation_connection  = utf8_general_ci */ ;
/*!50003 SET @saved_sql_mode       = @@sql_mode */ ;
/*!50003 SET sql_mode              = 'STRICT_TRANS_TABLES,NO_ENGINE_SUBSTITUTION' */ ;
DELIMITER ;;
CREATE DEFINER=`root`@`localhost` PROCEDURE `ver_platos`()
    NO SQL
select * from Platos ;;
DELIMITER ;
/*!50003 SET sql_mode              = @saved_sql_mode */ ;
/*!50003 SET character_set_client  = @saved_cs_client */ ;
/*!50003 SET character_set_results = @saved_cs_results */ ;
/*!50003 SET collation_connection  = @saved_col_connection */ ;
/*!40103 SET TIME_ZONE=@OLD_TIME_ZONE */;

/*!40101 SET SQL_MODE=@OLD_SQL_MODE */;
/*!40014 SET FOREIGN_KEY_CHECKS=@OLD_FOREIGN_KEY_CHECKS */;
/*!40014 SET UNIQUE_CHECKS=@OLD_UNIQUE_CHECKS */;
/*!40101 SET CHARACTER_SET_CLIENT=@OLD_CHARACTER_SET_CLIENT */;
/*!40101 SET CHARACTER_SET_RESULTS=@OLD_CHARACTER_SET_RESULTS */;
/*!40101 SET COLLATION_CONNECTION=@OLD_COLLATION_CONNECTION */;
/*!40111 SET SQL_NOTES=@OLD_SQL_NOTES */;

-- Dump completed on 2015-08-27  1:46:05
